Lab_Number,sample_description,parser_output,prediction,ground_truth
P1401505,"Wszystkie oznaczone pierwiastki prezentują stabilny trend. Poziom cynku i fosforu podwyższony, nie krytycznie. Pozostałe oznaczenia w normie. Zalecenia i wnioski: Podwyższony poziom cynku i fosforu może wskazywać na zastosowanie na dolewki oleju innego typu. Na dolewki stosować olej wg DTR. Cynk w połączeniu z miedzią może wskazywać na zużycie /korozję elementów mosiężnych. Cynk jest stosowany również jako  składnik farb. Wykonać badanie kolejnej próbki wg przyjętego programu diagnostyki olejowej. Wykonać badanie próbki oleju stosowanego na dolewki.","{""cynk"": ""podniesiony"", ""fosfor"": ""podniesiony""}",1,W NORMIE
P1401770,"Cynk i fosfor lekko podwyższone, znajdują się w dopuszczalnym przedziale, prezentują stabilny trend. Zalecenia i wnioski: Podwyższony poziom cynku i fosforu może wskazywać na zastosowanie na dolewki oleju innego typu. Na dolewki stosować olej wg DTR. Cynk w połączeniu z miedzią może wskazywać na zużycie /korozję elementów mosiężnych. Cynk jest stosowany również jako  składnik farb. Wykonać badanie kolejnej próbki wg przyjętego programu diagnostyki olejowej. Wykonać badanie próbki oleju stosowanego na dolewki.","{""cynk"": ""lekko_podniesiony"", ""fosfor"": ""lekko_podniesiony""}",1,W NORMIE
P1401785,"Poziom cynku, fosforu i sodu lekko podwyższony, znajdują się dopuszczalnym przedziale.. Zalecenia i wnioski: Podwyższony poziom cynku i fosforu może wskazywać na zastosowanie na dolewki oleju innego typu. Cynk może pochodzić z metalurgii smarowanych elementów np. w połączeniu z miedzią może wskazywać na zużycie /korozję elementów mosiężnych. Cynk jest stosowany również jako składnik farb. Wykonać badanie kolejnej próbki wg przyjętego programu diagnostyki olejowej. Wykonać badanie próbki oleju stosowanego na dolewki. Na dolewki stosować olej wg DTR","{""sód"": ""lekko_podniesiony"", ""cynk"": ""lekko_podniesiony"", ""fosfor"": ""lekko_podniesiony""}",1,W NORMIE
P1500986,"Poziom cynku i fosforu podwyższony, powyżej poziomu dopuszczalnego, w 
porównaniu z poprzednią próbką zauważalny stabilny trend.

Zalecenia i wnioski:
Wykonać badanie kolejnej próbki wg przyjętego programu diagnostyki olejowej.","{""cynk"": ""podniesiony"", ""fosfor"": ""podniesiony""}",0,W NORMIE
P1501244,"Poziom cynku i fosforu podwyższony, trend stabilny. Wszystkie pozostałe 
parametry znajdują się w dopuszczalnym przedziale.

Zalecenia i wnioski:
Wykonać badanie kolejnej próbki wg przyjętego programu diagnostyki olejowej.","{""pozostałe_parametry"": ""w_dopuszczalnym_zakresie"", ""cynk"": ""podniesiony"", ""fosfor"": ""podniesiony""}",1,W NORMIE
P1501659,"PQ indeks informujący o magnetycznych cząstkach zużyciowych (żelazny ścier) w 
normie. W efekcie zużycia poziom żelaza pierwiastkowego (cząstki <5um) 
podwyższony, trend stabilny.  Poziom krzemu podwyższony, wskazuje na kurz i/lub 
elastyczne uszczelnienia, pasty montażowe, smar na bazie silikonów, trend 
stabilny. W efekcie zużycia komponentów silnika podwyższony poziom miedzi i 
antymonu (np. brąz, mosiądz,  łożyska ślizgowe) i ołowiu (np. łożyska ślizgowe, 
łożyska korbowodu), stabilny trend.  Poziom sodu lekko podwyższony, w 
porównaniu z ostatnim badaniem nastąpił znaczny spadek.

Zalecenia i wnioski:
W celu śledzenia trendu zmian zalecamy prowadzić regularny monitoring 
własności fizykochemicznych oleju, co 500-1000h pracy.","{""pq_indeks"": ""w_normie"", ""żelazo"": ""podniesiony"", ""krzem"": ""podniesiony"", ""miedź"": ""podniesiony"", ""sód"": ""lekko_podniesiony""}",1,W NORMIE
P1501720,"Cynk i fosfor podwyższone, trend stabilny. Pozostałe znaczone paramenty 
znajdują się w normalnym dopuszczalnym przedziale.

Zalecenia i wnioski: 
Cynk i fosfor świadczą o zmieszaniu z olejem innego typu. Na uzupełnienia 
stosować olej zgodny z DTR, nie mieszać różnych typów olejów. Wykonać badanie 
kolejnej próbki wg przyjętego programu diagnostyki olejowej.","{""cynk"": ""podniesiony"", ""fosfor"": ""podniesiony""}",1,W NORMIE
P1502478,"Poziom cynku i fosforu lekko podwyższony. Oznaczone pierwiastki prezentują 
stabilny trend.

Wnioski i zalecenia:
Obserwować zmiany w następnej analizie. Wykonać badanie kolejnej próbki 
zgodnie z przyjętyp programem diagnostyki olejowej.","{""cynk"": ""lekko_podniesiony"", ""fosfor"": ""lekko_podniesiony""}",1,W NORMIE
P1502556,"Poziom cynku i fosforu lekko podwyższony, trend stabilny.  Wszystkie pozostałe 
oznaczone pierwiastki prezentują stabilny trend.

Wnioski i zalecenia:
Obserwować zmiany w następnej analizie. Wykonać badanie kolejnej próbki 
zgodnie z przyjętym programem diagnostyki olejowej.","{""cynk"": ""lekko_podniesiony"", ""fosfor"": ""lekko_podniesiony""}",1,W NORMIE
P1502711,"Poziom cynku i fosforu lekko podwyższony, trend stabilny. Pozostałe oznaczenia 
znajdują się w normalnym dopuszczalnym przedziale.

Zalecenia i wnioski:
Proszę obserwować zmiany w następnej analizie. Wykonać kolejne badanie zgodnie 
z przyjętym harmonogramem diagnostyki olejowej.","{""cynk"": ""lekko_podniesiony"", ""fosfor"": ""lekko_podniesiony""}",0,W NORMIE
P1502976,"Poziom cynku i fosforu lekko podwyższony, pozostałe parametry znajdują się w 
dopuszczalnym przedziale.

Zalecenia i wnioski:

Proszę obserwować zmiany w następnej analizie. Wykonać badanie kolejnej próbki 
zgodnie z przyjętym programem diagnostyki olejowej.","{""pozostałe_parametry"": ""w_dopuszczalnym_zakresie"", ""cynk"": ""lekko_podniesiony"", ""fosfor"": ""lekko_podniesiony""}",1,W NORMIE
P1502977,"Poziom cynku i fosforu lekko podwyższony, pozostałe parametry znajdują się w 
dopuszczalnym przedziale.

Zalecenia i wnioski:

Proszę obserwować zmiany w następnej analizie. Wykonać badanie kolejnej próbki 
zgodnie z przyjętym programem diagnostyki olejowej","{""pozostałe_parametry"": ""w_dopuszczalnym_zakresie"", ""cynk"": ""lekko_podniesiony"", ""fosfor"": ""lekko_podniesiony""}",1,W NORMIE
P1502983,"Poziom cynku i fosforu podwyższony, trend jednak jest stabilny. Wszystkie 
pozostałe oznaczenie znajdują się w normalnym, dopuszczalnym przedziale.

Zalecenia i wnioski:
Proszę obserwować zmiany w następnej analizie. Wykonać kolejne badanie zgodnie 
z przyjętym harmonogramem diagnostyki olejowej.","{""cynk"": ""podniesiony"", ""fosfor"": ""podniesiony""}",1,W NORMIE
P1503411,"Zawartość wody w normie. Poziom miedzi  podniesiony.  Oznaczona lepkość w 
normie. Nie stwierdzono zanieczyszczenia  glikolem. Temperatura zapłonu w 
normie. Zawartość paliwa lekko podniesiona, w granicach normy.

Wnioski i zalecenia:  
Wszystkie oznaczone parametry znajdują się w dopuszczalnym przedziale. Proszę 
obserwować zmiany w następnej analizie.  Wykonać badanie kolejnej próbki 
zgodnie z przyjętym programem diagnostyki olejowej.","{""woda"": ""w_normie"", ""miedź"": ""podniesiony"", ""lepkość"": ""w_normie"", ""glikol"": ""brak_wykrycia"", ""temperatura_zapłonu"": ""w_normie"", ""paliwo"": ""lekko_podniesiony""}",2,W NORMIE
P1503677,"Poziom cynku i   fosforu podwyższony, na charakterystyce trendu poziom cynku i 
fosforu stabilny. Wszystkie pozostałe oznaczenie znajdują się w normalnym, 
dopuszczalnym przedziale. 

Zalecenia i wnioski:
Proszę obserwować zmiany w następnej analizie. Wykonać kolejne badanie zgodnie 
z przyjętym harmonogramem diagnostyki olejowej.","{""cynk"": ""podniesiony"", ""fosfor"": ""podniesiony""}",2,W NORMIE
P1503735,"Oznaczona lepkość w normie. Temperatura zapłonu nieznacznie poniżej wymagań. 
Poziom krzemu lekko podniesiony, mieści się jednak w zakresie dopuszczalnym. 
Wszystkie pozostałe oznaczenia w normie.

Zalecenia i wnioski:
Proszę obserwować zmiany w następnej analizie. W celu obserwacji trendu 
wykonać badanie kolejnej zgodnie z przyjętym programem diagnostyki olejowej.","{""lepkość"": ""w_normie"", ""temperatura_zapłonu"": ""obniżony"", ""krzem"": ""lekko_podniesiony""}",1,W NORMIE
P1503751,"Poziom miedzi lekko podniesiony, trend stabilny. Temperatura zapłonu 
nieznacznie poniżej wymagań. Wszystkie pozostałe o
znaczone parametry znajdują się w dopuszczalnym przedziale. 

Wnioski i zalecenia: 
Proszę obserwować zmiany w następnej analizie. Wykonać kolejne badanie zgodnie 
z przyjętym harmonogramem diagnostyki olejowej.","{""pozostałe_parametry"": ""w_dopuszczalnym_zakresie"", ""miedź"": ""lekko_podniesiony"", ""temperatura_zapłonu"": ""obniżony""}",1,W NORMIE
P1600037,"Poziom cynku i fosforu podniesiony, trend stabilny. Wszystkie oznaczenie 
znajdują się w normalnym, dopuszczalnym przedziale. 

Zalecenia i wnioski:
Proszę obserwować zmiany w następnej analizie. Wykonać kolejne badanie zgodnie 
z przyjętym harmonogramem diagnostyki olejowej.","{""cynk"": ""podniesiony"", ""fosfor"": ""podniesiony""}",1,W NORMIE
P1600135,"Poziom metalicznych produktów zużycia w normie. Poziom krzemu podniesiony, 
wskazuje na komponenty biogazu i/lub kurz z otoczenia, elastyczne 
uszczelniania, materiały montażowe, bądź smar na bazie silikonu. Oznaczona 
lepkość w normie. Rezerwa alkaliczna (liczba zasadowa) w normie. Liczba kwasowa 
lekko podniesiona.

Zalecenia i wnioski:
Olej kwalifikuje się do dalszej eksploatacji, wykonać badanie kolejnej próbki 
zgodnie z przyjętym programem diagnostyki olejowej, nie później niż za 200h 
pracy.","{""metale_zużyciowe"": ""w_normie"", ""krzem"": ""podniesiony"", ""lepkość"": ""w_normie"", ""liczba_zasadowa"": ""w_normie"", ""rezerwa_alkaliczna"": ""w_normie"", ""liczba_kwasowa"": ""lekko_podniesiony""}",2,W NORMIE
P1600158,"Poziom paliwa lekko podniesiony. Temperatura zapłonu nieznacznie poniżej 
wymagań. Wszystkie pozostałe oznaczenia znajdują się w normalnym/dopuszczalnym 
przedziale.

Zalecenia i wnioski:

Proszę obserwować zmiany w następnej analizie. Wykonać kolejne badanie zgodnie 
z przyjętym harmonogramem diagnostyki olejowej.","{""paliwo"": ""lekko_podniesiony"", ""temperatura_zapłonu"": ""obniżony""}",1,W NORMIE
P1600164,"Poziom cynku i fosforu lekko podniesiony (wskazują na olej innego typu), trend
 stabilny. Wszystkie pozostałe oznaczone parametry w normie, wykazują 
stabilny trend. 

Zalecenia i wnioski: 
Na dolewki stosować 
olej zgodny z DTR. Przesłać do badania kolejną próbkę zgodnie z 
przyjętym harmonogramem diagnostyki olejowej.","{""pozostałe_parametry"": ""w_normie"", ""cynk"": ""lekko_podniesiony"", ""fosfor"": ""lekko_podniesiony""}",1,W NORMIE
P1600165,"Poziom cynku i fosforu lekko podniesiony (wskazują na olej innego typu), trend
 stabilny. Wszystkie pozostałe oznaczone parametry w normie, wykazują 
stabilny trend. 

Zalecenia i wnioski: 
Na dolewki stosować 
olej zgodny z DTR. Przesłać do badania kolejną próbkę zgodnie z 
przyjętym harmonogramem diagnostyki olejowej.","{""pozostałe_parametry"": ""w_normie"", ""cynk"": ""lekko_podniesiony"", ""fosfor"": ""lekko_podniesiony""}",1,W NORMIE
P1600636,"Poziom cynku i fosforu podniesiony. Pozostałe parametry  znajdują się w 
normalnym/dopuszczalnym przedziale, prezentują stabilny trend.

Zalecenia i wnioski: 
W celu obserwacji trendu przesłać do badania kolejną próbkę zgodnie z 
przyjętym harmonogramem diagnostyki olejowej.","{""cynk"": ""podniesiony"", ""fosfor"": ""podniesiony""}",1,W NORMIE
P1600637,"Poziom cynku i fosforu podniesiony, trend stabilny.  Pozostałe parametry  
znajdują się w normalnym/dopuszczalnym przedziale, prezentują stabilny trend.

Zalecenia i wnioski: 
W celu obserwacji trendu przesłać do badania kolejną próbkę zgodnie z 
przyjętym harmonogramem diagnostyki olejowej.","{""cynk"": ""podniesiony"", ""fosfor"": ""podniesiony""}",1,W NORMIE
P1600751,"W efekcie zużycia i/lub korozji poziom miedzi i ołowiu podniesiony. Wszystkie 
oznaczone parametry znajdują się w normalnym dopuszczalnym przedziale.

Zalecenia i wnioski:
Obserwować zmiany w następnej analizie.  Wykonać badanie kolejnej próbki 
zgodnie z przyjętym programem diagnostyki olejowej.","{""miedź"": ""podniesiony"", ""ołów"": ""podniesiony""}",1,W NORMIE
P1600881,"Poziom cynku i fosforu podniesiony, trend stabilny. Wszystkie pozostałe 
oznaczenia znajdują się w normalnym zakresie.

Zalecenia i wnioski:
Na dolewki stosować olej zgodny z DTR. Przesłać do badania kolejną próbkę 
zgodnie z przyjętym harmonogramem diagnostyki olejowej.","{""cynk"": ""podniesiony"", ""fosfor"": ""podniesiony""}",1,W NORMIE
P1600897,"Poziom metalicznych produktów zużycia oznaczony w badaniu pierwiastków 
(cząstki o rozmiarach <5um) w normie. Poziom krzemu podwyższony, 
może pochodzić z komponentów  biogazu i/lub wskazywać na kurz z 
otoczenia i/lub elastyczne uszczelniania, materiały 
montażowe, bądź olej/smar na bazie silikonu, trend stabilny. Zawartość wody w 
normie.
Oznaczona lepkość w normie. Liczba zasadowa lekko obniżona. Liczba 
kwasowa lekko podniesiona. Nie stwierdzono niepokojącej oksydacji.

Wnioski i zalecenia:
Olej kwalifikuje się do dalszej eksploatacji. Prowadzić regularny 
monitoring własności fizykochemicznych oleju. Przysłać do badania 
kolejną próbkę oleju nie później niż po 250h pracy","{""metale_zużyciowe"": ""w_normie"", ""krzem"": ""podniesiony"", ""woda"": ""w_normie"", ""lepkość"": ""w_normie"", ""liczba_zasadowa"": ""lekko_obniżony"", ""liczba_kwasowa"": ""lekko_podniesiony"", ""oksydacja"": ""brak_wykrycia""}",2,W NORMIE
P1600910,"Poziom metalicznych produktów zużycia w normie.  Poziom krzemu lekko 
podniesiony, wskazuje na komponenty biogazu i/lub kurz z otoczenia, elastyczne 
uszczelniania, materiały montażowe, bądź smar na bazie silikonu. Oznaczona 
lepkość kinematyczna w normie. Rezerwa alkaliczna (liczba zasadowa) w normie. 
Liczba kwasowa lekko podniesiona.

Zalecenia i wnioski:
Olej kwalifikuje się do dalszej eksploatacji, wykonać badanie kolejnej próbki 
zgodnie z przyjętym programem diagnostyki olejowej, nie później niż za 200h 
pracy.","{""metale_zużyciowe"": ""w_normie"", ""krzem"": ""lekko_podniesiony"", ""lepkość"": ""w_normie"", ""liczba_zasadowa"": ""w_normie"", ""rezerwa_alkaliczna"": ""w_normie"", ""liczba_kwasowa"": ""lekko_podniesiony""}",0,W NORMIE
P1600911,"Poziom metalicznych produktów zużycia w normie, oznaczone metale zużyciowe 
wykazują stabilny trend. Poziom krzemu podniesiony,  trend stabilny, wskazuje 
na komponenty biogazu i/lub kurz z otoczenia, elastyczne uszczelniania, 
materiały montażowe, bądź smar na bazie silikonu. Lepkość kinematyczna w 
normie. Liczba zasadowa w normie, nieznaczny spadek od ostatniego badania.  
Liczba kwasowa podniesiona, nie krytycznie

Zalecenia i wnioski:
Olej kwalifikuje się do dalszej eksploatacji, wykonać badanie kolejnej próbki 
zgodnie z przyjętym programem diagnostyki olejowej, nie później niż za 200h 
pracy.","{""metale_zużyciowe"": ""w_normie"", ""krzem"": ""podniesiony"", ""lepkość"": ""w_normie"", ""liczba_zasadowa"": ""w_normie"", ""liczba_kwasowa"": ""podniesiony""}",0,W NORMIE
P1600912,"Poziom metalicznych produktów zużycia w normie. Poziom krzemu podniesiony, 
wskazuje na komponenty biogazu i/lub kurz z otoczenia, elastyczne 
uszczelniania, materiały montażowe, bądź smar na bazie silikonu. Oznaczona 
lepkość kinematyczna w normie. Rezerwa alkaliczna (liczba zasadowa) w normie. 
Liczba kwasowa podniesiona, nie krytycznie

Zalecenia i wnioski:
Wykonać badanie kolejnej próbki za 200h pracy.","{""metale_zużyciowe"": ""w_normie"", ""krzem"": ""podniesiony"", ""lepkość"": ""w_normie"", ""liczba_zasadowa"": ""w_normie"", ""rezerwa_alkaliczna"": ""w_normie"", ""liczba_kwasowa"": ""podniesiony""}",2,W NORMIE
P1601074,"Poziom cynku i fosforu podniesiony, trend stabilny. Wszystkie pozostałe 
oznaczone pierwiastki znajdują się w dopuszczalnych przedziałach.

Zalecenia i wnioski: 
Olej kwalifikuje się do dalszej eksploatacji. Obserwować zmiany w kolejnej 
analizie. Przesłać do badania kolejną próbkę zgodnie z przyjętym harmonogramem 
diagnostyki olejowej.","{""cynk"": ""podniesiony"", ""fosfor"": ""podniesiony""}",1,W NORMIE
P1601093,"Poziom krzemu podniesiony. Poziom miedzi lekko podniesiony. Wszystkie pozostałe 
oznaczone parametry znajdują się w dopuszczalnym przedziale.

Zalecenia i wnioski:
Dokonać przeglądu systemu doprowadzenia powietrza. Obserwować zmiany w 
następnej analizie.  Wykonać badanie kolejnej próbki zgodnie z przyjętym 
programem diagnostyki olejowej.","{""pozostałe_parametry"": ""w_dopuszczalnym_zakresie"", ""krzem"": ""podniesiony"", ""miedź"": ""lekko_podniesiony""}",1,W NORMIE
P1601094,"Poziom cynku i fosforu podniesiony, trend stabilny. Wszystkie pozostałe 
oznaczone pierwiastki znajdują się w dopuszczalnych przedziałach.

Zalecenia i wnioski: 
Olej kwalifikuje się do dalszej eksploatacji. Obserwować zmiany w kolejnej 
analizie. Przesłać do badania kolejną próbkę zgodnie z przyjętym harmonogramem 
diagnostyki olejowej.","{""cynk"": ""podniesiony"", ""fosfor"": ""podniesiony""}",1,W NORMIE
P1601095,"Poziom cynku i fosforu lekko  podniesiony, trend stabilny. Wszystkie pozostałe 
oznaczone pierwiastki znajdują się w dopuszczalnych przedziałach.

Zalecenia i wnioski: 
Olej kwalifikuje się do dalszej eksploatacji. Obserwować zmiany w kolejnej 
analizie. Przesłać do badania kolejną próbkę zgodnie z przyjętym harmonogramem 
diagnostyki olejowej.","{""cynk"": ""lekko_podniesiony"", ""fosfor"": ""lekko_podniesiony""}",1,W NORMIE
P1601173,"Poziom miedzi lekko podniesiony. Temperatura zapłonu poniżej wymagań. Pozostałe 
oznaczone parametry znajdują się w normalnym dopuszczalnym przedziale.

Zalecenia i wnioski:
Obserwować zmiany w następnej analizie.  Wykonać badanie kolejnej próbki 
zgodnie z przyjętym programem diagnostyki olejowej.","{""miedź"": ""lekko_podniesiony"", ""temperatura_zapłonu"": ""obniżony""}",1,W NORMIE
P1601203,"Poziom  fosforu i cynku  podwyższony, trend stabilny. Wszystkie pozostałe 
oznaczenie znajdują się w normalnym, dopuszczalnym przedziale.

Zalecenia i wnioski:
Proszę obserwować zmiany w następnej analizie. Wykonać kolejne badanie zgodnie 
z przyjętym harmonogramem diagnostyki olejowej.","{""cynk"": ""podniesiony"", ""fosfor"": ""podniesiony""}",0,W NORMIE
P1601207,"Poziom  fosforu i cynku lekko  podwyższony, trend stabilny. Wszystkie pozostałe 
oznaczenie znajdują się w normalnym, dopuszczalnym przedziale. 

Zalecenia i wnioski:
Proszę obserwować zmiany w następnej analizie. Wykonać kolejne badanie zgodnie 
z przyjętym harmonogramem diagnostyki olejowej.","{""cynk"": ""lekko_podniesiony"", ""fosfor"": ""lekko_podniesiony""}",1,W NORMIE
P1601268,"Poziom metalicznych produktów zużycia w normie, oznaczone metale zużyciowe 
wykazują stabilny trend. Poziom krzemu lekko podniesiony,  trend stabilny, 
wskazuje na komponenty biogazu i/lub kurz z otoczenia, elastyczne 
uszczelniania, materiały montażowe, bądź smar na bazie silikonu. Lepkość 
kinematyczna w normie. Liczba zasadowa w normie. Liczba kwasowa podniesiona, 
trend stabilny.

Zalecenia i wnioski:
Olej kwalifikuje się do dalszej eksploatacji, wykonać badanie kolejnej próbki 
zgodnie z przyjętym programem diagnostyki olejowej, nie później niż za 200h 
pracy.","{""metale_zużyciowe"": ""w_normie"", ""krzem"": ""lekko_podniesiony"", ""lepkość"": ""w_normie"", ""liczba_zasadowa"": ""w_normie"", ""liczba_kwasowa"": ""podniesiony""}",0,W NORMIE
P1601269,"Poziom metalicznych produktów zużycia w normie, oznaczone metale zużyciowe 
wykazują stabilny trend. Poziom krzemu lekko podniesiony,  trend stabilny, 
wskazuje na komponenty biogazu i/lub kurz z otoczenia, elastyczne 
uszczelniania, materiały montażowe, bądź smar na bazie silikonu. Lepkość 
kinematyczna w normie. Liczba zasadowa w normie. Liczba kwasowa podniesiona, 
trend stabilny.

Zalecenia i wnioski:
Olej kwalifikuje się do dalszej eksploatacji, wykonać badanie kolejnej próbki 
zgodnie z przyjętym programem diagnostyki olejowej, nie później niż za 200h 
pracy.","{""metale_zużyciowe"": ""w_normie"", ""krzem"": ""lekko_podniesiony"", ""lepkość"": ""w_normie"", ""liczba_zasadowa"": ""w_normie"", ""liczba_kwasowa"": ""podniesiony""}",0,W NORMIE
P1601270,"Poziom metalicznych produktów zużycia w normie, oznaczone metale zużyciowe 
wykazują stabilny trend. Poziom krzemu lekko podniesiony,  trend stabilny, 
wskazuje na komponenty biogazu i/lub kurz z otoczenia, elastyczne 
uszczelniania, materiały montażowe, bądź smar na bazie silikonu. Lepkość 
kinematyczna w normie. Liczba zasadowa w normie. Liczba kwasowa podniesiona.

Zalecenia i wnioski:
Olej kwalifikuje się do dalszej eksploatacji, wykonać badanie kolejnej próbki 
zgodnie z przyjętym programem diagnostyki olejowej, nie później niż za 200h 
pracy.","{""metale_zużyciowe"": ""w_normie"", ""krzem"": ""lekko_podniesiony"", ""lepkość"": ""w_normie"", ""liczba_zasadowa"": ""w_normie"", ""liczba_kwasowa"": ""podniesiony""}",0,W NORMIE
P1601416,"Poziom metalicznych produktów zużycia oznaczony w badaniu pierwiastków (cząstki 
o rozmiarach <5um) w normie. Poziom sodu lekko podwyższony, możliwe 
pochodzenie: jako pochodna zanieczyszczenia wodą i/lub glikolu (jako dodatek 
antykorozyjny) i/lub z powietrza, trend stabilny. Temperatura zapłonu 
nieznacznie  poniżej wymagań.

Wnioski i zalecenia:  
W celu obserwacji trendu proszę wykonać badanie kolejnej próbki zgodnie z 
przyjętym harmonogramem diagnostyki olejowej.","{""metale_zużyciowe"": ""w_normie"", ""glikol"": ""lekko_podniesiony"", ""sód"": ""lekko_podniesiony"", ""temperatura_zapłonu"": ""obniżony""}",1,W NORMIE
P1601492,"Poziom  fosforu i cynku  podwyższony, trend stabilny. Wszystkie pozostałe 
oznaczenie znajdują się w normalnym, dopuszczalnym przedziale.

Zalecenia i wnioski:
Proszę obserwować zmiany w następnej analizie. Wykonać kolejne badanie zgodnie 
z przyjętym harmonogramem diagnostyki olejowej.","{""cynk"": ""podniesiony"", ""fosfor"": ""podniesiony""}",0,W NORMIE
P1601493,"Poziom  fosforu i cynku  podwyższony, trend stabilny. Wszystkie pozostałe 
oznaczenie znajdują się w dopuszczalnym przedziale.

Zalecenia i wnioski:
Proszę obserwować zmiany w następnej analizie. Wykonać kolejne badanie zgodnie 
z przyjętym harmonogramem diagnostyki olejowej.","{""cynk"": ""podniesiony"", ""fosfor"": ""podniesiony""}",1,W NORMIE
P1601594,"Poziom metalicznych produktów zużycia w normie. Poziom krzemu lekko 
podniesiony, wskazuje na komponenty biogazu i/lub kurz z otoczenia, elastyczne 
uszczelniania, materiały montażowe, bądź smar na bazie silikonu. Lepkość 
kinematyczna w normie. Liczba kwasowa podniesiona. Liczba zasadowa w normie.

Zalecenia i wnioski:
Olej kwalifikuje się do dalszej eksploatacji, wykonać badanie kolejnej próbki 
zgodnie z przyjętym programem diagnostyki olejowej, nie później niż za 200h 
pracy.","{""metale_zużyciowe"": ""w_normie"", ""krzem"": ""lekko_podniesiony"", ""lepkość"": ""w_normie"", ""liczba_kwasowa"": ""podniesiony"", ""liczba_zasadowa"": ""w_normie""}",2,W NORMIE
P1601595,"Poziom metalicznych produktów zużycia w normie. Poziom krzemu lekko 
podniesiony, wskazuje na komponenty biogazu i/lub kurz z otoczenia, elastyczne 
uszczelniania, materiały montażowe, bądź smar na bazie silikonu. Lepkość 
kinematyczna w normie. Liczba kwasowa podniesiona. Liczba zasadowa w normie.

Zalecenia i wnioski:
Olej kwalifikuje się do dalszej eksploatacji, wykonać badanie kolejnej próbki 
zgodnie z przyjętym programem diagnostyki olejowej, nie później niż za 200h 
pracy.","{""metale_zużyciowe"": ""w_normie"", ""krzem"": ""lekko_podniesiony"", ""lepkość"": ""w_normie"", ""liczba_kwasowa"": ""podniesiony"", ""liczba_zasadowa"": ""w_normie""}",2,W NORMIE
P1601596,"Poziom metalicznych produktów zużycia w normie. Poziom krzemu lekko 
podniesiony, wskazuje na komponenty biogazu i/lub kurz z otoczenia, elastyczne 
uszczelniania, materiały montażowe, bądź smar na bazie silikonu. Lepkość 
kinematyczna w normie. Liczba kwasowa podniesiona. Liczba zasadowa w normie.

Zalecenia i wnioski:
Olej kwalifikuje się do dalszej eksploatacji, wykonać badanie kolejnej próbki 
zgodnie z przyjętym programem diagnostyki olejowej, nie później niż za 200h 
pracy.","{""metale_zużyciowe"": ""w_normie"", ""krzem"": ""lekko_podniesiony"", ""lepkość"": ""w_normie"", ""liczba_kwasowa"": ""podniesiony"", ""liczba_zasadowa"": ""w_normie""}",2,W NORMIE
P1601687,"Poziom cynku i fosforu lekko  podniesiony, trend stabilny. Wszystkie pozostałe 
oznaczone pierwiastki znajdują się w dopuszczalnych przedziałach.

Zalecenia i wnioski: 
Olej kwalifikuje się do dalszej eksploatacji. Obserwować zmiany w kolejnej 
analizie. Przesłać do badania kolejną próbkę zgodnie z przyjętym harmonogramem 
diagnostyki olejowej.","{""cynk"": ""lekko_podniesiony"", ""fosfor"": ""lekko_podniesiony""}",0,W NORMIE
P1602000,"Poziom metalicznych produktów zużycia oznaczony w badaniu pierwiastków (cząstki 
o rozmiarach <5um) wykazuje lekko podniesiony poziom żelaza i ołowiu. Indeks 
PQ, informujący o magnetycznych ferrocząstkach (niezależnie od rozmiaru 
cząstek) w normie. Własności reologiczne (lepkość i wskaźnik lepkości) w 
normie. Liczba kwasowo oraz liczba zasadowa w normie. Zawartość wody w normie.

Zalecenia i wnioski:
Wszystkie oznaczenia znajdują się na oczekiwanym poziomie. Obserwować zmiany w 
następnej analizie, wykonać badanie kolejnej próbki zgodnie z przyjętym 
programem diagnostyki olejowej, nie później niż za 50 mth i/lub po kolejnej 
usłudze.","{""żelazo"": ""lekko_podniesiony"", ""ołów"": ""lekko_podniesiony"", ""metale_zużyciowe"": ""lekko_podniesiony"", ""pq_indeks"": ""w_normie"", ""lepkość"": ""w_normie"", ""wskaźnik_lepkości"": ""w_normie"", ""liczba_kwasowa"": ""w_normie"", ""liczba_zasadowa"": ""w_normie"", ""woda"": ""w_normie""}",0,W NORMIE
P1602004,"Poziom metalicznych produktów zużycia w normie. Poziom krzemu lekko 
podniesiony, wskazuje na komponenty biogazu i/lub kurz z otoczenia, elastyczne 
uszczelniania, materiały montażowe, bądź smar na bazie silikonu. Lepkość 
kinematyczna w normie. Liczba kwasowa podniesiona. Liczba zasadowa w normie.

Zalecenia i wnioski:
Olej kwalifikuje się do dalszej eksploatacji, wykonać badanie kolejnej próbki 
zgodnie z przyjętym programem diagnostyki olejowej, nie później niż za 200h 
pracy.","{""metale_zużyciowe"": ""w_normie"", ""krzem"": ""lekko_podniesiony"", ""lepkość"": ""w_normie"", ""liczba_kwasowa"": ""podniesiony"", ""liczba_zasadowa"": ""w_normie""}",2,W NORMIE
P1602061,"Poziom metalicznych produktów zużycia w normie. Poziom krzemu lekko 
podniesiony, wskazuje na komponenty biogazu i/lub kurz z otoczenia, elastyczne 
uszczelniania, materiały montażowe, bądź smar na bazie silikonu. Lepkość 
kinematyczna w normie. Liczba kwasowa podniesiona. Liczba zasadowa w normie.

Zalecenia i wnioski:
Olej kwalifikuje się do dalszej eksploatacji, wykonać badanie kolejnej próbki 
zgodnie z przyjętym programem diagnostyki olejowej, nie później niż za 200h 
pracy.","{""metale_zużyciowe"": ""w_normie"", ""krzem"": ""lekko_podniesiony"", ""lepkość"": ""w_normie"", ""liczba_kwasowa"": ""podniesiony"", ""liczba_zasadowa"": ""w_normie""}",2,W NORMIE
P1602283,"Poziom miedzi podniesiony. Temperatura zapłonu nieznacznie obniżona. Wszystkie 
pozostałe oznaczone parametry znajdują się w normalnym dopuszczalnym przedziale.

Zalecenia i wnioski:
Obserwować zmiany w następnej analizie.  Wykonać badanie kolejnej próbki 
zgodnie z przyjętym programem diagnostyki olejowej.  ","{""miedź"": ""podniesiony"", ""temperatura_zapłonu"": ""nieznacznie_obniżony""}",1,W NORMIE
P1602382,"Poziom metalicznych produktów zużycia w normie. Poziom krzemu lekko 
podniesiony, wskazuje na komponenty biogazu i/lub kurz z otoczenia, elastyczne 
uszczelniania, materiały montażowe, bądź smar na bazie silikonu. Lepkość 
kinematyczna w normie. Liczba kwasowa podniesiona. Liczba zasadowa w normie.

Zalecenia i wnioski:
Olej kwalifikuje się do dalszej eksploatacji, wykonać badanie kolejnej próbki 
zgodnie z przyjętym programem diagnostyki olejowej, nie później niż za 200h 
pracy.","{""metale_zużyciowe"": ""w_normie"", ""krzem"": ""lekko_podniesiony"", ""lepkość"": ""w_normie"", ""liczba_kwasowa"": ""podniesiony"", ""liczba_zasadowa"": ""w_normie""}",0,W NORMIE
P1602524,"Poziom cynku i fosforu lekko podniesiony, trend stabilny. Wszystkie pozostałe  
oznaczone parametry znajdują się w dopuszczalnym przedziale.

Zalecenia i wnioski:
Proszę obserwować zmiany w następnej analizie, wykonać badanie kolejnej próbki 
zgodnie z przyjętym programem diagnostyki olejowej.","{""pozostałe_parametry"": ""w_dopuszczalnym_zakresie"", ""cynk"": ""lekko_podniesiony"", ""fosfor"": ""lekko_podniesiony""}",1,W NORMIE
P1602603,"Poziom cynku i fosforu lekko podniesiony, trend stabilny. Wszystkie  pozostałe 
oznaczone parametry znajdują się w dopuszczalnym przedziale.

Zalecenia i wnioski:
Proszę obserwować zmiany w następnej analizie, wykonać badanie kolejnej próbki 
zgodnie z przyjętym programem diagnostyki olejowej.","{""pozostałe_parametry"": ""w_dopuszczalnym_zakresie"", ""cynk"": ""lekko_podniesiony"", ""fosfor"": ""lekko_podniesiony""}",0,W NORMIE
P1602609,"Poziom cynku i fosforu lekko podniesiony, trend stabilny. Wszystkie  pozostałe 
oznaczone parametry znajdują się w dopuszczalnym przedziale.

Zalecenia i wnioski:
Proszę obserwować zmiany w następnej analizie, wykonać badanie kolejnej próbki 
zgodnie z przyjętym programem diagnostyki olejowej.","{""pozostałe_parametry"": ""w_dopuszczalnym_zakresie"", ""cynk"": ""lekko_podniesiony"", ""fosfor"": ""lekko_podniesiony""}",0,W NORMIE
P1602934,"Poziom, cynku i fosforu podniesiony, trend stabilny. Wszystkie pozostałe  
oznaczone parametry znajdują się w dopuszczalnym przedziale.

Zalecenia i wnioski:
Proszę obserwować zmiany w następnej analizie, wykonać badanie kolejnej próbki 
zgodnie z przyjętym programem diagnostyki olejowej.","{""pozostałe_parametry"": ""w_dopuszczalnym_zakresie"", ""cynk"": ""podniesiony"", ""fosfor"": ""podniesiony""}",0,W NORMIE
P1603212,"Lepkość w porównaniu do ostatnich dwóch badanych próbek wykazuje trend 
spadkowy. Zawartość potasu w kontekście wszystkich zbadanych dotąd próbek 
wykazuje łagodny trend wzrostowy. Zawartość oleju napędowego jest lekko 
podniesiona. Mimo opisanych trendów zmian  wymienione jak i pozostałe parametry 
wciąż znajdują się w swoich dopuszczalnych zakresach.

Zalecenia i wnioski:

Obserwować zmiany w następnej analizie, w szczególności zmiany lepkości oraz 
zawartości oleju napędowego.  Wykonać badanie kolejnej próbki zgodnie z 
przyjętym programem diagnostyki olejowej.","{""potas"": ""podniesiony"", ""olej_napędowy"": ""lekko_podniesiony""}",1,W NORMIE
P1603305,"Poziom miedzi mocno podniesiony (zużycie elementów zawierających w metalurgii 
miedź). Temperatura zapłonu obniżona. Lepkość lekko obniżona. Pozostałe 
oznaczone parametry znajdują się w swoich normalnych dopuszczalnych 
przedziałach.

Zalecenia i wnioski:
Zalecam przeprowadzić analizę metalurgii układu olejowego, ukierunkowaną na 
zużycie elementów zawierających miedź. Proszę obserwować zmiany w następnej 
analizie. Wykonać kolejne badanie zgodnie z przyjętym harmonogramem diagnostyki 
olejowej.","{""pozostałe_parametry"": ""w_dopuszczalnym_zakresie"", ""miedź"": ""mocno_podwyższony"", ""temperatura_zapłonu"": ""obniżony"", ""lepkość"": ""lekko_obniżony""}",1,W NORMIE
P1603335,"Olej ma ciemną barwę. Poziom metalicznych produktów zużycia w normie.  Indeks 
PQ  w normie. Oznaczona lepkość w normie. Oksydacja i nitracja  podniesione, 
nie krytycznie.

Wnioski i zalecenia:
Proszę obserwować zmiany w następnej analizie, przeprowadzić kolejne badanie 
oleju za 500h pracy, licząc od chwili pobrania aktualnej próbki.","{""metale_zużyciowe"": ""w_normie"", ""pq_indeks"": ""w_normie"", ""lepkość"": ""w_normie"", ""oksydacja"": ""podniesiony"", ""nitracja"": ""podniesiony""}",1,W NORMIE
P1603430,"Olej ma ciemną barwę. Liczba kwasowa w normie.  Liczba zasadowa w normie. 
Oksydacja i nitracja w normie, trend wzrostowy.  Oznaczona lepkość w normie (w 
porównaniu do poprzednich dwóch próbek wykazuje trend wzrostowy). Zaobserwowano 
wzrost poziomu żelaza względem poprzedniej badanej próbki, jednak poziom  
metalicznych produktów zużycia znajduje się w dopuszczalnym zakresie.

Zalecenia i wnioski:
Olej kwalifikuje się do dalszej eksploatacji. Obserwować zmiany w kolejnej 
analizie. Wykonać badanie kolejnej próbki zgodnie z przyjętym programem 
diagnostyki olejowej.","{""liczba_kwasowa"": ""w_normie"", ""liczba_zasadowa"": ""w_normie"", ""oksydacja"": ""podniesiony"", ""nitracja"": ""podniesiony"", ""lepkość"": ""podniesiony"", ""żelazo"": ""w_dopuszczalnym_zakresie"", ""metale_zużyciowe"": ""w_dopuszczalnym_zakresie""}",0,W NORMIE
P1603698,"Oznaczone zawartości pierwiastków mieszczą się w dopuszczalnym zakresie. 
Wzrostowy trend zawartości metali zużyciowych ( głównie miedź i ołów).

Wnioski i zalecenia:
Obserwować zmiany w kolejnej analizie. Wykonać następne badanie zgodnie z 
przyjętym harmonogramem diagnostyki olejowej.","{""ołów"": ""podniesiony"", ""metale_zużyciowe"": ""podniesiony""}",1,W NORMIE
P1603699,"Oznaczone zawartości pierwiastków mieszczą się w dopuszczalnych granicach. 
Wzrostowy trend zawartości pierwiastków zużyciowych. Poziom fosforu obniżony 
względem poprzedniej analizy. Poziom cynku podniesiony w stosunku do ostatniego 
badania.

Wnioski i zalecenia:
Obserwować zmiany w kolejnej analizie. Wykonać następne badanie zgodnie z 
przyjętym harmonogramem diagnostyki olejowej.","{""metale_zużyciowe"": ""podniesiony"", ""fosfor"": ""obniżony"", ""cynk"": ""podniesiony""}",1,W NORMIE
P1603700,"Oznaczone zawartości pierwiastków mieszczą się w dopuszczalnym zakresie. 
Wzrostowy trend zawartości metali zużyciowych ( głównie miedź i ołów).

Wnioski i zalecenia:
Obserwować zmiany w kolejnej analizie. Wykonać następne badanie zgodnie z 
przyjętym harmonogramem diagnostyki olejowej.","{""ołów"": ""podniesiony"", ""metale_zużyciowe"": ""podniesiony""}",1,W NORMIE
P1603730,"Olej ma ciemną barwę. Poziom metalicznych produktów zużycia w normie co może 
wskazywać na niską intensywność lub brak procesów takich jak zużycie i/lub 
korozja. Oznaczona lepkość w normie. Liczba kwasowa podniesiona, liczba 
zasadowa obniżona, ich wzajemna relacja sugeruje iż wyczerpie się ona w krótkim 
czasie. Zaobserwowano oksydacje oraz nitrację, jednak nie znajdują się one na 
krytycznym poziomie. Nie stwierdzono niepokojącej sulfacji.  Indeks PQ  w 
normie.

Wnioski i zalecenia:
Przy zachowaniu normalnych warunków eksploatacyjnych oraz czynności 
obsługowych (stały monitoring własności fizykochemicznych, utrzymywanie 
wysokiej klasy czystości oleju oraz niskiej zawartości wody) olej kwalifikuje 
się do eksploatacji. Obserwować zmiany w kolejnym badaniu. Wykonać kolejne 
badanie zgodnie z  przyjętym harmonogramem diagnostyki olejowej.","{""metale_zużyciowe"": ""w_normie"", ""lepkość"": ""w_normie"", ""liczba_kwasowa"": ""podniesiony"", ""liczba_zasadowa"": ""podniesiony"", ""sulfacja"": ""brak_wykrycia"", ""pq_indeks"": ""w_normie""}",1,W NORMIE
P1603731,"Poziomy na jakich znajdują się fosfor i cynk są lekko podniesione, nastąpił 
wzrost względem poprzednio badanej próbki. Wszystkie pozostałe oznaczone 
pierwiastki znajdują się w dopuszczalnych przedziałach.

Zalecenia i wnioski: 
Olej kwalifikuje się do dalszej eksploatacji. Obserwować zmiany w kolejnej 
analizie. Przesłać do badania kolejną próbkę zgodnie z przyjętym harmonogramem 
diagnostyki olejowej.","{""cynk"": ""lekko_podniesiony"", ""fosfor"": ""lekko_podniesiony""}",0,W NORMIE
P1603881,"Oznaczona lepkość w normie. Zawartość metalicznych produktów zużycia w normie. 
Nie stwierdzono obecności glikolu. Zawartość wody w normie. Lekko podniesiony 
poziom krzemu - trend stabilny. Temperatura zapłonu obniżona.

Zalecenia i wnioski:
Proszę obserwować zmiany w następnej analizie. Wykonać kolejne badanie zgodnie 
z przyjętym harmonogramem diagnostyki olejowej.","{""lepkość"": ""w_normie"", ""metale_zużyciowe"": ""w_normie"", ""glikol"": ""brak_wykrycia"", ""woda"": ""w_normie"", ""krzem"": ""lekko_podniesiony"", ""temperatura_zapłonu"": ""obniżony""}",0,W NORMIE
P1603935,"Względem poprzedniej badanej próbki zaobserwowano skokowy wzrost poziomu na 
jakim znajduje się magnez. Poziom sodu wykazuje trend spadkowy względem 
poprzednich dwóch badań. Poziomy żelaza. ołowiu oraz miedzi wykazują łagodny 
trend wzrostowy względem poprzednich dwóch badań.

Wnioski i zalecenia:
Obserwować zmiany w kolejnej analizie. Wykonać następne badanie zgodnie z 
przyjętym harmonogramem diagnostyki olejowej.","{""miedź"": ""podniesiony"", ""ołów"": ""podniesiony""}",0,W NORMIE
P1604275,"Poziom metalicznych produktów zużycia w normie. Oznaczona lepkość w normie. 
Liczba kwasowa i zasadowa wskazują na bezpieczny poziom rezerwy alkalicznej. 
Zaobserwowano lekko podniesioną oksydację oraz nitrację. Nie stwierdzono 
niepokojącej sulfacji.  Indeks PQ  w normie.

Wnioski i zalecenia:
Przy zachowaniu normalnych warunków eksploatacyjnych oraz czynności 
obsługowych (stały monitoring własności fizykochemicznych) olej kwalifikuje się 
do eksploatacji. Obserwować zmiany w kolejnym badaniu. Wykonać kolejne badanie 
zgodnie z  przyjętym harmonogramem diagnostyki olejowej.","{""metale_zużyciowe"": ""w_normie"", ""lepkość"": ""w_normie"", ""oksydacja"": ""lekko_podniesiony"", ""nitracja"": ""lekko_podniesiony"", ""sulfacja"": ""brak_wykrycia"", ""pq_indeks"": ""w_normie""}",1,W NORMIE
P1604289,"Poziom cynku i fosforu podniesiony, trend stabilny. Pozostałe oznaczone 
parametry znajdują się w dopuszczalnych przedziałach, prezentują stabilny trend.

Zalecenia i wnioski: 
Wykonać kolejne badanie zgodnie z przyjętym harmonogramem diagnostyki olejowej.","{""cynk"": ""podniesiony"", ""fosfor"": ""podniesiony""}",0,W NORMIE
P1605513,"Poziomy cynku i fosforu lekko podniesione, trend stabilny. Pozostałe oznaczone 
pierwiastki w znajdują się w swoich normalnych dopuszczalnych przedziałach.

Wnioski i zalecenia:
 Obserwować zmiany w następnej analizie. Wykonać kolejne badanie zgodnie z 
przyjętym harmonogramem diagnostyki olejowej.","{""cynk"": ""lekko_podniesiony"", ""fosfor"": ""lekko_podniesiony""}",0,W NORMIE
P1605589,"Poziom cynku i fosforu jest lekko podniesiony. Pozostałe oznaczone parametry 
znajdują się w swoich normalnych dopuszczalnych przedziałach.

Wnioski i zalecenia:
 Obserwować zmiany w następnej analizie. Wykonać kolejne badanie zgodnie z 
przyjętym harmonogramem diagnostyki olejowej.","{""pozostałe_parametry"": ""w_dopuszczalnym_zakresie"", ""cynk"": ""lekko_podniesiony"", ""fosfor"": ""lekko_podniesiony""}",1,W NORMIE
P1701435,"Poziom cząstek poszczególnych kategorii zużyciowych oraz cząstek 
niemetalicznych w optycznej analizie cząstek w normie.  Właściwości reologiczne 
(lepkość kinematyczna, wskaźnik lepkości) w normie. Klasa czystości w normie. 
Liczba kwasowa lekko podniesiona, liczba zasadowa zasadowa w normie. Olej 
posiada jeszcze odpowiednią rezerwę alkaliczną (wzajemna relacja liczby 
kwasowej i zasadowej). Zawartość wody w normie. Poziom metalicznych produktów 
zużycia w normie.  Indeks PQ, informujący o magnetycznych ferrocząstkach 
(niezależnie od rozmiaru cząstek) w normie. Zwartość stałych ciał obcych w 
normie.

Wnioski i zalecenia:
Nie posiadamy referencji oleju świeżego, dlatego nie możliwe jest sporządzenie 
precyzyjnego komentarza nt. możliwych zmian dodatków oraz widma IR (dlatego też 
nie możliwe jest oznaczenie oksydacji). Proszę przysłać referencyjną próbkę 
oleju świeżego do badań. Olej kwalifikuje się do dalszej eksploatacji bez 
podejmowania dodatkowych zabiegów korygujących. Proszę obserwować zmiany w 
kolejnym badaniu. Proszę przysłać kolejną próbkę do badań w celu weryfikacji 
trendów zmian zgodnie z przyjętym harmonogramem diagnostyki olejowej.","{""lepkość"": ""w_normie"", ""wskaźnik_lepkości"": ""w_normie"", ""klasa_czystości"": ""w_normie"", ""liczba_kwasowa"": ""lekko_podniesiony"", ""liczba_zasadowa"": ""lekko_podniesiony"", ""woda"": ""w_normie"", ""metale_zużyciowe"": ""w_normie"", ""pq_indeks"": ""w_normie"", ""stałe_ciała_obce"": ""w_normie""}",0,W NORMIE
P1702136,"Oznaczona lepkość w normie. Liczba kwasowa oraz zasadowa w normie - olej posiada jeszcze wystarczającą rezerwę alkaliczną. Oksydacja i nitracja w normie - trend wzrostowy. Lekko podniesiony poziom krzemu - trend stabilny. Poziom metalicznych produktów zużycia w normie. 

Wnioski i zalecenia:
Olej kwalifikuje się do dalszej eksploatacji. Obserwować zmiany w następnej analizie. Wykonać kolejne badanie zgodnie z przyjętym harmonogramem diagnostyki.","{""lepkość"": ""w_normie"", ""liczba_kwasowa"": ""w_normie"", ""oksydacja"": ""podniesiony"", ""nitracja"": ""podniesiony"", ""krzem"": ""lekko_podniesiony"", ""metale_zużyciowe"": ""w_normie""}",1,W NORMIE
P1704882,"Lekko podniesiony poziom sodu - może występować jako pochodna zanieczyszczenia wodą i/lub płynem chłodzącym, bądź z otoczenia. Pozostałe oznaczone parametry w normie. 

Wnioski i zalecenia:

Proszę obserwować zmiany w następnej analizie. Wykonać kolejne badanie za około 250 mth w celu śledzenia zmian. ","{""pozostałe_parametry"": ""w_normie"", ""płyn_chłodniczy"": ""lekko_podniesiony"", ""sód"": ""lekko_podniesiony""}",1,WSKAZÓWKA
P1802809,"Oznaczona lepkość w normie. Liczba kwasowa i zasadowa w normie - olej posiada jeszcze wystarczającą rezerwę alkaliczną. Parametr  i-pH lekko obniżony. Nie stwierdzono niepokojącej oksydacji oraz nitracji. Zawartość wody w normie. Lekko podniesiony poziom krzemu - prawdopodobne pochodzi z biogazu zasilającego silnik i/lub występuje jako zanieczyszczenie z otoczenia (kurz/pył). Poziom metalicznych produktów zużycia w normie - świadczy o braku intensywnych procesów zużycia/korozji w układzie. 

Wnioski i zalecenia:Olej kwalifikuje się do dalszej eksploatacji. Należy obserwować zmiany w następnej analizie. Wykonać kolejne badanie zgodnie z przyjętym harmonogramem diagnostyki. ","{""lepkość"": ""w_normie"", ""liczba_kwasowa"": ""w_normie"", ""ph"": ""lekko_obniżony"", ""oksydacja"": ""brak_wykrycia"", ""nitracja"": ""brak_wykrycia"", ""woda"": ""w_normie"", ""krzem"": ""lekko_podniesiony"", ""metale_zużyciowe"": ""w_normie""}",0,W NORMIE
P1803285,"Oznaczona lepkość w normie. Liczba kwasowa i zasadowa w normie - olej posiada jeszcze wystarczającą rezerwę alkaliczną. Parametr  i-pH nieznacznie obniżony - trend jest jednak stabilny. Nie stwierdzono niepokojącej oksydacji oraz nitracji. Zawartość wody w normie. Lekko podniesiony poziom krzemu - trend stabilny.Poziom metalicznych produktów zużycia w normie - świadczy o braku intensywnych procesów zużycia/korozji w układzie. 

Wnioski i zalecenia:Olej kwalifikuje się do dalszej eksploatacji. Należy obserwować zmiany w następnej analizie. Wykonać kolejne badanie zgodnie z przyjętym harmonogramem diagnostyki. ","{""lepkość"": ""w_normie"", ""liczba_kwasowa"": ""w_normie"", ""ph"": ""nieznacznie_obniżony"", ""oksydacja"": ""brak_wykrycia"", ""nitracja"": ""brak_wykrycia"", ""woda"": ""w_normie"", ""krzem"": ""lekko_podniesiony"", ""metale_zużyciowe"": ""w_normie""}",0,W NORMIE
P1803628,Dla danej próbki oznaczono zlecone parametry. Poziom metali zużyciowych na niskim poziomie - nie wskazuje na intensywne procesy zużycia/korozji w układzie. Podniesiony poziom ołowiu w oleju wynika z obecności tego pierwiastka w paliwie i jest to normalna sytuacja dla silników lotniczych.,"{""metale_zużyciowe"": ""obniżony"", ""ołów"": ""podniesiony""}",0,W NORMIE
P1805605,"Oznaczenie klasy czystości oraz poziomu cząstek poszczególnych kategorii zużyciowych niemożliwe do wykonania ze względu na czarne zabarwienie membrany. W mikroskopowej obserwacji sączka nie stwierdzono metalicznych cząstek w ilości świadczącej o intensywnych procesach korozji/zużycia w smarowanym układzie. Poziom żelaza chromu, miedzi, glinu (aluminium) i srebra podniesiony, nie krytycznie. Poziom dodatków uszlachetniających w normie. Wysoki poziom ołowiu pochodzi z paliwa lotniczego i jest to normalna sytuacja dla silników lotniczych. 

   Wnioski i zalecenia:
Powiązać wykryte metale zużyciowe z metalurgią układu olejowego. Proszę prowadzić ewidencję czasu pracy oleju od wymiany (czasu nalotu od wymiany) i całkowitego czasu pracy (nalotu) silnika. Przeprowadzać wymianę oleju i filtrów zgodnie z zaleceniami producenta. Proszę obserwować zmiany trendu w następnej analizie. Przysłać kolejną próbkę do badań zgodnie z przyjętym harmonogramem diagnostyki olejowej.","{""żelazo"": ""podniesiony"", ""miedź"": ""podniesiony"", ""glin"": ""podniesiony"", ""dodatki_uszlachetniające"": ""w_normie""}",1,W NORMIE
P1805946,"Podwyższony poziom cynku, trend malejący. Lekko podwyższony poziom boru - trend stabilny. Pozostałe oznaczone parametry w akceptowalnym zakresie.



Zalecenia i wnioski:

Proszę obserwować zmiany w następnej analizie. Przysłać kolejną próbkę do badań zgodnie z przyjętym harmonogramem diagnostyki olejowej.","{""pozostałe_parametry"": ""w_akceptowalnym_zakresie"", ""cynk"": ""podniesiony"", ""bor"": ""lekko_podniesiony""}",0,W NORMIE
P1807005,"Lekko podwyższony poziom miedzi - trend stabilny. Lekko podwyższony poziom sodu - trend stabilny. Pozostałe oznaczone parametry w normie.



Zalecenia i wnioski:

Proszę obserwować zmiany w następnej analizie. Przysłać kolejną próbkę do badań zgodnie z przyjętym harmonogramem diagnostyki.","{""pozostałe_parametry"": ""w_normie"", ""miedź"": ""lekko_podniesiony"", ""sód"": ""lekko_podniesiony""}",0,W NORMIE
P1900137,"Oznaczona lepkość w normie dla klasy SAE 40. Liczba kwasowa w normie. Liczba zasadowa na wysokim poziomie.  Zawartość wody w normie. Temperatura zapłonu lekko obniżona.

Wnioski i Zalecenia:

Olej kwalifikuje się do dalszej eksploatacji. Obserwować zmiany w następnej analizie. Przeprowadzić kolejne badanie zgodnie z przyjętym harmonogramem diagnostyki olejowej.","{""lepkość"": ""w_normie"", ""liczba_kwasowa"": ""w_normie"", ""liczba_zasadowa"": ""wysoki"", ""woda"": ""w_normie"", ""temperatura_zapłonu"": ""lekko_obniżony""}",1,W NORMIE
P1901873,"Oznaczona lepkość w dopuszczalnym zakresie. Liczba zasadowa obniżona, znajduje się jednak w akceptowalnym zakresie. Klasa czystości w normie. Poziom metalicznych produktów zużycia w normie, świadczy o braku intensywnych procesów korozji/zużycia w układzie olejowym. Lekko podwyższony poziom sodu, możliwe pochodzenie - pochodna zanieczyszczenia smarem, płynem chłodniczym lub wodą lub pył z otoczenia. 



Zalecenia i wnioski:

Proszę obserwować zmiany w następnej analizie. Przysłać kolejną próbkę do badań zgodnie z przyjętym harmonogramem diagnostyki olejowej.","{""lepkość"": ""w_dopuszczalnym_zakresie"", ""liczba_zasadowa"": ""w_akceptowalnym_zakresie"", ""klasa_czystości"": ""w_normie"", ""metale_zużyciowe"": ""w_normie"", ""płyn_chłodniczy"": ""lekko_podniesiony"", ""sód"": ""lekko_podniesiony""}",1,W NORMIE
P1901927,"Temperatura zapłonu na niskim poziomie jednak bez korelacji ze spadkiem lepkości. Pozostałe oznaczone parametry w dopuszczalnym zakresie.



Zalecenia i wnioski:

Proszę obserwować zmiany w następnej analizie. Przysłać kolejną próbkę do badań zgodnie z przyjętym harmonogramem diagnostyki.","{""pozostałe_parametry"": ""w_dopuszczalnym_zakresie"", ""lepkość"": ""obniżony"", ""temperatura_zapłonu"": ""obniżony""}",1,W NORMIE
P1902821,"Indeks PQ informujący o zawartości cząstek ferromagnetycznych (niezależnie od rozmiaru cząstek) w normie. Lekko podwyższony poziom miedzi oznaczony w badaniu pierwiastków (cząstki <5µm). Pozostałe oznaczone pierwiastki zużyciowe w akceptowalnym zakresie. Podwyższona zawartość ołowiu pochodzi z paliwa lotniczego, jest to sytuacja normalna dla silników lotniczych. Klasa czystości lekko pogorszona.



Zalecenia i wnioski:

Należy obserwować zmiany w następnej analizie. Wykonać kolejne badanie zgodnie z przyjętym harmonogramem diagnostyki.   ","{""pq_indeks"": ""w_normie"", ""miedź"": ""lekko_podniesiony"", ""metale_zużyciowe"": ""w_akceptowalnym_zakresie"", ""klasa_czystości"": ""pogorszony""}",0,W NORMIE
P1907653,"Oznaczona lepkość w zakresie dopuszczalnym dla oleju klasy SAE 40. Temperatura zapłonu w normie. Lekko podwyższona zawartość sodu, trend malejący - prawdopodobne źródło to pochodna zanieczyszczenia oleju płynem chłodniczym. Poziom metalicznych produktów zużycia w normie.



Zalecenia i wnioski:

Proszę obserwować zmiany trendu w następnej analizie. Przysłać kolejną próbkę do badań zgodnie z przyjętym harmonogramem diagnostyki olejowej.   ","{""lepkość"": ""w_dopuszczalnym_zakresie"", ""temperatura_zapłonu"": ""w_normie"", ""płyn_chłodniczy"": ""lekko_podniesiony"", ""sód"": ""lekko_podniesiony"", ""metale_zużyciowe"": ""w_normie""}",0,W NORMIE
P1907911,"Oznaczona lepkość w normie dla oleju klasy SAE 40. Temperatura zapłonu w zakresie granicznym. Zawartość wody  w normie. Zawartość zanieczyszczeń stałych na dopuszczalnym poziomie. Poziom dodatków uszlachetniających niezgodny z oczekiwanym (podwyższona zawartość magnezu) - wskazuje na zmieszanie eksploatowanego oleju ze środkiem smarnym innego typu.



Zalecenia i wnioski:

Proszę zweryfikować historię wymian i uzupełnień oleju. Obserwować zmiany w następnej analizie. Przysłać kolejną próbkę do badań zgodnie z przyjętym harmonogramem diagnostyki olejowej.","{""lepkość"": ""w_normie"", ""temperatura_zapłonu"": ""w_zakresie_granicznym"", ""woda"": ""w_normie"", ""zanieczyszczenia_stałe"": ""w_dopuszczalnym_zakresie"", ""magnez"": ""podniesiony"", ""dodatki_uszlachetniające"": ""podniesiony""}",1,W NORMIE
P1907956,"Oznaczona lepkość w normie dla oleju klasy SAE 15W-40. Temperatura zapłonu lekko obniżona. Lekko podwyższony poziom ołowiu, trend stabilny. Pozostałe oznaczone pierwiastki zużyciowe na dopuszczalnym poziomie. W próbce nie stwierdzono obecności oleju napędowego ani płynu chłodniczego.



Zalecenia i wnioski:

Proszę obserwować zmiany trendu w następnej analizie. Przysłać kolejną próbkę do badań zgodnie z przyjętym harmonogramem diagnostyki olejowej. ","{""lepkość"": ""w_normie"", ""temperatura_zapłonu"": ""lekko_obniżony"", ""ołów"": ""lekko_podniesiony"", ""metale_zużyciowe"": ""w_dopuszczalnym_zakresie"", ""olej_napędowy"": ""brak_wykrycia""}",1,W NORMIE
P2011074,"Lepkość nieznacznie poniżej klasy SAE 40. Zawartość ciał stałych w zakresie dopuszczalnym. Liczba zasadowa w normie. Własności dyspergujące w normie. Temperatura zapłonu obniżona - trend jest jednak stabilny. Zawartość metali zużyciowych w normie. 

Wnioski i zalecenia:

Oznaczone parametry uległy jedynie niewielkim zmianom w stosunku do poprzednich analiz. Zalecane śledzenie zmian w kolejnej analizie. Prosimy wykonać kolejne badanie nie później niż za ok. 500mth pracy silnika. ","{""lepkość"": ""poniżej_typowego"", ""stałe_ciała_obce"": ""w_dopuszczalnym_zakresie"", ""liczba_zasadowa"": ""w_normie"", ""temperatura_zapłonu"": ""obniżony"", ""metale_zużyciowe"": ""w_normie""}",2,W NORMIE
P2012174,"Oznaczona lepkość oraz poziom dodatków uszlachetniających w normie. Temperatura zapłonu w normie. Nieznacznie podniesiona zawartość miedzi i żelaza. Poziom pozostałych metalicznych produktów zużycia w dopuszczalnym zakresie.

Zalecenia i wnioski:

W celu śledzenia trendu zawartości pierwiastków przeprowadzić kolejne badania za około 250mth. Proszę obserwować zmiany w następnej analizie. ","{""lepkość"": ""w_normie"", ""dodatki_uszlachetniające"": ""w_normie"", ""temperatura_zapłonu"": ""w_normie"", ""żelazo"": ""nieznacznie_podniesiony"", ""miedź"": ""nieznacznie_podniesiony"", ""metale_zużyciowe"": ""w_dopuszczalnym_zakresie""}",1,W NORMIE
P2013739,"Oznaczona lepkość w normie. Odnotowano wzrost temperatury zapłonu. Poziom krzemu na niskim poziomie w stosunku do poprzedniego badania. Zawartość miedzi obniżona w stosunku do poprzedniego badania. Zawartość pozostałych pierwiastków zużyciowych w normie. Wyraźna poprawa parametrów w stosunku do poprzedniej analizy.

Zalecenia i wnioski : 

Proszę obserwować zmiany w następnej analizie. Przysłać kolejną próbkę do badań zgodnie z przyjętym harmonogramem diagnostyki płynu.   ","{""lepkość"": ""w_normie"", ""krzem"": ""obniżony"", ""miedź"": ""obniżony"", ""metale_zużyciowe"": ""w_normie""}",1,W NORMIE
P2013911,"Wszystkie parametry w normie. Obniżona zawartość miedzi, żelaza i krzemu w porównaniu z poprzednim badaniem.

Zalecenia i wnioski : 

Proszę obserwować zmiany w następnej analizie. Wykonać kolejne badanie zgodnie z przyjętym harmonogramem diagnostyki olejowej.","{""oznaczone_parametry"": ""w_normie"", ""krzem"": ""obniżony"", ""żelazo"": ""obniżony"", ""miedź"": ""obniżony""}",1,W NORMIE
P2100886,"Lepkość w normie. Zawartość zanieczyszczeń stałych w zakresie akceptowalnym. Liczba zasadowa w normie. Temperatura zapłonu obniżona. Własności dyspergujące w normie. Zawartość wody w normie. Na widmie IR widoczne zanieczyszczenie sadzą. Nie stwierdzono niepokojącego zanieczyszczenia glikolem ani paliwem. Zawartość żelaza lekko podniesiona - trend wzrostowy. Zawartość pozostałych metali zużyciowych w normie.



Zalecenia i wnioski : 

Proszę śledzić trend zmian zużycia. Proszę obserwować zmiany w następnej analizie. Wykonać kolejne badanie zgodnie z przyjętym harmonogramem diagnostyki olejowej. ","{""lepkość"": ""w_normie"", ""zanieczyszczenia_stałe"": ""w_akceptowalnym_zakresie"", ""liczba_zasadowa"": ""w_normie"", ""temperatura_zapłonu"": ""obniżony"", ""woda"": ""w_normie"", ""glikol"": ""brak_wykrycia"", ""żelazo"": ""podniesiony"", ""metale_zużyciowe"": ""w_normie""}",1,W NORMIE
P2103350,"Oznaczona lepkość w normie dla klasy SAE 40. Temperatura zapłonu w normie. Poziom miedzi i ołowiu obniżony w stosunku do poprzedniego badania. Pozostałe parametry w normie.

Zalecenia i wnioski:

Proszę obserwować zmiany w następnej analizie. Wykonać kolejne badanie zgodnie z harmonogramem diagnostyki.","{""pozostałe_parametry"": ""w_normie"", ""lepkość"": ""w_normie"", ""temperatura_zapłonu"": ""w_normie"", ""miedź"": ""obniżony"", ""ołów"": ""obniżony""}",1,W NORMIE
P2106749,"Zawartość cząstek zużyciowych w normie. Wysoka zawartość ołowiu pochodzącego z paliwa jest sytuacją typową dla lotniczych silników tłokowych. Zawartość dodatków na poziomie oczekiwanym. Nie stwierdzono niepokojącego zanieczyszczenia oleju.



Zalecenia i wnioski:

Proszę obserwować zmiany w następnych badaniach zgodnie z przyjętym harmonogramem diagnostyki.","{""metale_zużyciowe"": ""w_normie"", ""paliwo"": ""podniesiony"", ""ołów"": ""podniesiony""}",0,W NORMIE
P2107630,"Zawartość dodatków na oczekiwanym poziomie. Zawartość cząstek zużyciowych w dopuszczalnym zakresie, nie stwierdzono przyrostu w porównaniu do poprzedniego badania. Wysoka zawartość ołowiu pochodzącego z paliwa jest typową sytuacją dla tłokowych silników lotniczych. Nie stwierdzono niepokojącego zanieczyszczenia oleju.



Zalecenia i wnioski:

Proszę obserwować zmiany w następnym badaniu, zgodnie z przyjętym harmonogramem diagnostyki. ","{""paliwo"": ""podniesiony"", ""ołów"": ""podniesiony""}",0,W NORMIE
P2108051,"Wszystkie oznaczone parametry mieszczą się w dopuszczalnym zakresie. Lekko podwyższona zawartość miedzi i ołowiu jest prawdopodobnie pozostałością sprzed wymiany oleju. 



Zalecenia i wnioski:

Proszę obserwować zmiany w następnej analizie zgodnie z przyjętym harmonogramem diagnostyki.","{""oznaczone_parametry"": ""w_dopuszczalnym_zakresie"", ""miedź"": ""lekko_podniesiony"", ""ołów"": ""lekko_podniesiony""}",1,W NORMIE
P2109662,"W porównaniu do poprzedniego badania nie stwierdzono znaczącego przyrostu zawartości cząstek zużyciowych. Wysoka zawartość ołowiu pochodzącego z paliwa jest sytuacją normalną dla lotniczych silników tłokowych. Zawartość dodatków na poziomie oczekiwanym. Nie stwierdzono niepokojącego zanieczyszczenia oleju.



Zalecenia i wnioski:

Proszę obserwować zmiany w kolejnym badaniu zgodnie z przyjętym harmonogramem diagnostyki. ","{""paliwo"": ""podniesiony"", ""ołów"": ""podniesiony""}",0,W NORMIE
P2110207,"Oznaczona lepkość w normie. Zawartość stałych ciał obcych w normie. Liczba zasadowa w normie. Lekko podniesiony poziom miedzi oraz żelaza - związane jest to najprawdopodobniej z początkowym okresem życia silnika i docieraniem się jego elementów - należy śledzić trend zmian. 

Wnioski i zalecenia:

W celu śledzenie trendu zalecamy wykonanie kolejnego badanie za ok. 500 mth pracy silnika. ","{""lepkość"": ""w_normie"", ""stałe_ciała_obce"": ""w_normie"", ""liczba_zasadowa"": ""w_normie"", ""żelazo"": ""lekko_podniesiony"", ""miedź"": ""lekko_podniesiony""}",1,W NORMIE
P2111407,"Oznaczona lepkość w normie dla klasy SAE 50. Temperatura zapłonu w normie. W porównaniu do poprzedniego badania stwierdzono jedynie lekki przyrost zawartości cząstek zużyciowych. W próbce nie stwierdzono obecności paliwa ani płynu chłodniczego. Lekki przyrost zawartość krzemu - prawdopodobne pochodzenie to kurz/pył z otoczenia. Zawartość sodu utrzymuje się na stabilnym poziomie.



Zalecenia i wnioski:

Wszystkie oznaczone parametry mieszczą się w granicach tolerancji. Proszę obserwować zmiany w następnej analizie, zgodnie z przyjętym harmonogramem diagnostyki.   ","{""lepkość"": ""w_normie"", ""temperatura_zapłonu"": ""w_normie"", ""metale_zużyciowe"": ""podniesiony"", ""krzem"": ""podniesiony""}",1,W NORMIE
P2111582,"Oznaczona lepkość w zakresie akceptowalnym dla oleju klasy SAE 15W-40. Liczba zasadowa na bezpiecznym poziomie. Zawartość miedzi i żelaza lekko podniesiona - najprawdopodobniej jest to spowodowane docieraniem się silnika i jest to sytuacja spodziewana. Zawartość stałych zanieczyszczeń w normie. Nie stwierdzono niepokojącego zanieczyszczenia oleju paliwem ani płynem chłodniczym.

Zalecenia i wnioski:

Proszę obserwować zmiany w następnej analizie zgodnie z przyjętym harmonogramem diagnostyki.","{""lepkość"": ""w_akceptowalnym_zakresie"", ""liczba_zasadowa"": ""w_zakresie_bezpiecznym"", ""żelazo"": ""lekko_podniesiony"", ""miedź"": ""lekko_podniesiony"", ""zanieczyszczenia_stałe"": ""w_normie"", ""płyn_chłodniczy"": ""brak_wykrycia""}",1,W NORMIE
P2112474,"Zawartość pierwiastków zużyciowych w normie. Wysoka zawartość ołowiu pochodzącego z paliwa jest sytuacją typową dla lotniczych silników tłokowych. 



Zalecenia i wnioski:

Proszę obserwować zmiany w kolejnym badaniu zgodnie z przyjętym harmonogramem diagnostyki. ","{""metale_zużyciowe"": ""w_normie"", ""paliwo"": ""podniesiony"", ""ołów"": ""podniesiony""}",1,W NORMIE
P2112475,"Zawartość pierwiastków zużyciowych w normie. Wysoka zawartość ołowiu pochodzącego z paliwa jest sytuacją typową dla lotniczych silników tłokowych. Lekko podwyższona zawartość krzemu i potasu - prawdopodobne pochodzenie to kurz/pył z otoczenia.



Zalecenia i wnioski:

Proszę obserwować zmiany w kolejnym badaniu zgodnie z przyjętym harmonogramem diagnostyki. ","{""metale_zużyciowe"": ""w_normie"", ""paliwo"": ""podniesiony"", ""ołów"": ""podniesiony"", ""potas"": ""lekko_podniesiony"", ""krzem"": ""lekko_podniesiony""}",1,W NORMIE
P2112481,"Zawartość pierwiastków zużyciowych w normie. Wysoka zawartość ołowiu pochodzącego z paliwa jest sytuacją typową dla lotniczych silników tłokowych. Lekko podwyższona zawartość krzemu - prawdopodobne pochodzenie to kurz/pył z otoczenia.



Zalecenia i wnioski:

Proszę obserwować zmiany w kolejnym badaniu zgodnie z przyjętym harmonogramem diagnostyki. ","{""metale_zużyciowe"": ""w_normie"", ""paliwo"": ""podniesiony"", ""ołów"": ""podniesiony"", ""krzem"": ""lekko_podniesiony""}",0,W NORMIE
P2113504,"Zawartość dodatków na oczekiwanym poziomie. Zawartość cząstek zużyciowych w dopuszczalnym zakresie, nie stwierdzono przyrostu w porównaniu do poprzedniego badania. Wysoka zawartość ołowiu pochodzącego z paliwa jest typową sytuacją dla tłokowych silników lotniczych. Nie stwierdzono niepokojącego zanieczyszczenia oleju.

Zalecenia i wnioski:

Proszę obserwować zmiany w następnym badaniu, zgodnie z przyjętym harmonogramem diagnostyki. ","{""paliwo"": ""podniesiony"", ""ołów"": ""podniesiony""}",0,W NORMIE
P2113854,"Zawartość pierwiastków zużyciowych mieści się w dopuszczalnym zakresie. Wysoka zawartość ołowiu pochodzącego z paliwa jest sytuacją typową dla lotniczych silników tłokowych. Nie stwierdzono niepokojącego zanieczyszczenia oleju.



Zalecenia i wnioski:

Proszę obserwować zmiany w kolejnym badaniu zgodnie z przyjętym harmonogramem diagnostyki. ","{""metale_zużyciowe"": ""w_dopuszczalnym_zakresie"", ""paliwo"": ""podniesiony"", ""ołów"": ""podniesiony""}",0,W NORMIE
P2115752,"Lepkość w normie dla klasy SAE 40. Temperatura zapłonu w normie. Nie stwierdzono niepokojąco podwyższonej zawartości cząstek zużyciowych. Zawartość sodu lekko podwyższona (prawdopodobnie jest to pochodna zanieczyszczenia oleju płynem chłodniczym lub wodą), stwierdzono poprawę w porównaniu do poprzednich analiz. 



Zalecenia i wnioski:

Proszę obserwować zmiany w kolejnym badaniu zgodnie z przyjętym harmonogramem diagnostyki.","{""lepkość"": ""w_normie"", ""temperatura_zapłonu"": ""w_normie"", ""płyn_chłodniczy"": ""lekko_podniesiony"", ""sód"": ""lekko_podniesiony""}",1,W NORMIE
P2201108,"Lepkość w normie dla klasy SAE 40. Temperatura zapłonu w normie. Nie stwierdzono niepokojąco podwyższonej zawartości cząstek zużyciowych. Zawartość sodu lekko podwyższona (prawdopodobnie jest to pochodna zanieczyszczenia oleju płynem chłodniczym lub wodą), wartość nie uległa znacząco zmianie w stosunku do poprzedniej analizy.

Zalecenia i wnioski:

Proszę obserwować zmiany w kolejnym badaniu zgodnie z przyjętym harmonogramem diagnostyki.","{""lepkość"": ""w_normie"", ""temperatura_zapłonu"": ""w_normie"", ""płyn_chłodniczy"": ""lekko_podniesiony"", ""sód"": ""lekko_podniesiony""}",1,W NORMIE
P2202024,"Oznaczona lepkość w normie dla oleju klasy SAE 40. Zawartość stałych ciał obcych w normie. Liczba zasadowa obniżona w stosunku do poprzedniego badania, jednak mieści się w oczekiwanym zakresie. Własności dyspergujące w normie. Temperatura zapłonu w normie. Zawartość sodu lekko podniesiona - trend stabilny. Zawartość wody w normie. Poziom metalicznych produktów zużycia oznaczony w badaniu pierwiastków (cząstki o rozmiarze <5 mikronów) w normie. Indeks PQ informujący o zawartości cząstek ferromagnetycznych (niezależnie od rozmiaru cząstek) w normie.

Wnioski i zalecenia:

Przeprowadzić kolejne badanie zgodnie z harmonogramem diagnostyki olejowej. Proszę obserwować zmiany w następnej analizie. Liczba zasadowa mieści się w oczekiwanym zakresie.","{""lepkość"": ""w_normie"", ""stałe_ciała_obce"": ""w_normie"", ""liczba_zasadowa"": ""obniżony"", ""temperatura_zapłonu"": ""w_normie"", ""sód"": ""lekko_podniesiony"", ""woda"": ""w_normie"", ""metale_zużyciowe"": ""w_normie"", ""pq_indeks"": ""w_normie""}",1,W NORMIE
P2202170,"Zawartość cząstek zużyciowych mieści się w dopuszczalnym zakresie. Wysoki poziom ołowiu pochodzącego z paliwa jest sytuacją typową dla lotniczych silników tłokowych.



Zalecenia i wnioski:

Proszę obserwować zmiany w kolejnym badaniu zgodnie z przyjętym harmonogramem diagnostyki.","{""metale_zużyciowe"": ""w_dopuszczalnym_zakresie"", ""paliwo"": ""podniesiony"", ""ołów"": ""podniesiony""}",0,W NORMIE
P2202246,"Zawartość pierwiastków zużyciowych mieści się w dopuszczalnym zakresie. Wysoka zawartość ołowiu pochodzącego z paliwa jest sytuacją typową dla lotniczych silników tłokowych. Nie stwierdzono niepokojącego zanieczyszczenia oleju.

Zalecenia i wnioski:

Proszę obserwować zmiany w kolejnym badaniu zgodnie z przyjętym harmonogramem diagnostyki. ","{""metale_zużyciowe"": ""w_dopuszczalnym_zakresie"", ""paliwo"": ""podniesiony"", ""ołów"": ""podniesiony""}",0,W NORMIE
P2202451,"Zawartość dodatków na oczekiwanym poziomie. Zawartość cząstek zużyciowych w dopuszczalnym zakresie, nie stwierdzono przyrostu w porównaniu do poprzedniego badania. Wysoka zawartość ołowiu pochodzącego z paliwa jest typową sytuacją dla tłokowych silników lotniczych. Nie stwierdzono niepokojącego zanieczyszczenia oleju.

Zalecenia i wnioski:

Proszę obserwować zmiany w następnym badaniu, zgodnie z przyjętym harmonogramem diagnostyki. ","{""paliwo"": ""podniesiony"", ""ołów"": ""podniesiony""}",0,W NORMIE
P2203734,"Lepkość wskazuje na olej klasy SAE 40 - trend stabilny. Temperatura zapłonu obniżona. Nie stwierdzono zanieczyszczenia glikolem ani olejem napędowym. Lekko podwyższona zawartość metali zużyciowych.

Wnioski i zalecenia:

Obserwować zmiany w kolejnej analizie. Upewnić się czy olej o danej lepkości może być eksploatowany. Wykonać kolejne badanie za ok. 500 mth pracy silnika, w celu oceny dynamiki zużycia.","{""lepkość"": ""w_normie"", ""temperatura_zapłonu"": ""obniżony"", ""glikol"": ""brak_wykrycia"", ""metale_zużyciowe"": ""lekko_podniesiony""}",1,W NORMIE
P2203979,"Zawartość dodatków na poziomie oczekiwanym dla oleju Aeroshell W15W-50. Nie stwierdzono niepokojącego zanieczyszczenia oleju. Zawartość cząstek zużyciowych wzrosła w porównaniu do poprzedniej analizy jednak mieści się w akceptowalnym zakresie. Wysoka zawartość ołowiu pochodzącego z paliwa jest sytuacją typową dla lotniczych silników tłokowych.



Zalecenia i wnioski:

Wszystkie oznaczone parametry mieszczą się w dopuszczalnych zakresach. Proszę obserwować zmiany w kolejnym badaniu zgodnie z przyjętym harmonogramem diagnostyki.","{""metale_zużyciowe"": ""podniesiony"", ""paliwo"": ""podniesiony"", ""ołów"": ""podniesiony""}",1,W NORMIE
P2205199,"Lepkość w normie dla klasy SAE 40. Temperatura zapłonu w normie. Nie stwierdzono niepokojąco podwyższonej zawartości cząstek zużyciowych. Zawartość sodu lekko podwyższona (prawdopodobnie jest to pochodna zanieczyszczenia oleju płynem chłodniczym lub wodą), wartość nie uległa znacząco zmianie w stosunku do poprzedniej analizy.

Zalecenia i wnioski:

Proszę obserwować zmiany w kolejnym badaniu zgodnie z przyjętym harmonogramem diagnostyki.","{""lepkość"": ""w_normie"", ""temperatura_zapłonu"": ""w_normie"", ""płyn_chłodniczy"": ""lekko_podniesiony"", ""sód"": ""lekko_podniesiony""}",0,W NORMIE
P2206535,"Zawartość metalicznych cząstek zużyciowych mieści się w dopuszczalnym zakresie, nie wskazuje na intensywny przebieg procesów zużycia lub/i korozji smarowanych elementów. Wysoki poziom ołowiu pochodzącego z paliwa jest sytuacją typową w tego typu tłokowym silniku lotniczym. Zawartość dodatków na poziomie oczekiwanym.



Zalecenia i wnioski:

Proszę obserwować zmiany w następnej analizie, zgodnie z przyjętym harmonogramem diagnostyki.","{""metale_zużyciowe"": ""w_dopuszczalnym_zakresie"", ""paliwo"": ""podniesiony"", ""ołów"": ""podniesiony""}",0,W NORMIE
P2207626,"Poziom metalicznych produktów zużycia oznaczony w badaniu pierwiastków (cząstki o rozmiarze <5 mikronów) mieści się w zakresie akceptowalnym. Wysoki poziom ołowiu pochodzącego z paliwa jest sytuacją typową dla lotniczych silników tłokowych.

Zalecenia i wnioski:

Proszę obserwować zmiany w kolejnym badaniu wykonanym po 25h nalotu silnika.","{""metale_zużyciowe"": ""w_akceptowalnym_zakresie"", ""paliwo"": ""podniesiony"", ""ołów"": ""podniesiony""}",0,W NORMIE
P2207916,"Nie stwierdzono niepokojąco podwyższonej zawartości cząstek zużyciowych. Wysoka zawartość ołowiu pochodzącego z paliwa jest sytuacją normalną dla tłokowych silników lotniczych.





Wnioski i zalecenia:



Proszę obserwować zmiany w następnej analizie, zgodnie z przyjętym harmonogramem diagnostyki.","{""paliwo"": ""podniesiony"", ""ołów"": ""podniesiony""}",0,W NORMIE
P2207919,"Nie stwierdzono niepokojąco podwyższonej zawartości cząstek zużyciowych. Wysoka zawartość ołowiu pochodzącego z paliwa jest sytuacją normalną dla tłokowych silników lotniczych.





Wnioski i zalecenia:



Proszę obserwować zmiany w następnej analizie, zgodnie z przyjętym harmonogramem diagnostyki.","{""paliwo"": ""podniesiony"", ""ołów"": ""podniesiony""}",0,W NORMIE
P2208240,"Zawartość cząstek zużyciowych w normie. Wysoka zawartość ołowiu pochodzącego z paliwa jest sytuacją typową dla tłokowych silników lotniczych. Zawartość dodatków na poziomie typowym dla oleju AeroShell W15W-50. Nie stwierdzono niepokojącego zanieczyszczenia oleju.



Zalecenia i wnioski:

Oznaczone parametry mieszczą się w dopuszczalnych zakresach. Proszę obserwować zmiany w kolejnym badaniu zgodnie z przyjętym harmonogramem diagnostyki.","{""metale_zużyciowe"": ""w_normie"", ""paliwo"": ""podniesiony"", ""ołów"": ""podniesiony""}",0,W NORMIE
P2208947,"Oznaczona lepkość w 100°C w normie dla oleju klasy SAE 40. Lepkość niemożliwa do oznaczenia zgodnie z PN-EN ISO 3104 ze względu na stan próbki. Liczba kwasowa powyżej oczekiwanej jednak rezerwa alkaliczna mieści się jeszcze na akceptowalnym poziomie. Zawartość wody (0,017%) w normie. Podwyższona zawartość sodu - prawdopodobne żródło to mineralne otoczenie układu olejowego lub/i pochodna zanieczyszczenia oleju wodą lub płynem chłodniczym. Indeks PQ (informujący o zawartości cząstek ferromagnetycznych bez względu na rozmiar) w normie. Zawartość cząstek zużyciowych (oznaczona w badaniu pierwiastków, cząstki <5µm) w normie.

Zalecenia i wnioski:
Oznaczone parametry mieszczą się w zakresach akceptowalnych. Proszę obserwować zmiany oraz przeprowadzić wymianę oleju zgodnie z przyjętym harmonogramem.","{""lepkość"": ""w_normie"", ""liczba_kwasowa"": ""w_akceptowalnym_zakresie"", ""rezerwa_alkaliczna"": ""w_akceptowalnym_zakresie"", ""woda"": ""w_normie"", ""płyn_chłodniczy"": ""podniesiony"", ""sód"": ""podniesiony"", ""pq_indeks"": ""w_normie"", ""metale_zużyciowe"": ""w_normie""}",0,W NORMIE
P2209373,"Zawartość cząstek zużyciowych mieści się w dopuszczalnym zakresie, nie stwierdzono znaczącego przyrostu w porównaniu do poprzednich analiz. Wysoka zawartość ołowiu pochodzącego z paliwa jest sytuacją typową dla lotniczych silników tłokowych.



Zalecenia i wnioski:

Oznaczone parametry mieszczą się w akceptowalnych zakresach. Proszę obserwować zmiany w kolejnym badaniu zgodnie z przyjętym harmonogramem diagnostyki.","{""paliwo"": ""podniesiony"", ""ołów"": ""podniesiony""}",1,W NORMIE
P2209905,"W porównaniu do poprzednich badań nie stwierdzono znaczącego przyrostu zawartości cząstek zużyciowych. Mieści się ona w dopuszczalnym zakresie. Wysoki poziom ołowiu pochodzącego z paliwa jest sytuacją typową dla lotniczych silników tłokowych.



Zalecenia i wnioski:

Proszę obserwować zmiany w kolejnym badaniu zgodnie z przyjętym harmonogramem diagnostyki.   ","{""paliwo"": ""podniesiony"", ""ołów"": ""podniesiony""}",0,W NORMIE
P2210071,"Zawartość cząstek zużyciowych w normie, w porównaniu do poprzedniego badania nie stwierdzono znaczącego przyrostu. Wysoka zawartość ołowiu pochodzącego z paliwa jest sytuacją typową dla tłokowych silników lotniczych. Zawartość dodatków na poziomie oczekiwanym dla oleju AeroShell W15W-50. Nie stwierdzono niepokojącego zanieczyszczenia oleju.



Zalecenia i wnioski:

Oznaczone parametry mieszczą się w dopuszczalnych zakresach. Proszę obserwować zmiany w kolejnym badaniu zgodnie z przyjętym harmonogramem diagnostyki.","{""paliwo"": ""podniesiony"", ""ołów"": ""podniesiony""}",0,W NORMIE
P2210369,"Zawartość cząstek zużyciowych mieści się w dopuszczalnym zakresie, w porównaniu do poprzedniego badania stwierdzono jedynie niewielki przyrost. Wysoka zawartość ołowiu pochodzącego z paliwa jest sytuacją typową dla tłokowych silników lotniczych. Nie stwierdzono niepokojącego zanieczyszczenia oleju.



Zalecenia i wnioski:

Oznaczone parametry mieszczą się w dopuszczalnych zakresach. Proszę obserwować zmiany w kolejnym badaniu zgodnie z przyjętym harmonogramem diagnostyki.","{""metale_zużyciowe"": ""w_dopuszczalnym_zakresie"", ""paliwo"": ""podniesiony"", ""ołów"": ""podniesiony""}",0,W NORMIE
P2210370,"Zawartość cząstek zużyciowych mieści się w dopuszczalnym zakresie, w porównaniu do poprzedniego badania stwierdzono jedynie niewielki przyrost. Wysoka zawartość ołowiu pochodzącego z paliwa jest sytuacją typową dla tłokowych silników lotniczych. Nie stwierdzono niepokojącego zanieczyszczenia oleju. 



Zalecenia i wnioski:

Oznaczone parametry mieszczą się w dopuszczalnych zakresach. Proszę obserwować zmiany w kolejnym badaniu zgodnie z przyjętym harmonogramem diagnostyki.   ","{""metale_zużyciowe"": ""w_dopuszczalnym_zakresie"", ""paliwo"": ""podniesiony"", ""ołów"": ""podniesiony""}",0,W NORMIE
P2210955,"Zawartość cząstek zużyciowych mieści się w dopuszczalnym zakresie. Wysoka zawartość ołowiu pochodzącego z paliwa jest sytuacją typową dla tłokowych silników lotniczych. Nie stwierdzono niepokojącego zanieczyszczenia oleju. Zawartość dodatków na poziomie oczekiwanym dla oleju AeroShell W100.





Zalecenia i wnioski:

Oznaczone parametry mieszczą się w dopuszczalnych zakresach. Proszę obserwować zmiany w kolejnym badaniu zgodnie z przyjętym harmonogramem diagnostyki.   ","{""metale_zużyciowe"": ""w_dopuszczalnym_zakresie"", ""paliwo"": ""podniesiony"", ""ołów"": ""podniesiony""}",0,W NORMIE
P2211101,"Nie stwierdzono niepokojąco podwyższonej zawartości cząstek zużyciowych. Wysoka zawartość ołowiu pochodzącego z paliwa jest sytuacją typową dla tłokowych silników lotniczych. Nie stwierdzono niepokojącego zanieczyszczenia oleju. Zawartość dodatków na poziomie oczekiwanym dla oleju AeroShell W15W-50.





Zalecenia i wnioski:

Oznaczone parametry mieszczą się w dopuszczalnych zakresach. Proszę obserwować zmiany w kolejnym badaniu zgodnie z przyjętym harmonogramem diagnostyki.   ","{""paliwo"": ""podniesiony"", ""ołów"": ""podniesiony""}",0,W NORMIE
P2211449,"Zawartość cząstek zużyciowych mieści się w dopuszczalnym zakresie. Wysoka zawartość ołowiu pochodzącego z paliwa jest sytuacją typową dla tłokowych silników lotniczych. Nie stwierdzono niepokojącego zanieczyszczenia oleju. Zawartość dodatków na poziomie oczekiwanym dla oleju AeroShell W100.





Zalecenia i wnioski:

Oznaczone parametry mieszczą się w dopuszczalnych zakresach. Proszę obserwować zmiany w kolejnym badaniu zgodnie z przyjętym harmonogramem diagnostyki.     ","{""metale_zużyciowe"": ""w_dopuszczalnym_zakresie"", ""paliwo"": ""podniesiony"", ""ołów"": ""podniesiony""}",0,W NORMIE
P2211623,"Zawartość miedzi i ołowiu w trendzie rosnącym, mieści się jeszcze w akceptowalnym zakresie. Pozostałe oznaczone parametry w normie.



Zalecenia i wnioski:

Proszę obserwować zmiany w kolejnym badaniu zgodnie z przyjętym harmonogramem diagnostyki.  ","{""pozostałe_parametry"": ""w_normie"", ""miedź"": ""podniesiony"", ""ołów"": ""podniesiony""}",0,W NORMIE
P2211822,"Nie stwierdzono niepokojąco podwyższonej zawartości cząstek zużyciowych. Wysoka zawartość ołowiu pochodzącego z paliwa jest sytuacją typową dla tłokowych silników lotniczych. Nie stwierdzono niepokojącego zanieczyszczenia oleju. Zawartość dodatków na poziomie oczekiwanym dla oleju AeroShell W15W-50.





Zalecenia i wnioski:

Oznaczone parametry mieszczą się w dopuszczalnych zakresach. Proszę obserwować zmiany w kolejnym badaniu zgodnie z przyjętym harmonogramem diagnostyki.   ","{""paliwo"": ""podniesiony"", ""ołów"": ""podniesiony""}",0,W NORMIE
P2211824,"W porównaniu do poprzedniej analizy nastąpił jedynie nieznaczny wzrost zawartości cząstek zużyciowych. Wysoka zawartość ołowiu pochodzącego z paliwa jest sytuacją typową dla tłokowych silników lotniczych. Nie stwierdzono niepokojącego zanieczyszczenia oleju. Zawartość dodatków na poziomie oczekiwanym dla oleju AeroShell W15W-50.





Zalecenia i wnioski:

Oznaczone parametry mieszczą się w dopuszczalnych zakresach. Proszę obserwować zmiany w kolejnym badaniu zgodnie z przyjętym harmonogramem diagnostyki.   ","{""paliwo"": ""podniesiony"", ""ołów"": ""podniesiony""}",0,W NORMIE
P2211826,"Nie stwierdzono niepokojąco podwyższonej zawartości cząstek zużyciowych. Wysoka zawartość ołowiu pochodzącego z paliwa jest sytuacją typową dla tłokowych silników lotniczych. Nie stwierdzono niepokojącego zanieczyszczenia oleju. Zawartość dodatków na poziomie oczekiwanym dla oleju AeroShell W15W-50.





Zalecenia i wnioski:

Oznaczone parametry mieszczą się w dopuszczalnych zakresach. Proszę obserwować zmiany w kolejnym badaniu zgodnie z przyjętym harmonogramem diagnostyki.     ","{""paliwo"": ""podniesiony"", ""ołów"": ""podniesiony""}",0,W NORMIE
P2211903,"Nie stwierdzono niepokojąco podwyższonej zawartości cząstek zużyciowych. Wysoka zawartość ołowiu pochodzącego z paliwa jest sytuacją typową dla tłokowych silników lotniczych. Nie stwierdzono niepokojącego zanieczyszczenia oleju. Zawartość dodatków na poziomie oczekiwanym dla oleju AeroShell W15W-50.





Zalecenia i wnioski:

Oznaczone parametry mieszczą się w dopuszczalnych zakresach. Proszę obserwować zmiany w kolejnym badaniu zgodnie z przyjętym harmonogramem diagnostyki.   ","{""paliwo"": ""podniesiony"", ""ołów"": ""podniesiony""}",0,W NORMIE
P2212158,"Oznaczone własności reologiczne wskazują na dolny zakres lepkości klasy SAE50. Poziom metalicznych produktów zużycia na niskim poziomie. Temperatura zapłonu na poprawnym poziomie, nie wskazuje na problem nadmiernych przecieków paliwa do oleju smarnego. Niski poziom zanieczyszczeń (krzem, potas, sód, woda), wskazuje na poprawne działanie układu oczyszczania powietrza oraz brak nieszczelności z układu chłodzenia.

Zalecenia i wnioski:

Olej kwalifikuje się do dalszej eksploatacji. Proszę obserwować zmiany w kolejnej analizie. Wykonać badanie kolejnej próbki zgodnie z przyjętym programem diagnostyki olejowej, lecz nie później niż 1000mth.","{""metale_zużyciowe"": ""obniżony"", ""woda"": ""obniżony"", ""potas"": ""obniżony"", ""krzem"": ""obniżony""}",0,W NORMIE
P2212159,"Oznaczone własności reologiczne na poprawnym poziomie. Poziom metalicznych produktów zużycia w w normie, prezentuje stabilny trend. Poziom dodatków dobrze koresponduje z próbką referencyjną z naszej bazy danych. Temperatura zapłonu na poprawnym poziomie, nie wskazuje na problem nadmiernych przecieków paliwa do oleju smarnego. Niski poziom zanieczyszczeń (krzem, potas, sód, woda) wskazuje na poprawne działanie układu oczyszczania powietrza oraz brak nieszczelności z układu chłodzenia.

Zalecenia i wnioski:

Olej kwalifikuje się do dalszej eksploatacji. Proszę obserwować zmiany w kolejnej analizie. Wykonać badanie kolejnej próbki zgodnie z przyjętym programem diagnostyki olejowej, lecz nie później niż 1000mth.","{""metale_zużyciowe"": ""w_normie"", ""woda"": ""obniżony"", ""potas"": ""obniżony"", ""krzem"": ""obniżony""}",0,W NORMIE
P2212191,"Zawartość cząstek zużyciowych na dopuszczalnym poziomie. Wysoka zawartość ołowiu pochodzącego z paliwa jest sytuacją typową dla tłokowych silników lotniczych. Nie stwierdzono niepokojącego zanieczyszczenia oleju. W naszej bazie danych nie posiadamy referencji oleju Philips 20W-50,  z tego powodu niemożliwy jest precyzyjny komentarz dotyczący zawartości dodatków.





Zalecenia i wnioski:

Proszę obserwować zmiany w kolejnym badaniu zgodnie z przyjętym harmonogramem diagnostyki.   ","{""metale_zużyciowe"": ""w_dopuszczalnym_zakresie"", ""paliwo"": ""podniesiony"", ""ołów"": ""podniesiony""}",1,W NORMIE
P2212802,"Zawartość pierwiastków zużyciowych w normie. Wysoka zawartość ołowiu pochodzącego z paliwa jest sytuacją typową dla lotniczych silników tłokowych. Nie stwierdzono niepokojącego zanieczyszczenia oleju.



Zalecenia i wnioski:

Oznaczone parametry mieszczą się w dopuszczalnych zakresach. Proszę obserwować zmiany w kolejnym badaniu zgodnie z przyjętym harmonogramem diagnostyki. ","{""metale_zużyciowe"": ""w_normie"", ""paliwo"": ""podniesiony"", ""ołów"": ""podniesiony""}",0,W NORMIE
P2212912,"Zawartość pierwiastków zużyciowych mieści się w dopuszczalnym zakresie. Wysoka zawartość ołowiu pochodzącego z paliwa jest sytuacją typową dla tłokowych silników lotniczych. Nie stwierdzono niepokojącego zanieczyszczenia oleju. Zawartość dodatków na poziomie oczekiwanym dla oleju AeroShell W15W-50.



Zalecenia i wnioski:

Oznaczone parametry mieszczą się w dopuszczalnych zakresach. Proszę obserwować zmiany w kolejnym badaniu zgodnie z przyjętym harmonogramem.","{""metale_zużyciowe"": ""w_dopuszczalnym_zakresie"", ""paliwo"": ""podniesiony"", ""ołów"": ""podniesiony""}",1,W NORMIE
P2212985,"Nie stwierdzono niepokojąco podwyższonej zawartości pierwiastków zużyciowych. Wysoka zawartość ołowiu pochodzącego z paliwa jest sytuacją typową dla tłokowych silników lotniczych. Nie stwierdzono niepokojącego zanieczyszczenia oleju. Zawartość dodatków na poziomie oczekiwanym dla oleju AeroShell W15W-50.



Zalecenia i wnioski:

Oznaczone parametry mieszczą się w dopuszczalnych zakresach. Proszę obserwować zmiany w kolejnym badaniu zgodnie z przyjętym harmonogramem.","{""paliwo"": ""podniesiony"", ""ołów"": ""podniesiony""}",0,W NORMIE
P2213134,"Zawartość cząstek zużyciowych w normie, w porównaniu do poprzedniego badania nie stwierdzono znaczącego przyrostu. Wysoka zawartość ołowiu pochodzącego z paliwa jest sytuacją typową dla tłokowych silników lotniczych. Zawartość dodatków na poziomie oczekiwanym dla oleju AeroShell W15W-50.

Zalecenia i wnioski:

Oznaczone parametry mieszczą się w dopuszczalnych zakresach. Proszę obserwować zmiany w kolejnym badaniu zgodnie z przyjętym harmonogramem diagnostyki.","{""paliwo"": ""podniesiony"", ""ołów"": ""podniesiony""}",0,W NORMIE
P2213487,"Zawartość cząstek zużyciowych w normie. Wysoka zawartość ołowiu pochodzącego z paliwa jest sytuacją typową dla tłokowych silników lotniczych. Nie stwierdzono niepokojącego zanieczyszczenia oleju. Zawartość dodatków na poziomie oczekiwanym dla oleju AeroShell W100.





Zalecenia i wnioski:

Oznaczone parametry mieszczą się w dopuszczalnych zakresach. Proszę obserwować zmiany w kolejnym badaniu zgodnie z przyjętym harmonogramem diagnostyki.      ","{""metale_zużyciowe"": ""w_normie"", ""paliwo"": ""podniesiony"", ""ołów"": ""podniesiony""}",0,W NORMIE
P2213491,"Zawartość cząstek zużyciowych w normie. Wysoka zawartość ołowiu pochodzącego z paliwa jest sytuacją typową dla tłokowych silników lotniczych. Nie stwierdzono niepokojącego zanieczyszczenia oleju. Zawartość dodatków na poziomie oczekiwanym dla oleju AeroShell W100.





Zalecenia i wnioski:

Oznaczone parametry mieszczą się w dopuszczalnych zakresach. Proszę obserwować zmiany w kolejnym badaniu zgodnie z przyjętym harmonogramem diagnostyki.   ","{""metale_zużyciowe"": ""w_normie"", ""paliwo"": ""podniesiony"", ""ołów"": ""podniesiony""}",0,W NORMIE
P2213637,"Lepkość w normie dla klasy SAE 30. Temperatura zapłonu na akceptowalnym poziomie. Zawartość dodatków na poziomie oczekiwanym. Lekko podwyższona zawartość krzemu. Zawartość stałych zanieczyszczeń w normie. Zawartość wody w normie. Nie stwierdzono niepokojąco podwyższonej zawartości cząstek zużyciowych. Liczba kwasowa w trendzie rosnącym, mieści się w zakresie typowym dla eksploatowanych olejów silnikowych.   



Zalecenia i wnioski:

Oznaczone parametry mieszczą się w dopuszczalnych zakresach. Olej kwalifikuje się do dalszej eksploatacji Zalecana jest obserwacja zmian w kolejnych badaniach zgodnie z przyjętym harmonogramem.","{""lepkość"": ""w_normie"", ""temperatura_zapłonu"": ""w_akceptowalnym_zakresie"", ""krzem"": ""lekko_podniesiony"", ""zanieczyszczenia_stałe"": ""w_normie"", ""woda"": ""w_normie"", ""liczba_kwasowa"": ""podniesiony""}",0,W NORMIE
P2213639,"Lepkość w normie dla klasy SAE 30. Temperatura zapłonu na akceptowalnym poziomie. Zawartość dodatków na poziomie oczekiwanym. Lekko podwyższona zawartość krzemu. Zawartość stałych zanieczyszczeń w normie. Zawartość wody w normie. Zawartości cząstek zużyciowych wzrosła jedynie nieznacznie w porównaiu do poprzedniego badania, mieści się w zakresie dopuszczalnym. Liczba kwasowa w trendzie rosnącym, mieści się w zakresie typowym dla eksploatowanych olejów silnikowych.



Zalecenia i wnioski:

Oznaczone parametry mieszczą się w dopuszczalnych zakresach. Olej kwalifikuje się do dalszej eksploatacji Zalecana jest obserwacja zmian w kolejnych badaniach zgodnie z przyjętym harmonogramem.","{""lepkość"": ""w_normie"", ""temperatura_zapłonu"": ""w_akceptowalnym_zakresie"", ""krzem"": ""lekko_podniesiony"", ""zanieczyszczenia_stałe"": ""w_normie"", ""woda"": ""w_normie"", ""metale_zużyciowe"": ""podniesiony"", ""liczba_kwasowa"": ""podniesiony""}",0,W NORMIE
P2213640,"Lepkość w normie dla klasy SAE 30. Temperatura zapłonu w normie. Zawartość dodatków na poziomie oczekiwanym. Lekko podwyższona zawartość krzemu, trend stabilny. Zawartość stałych zanieczyszczeń wzrosła w porównaniu do poprzedniego badania, mieści się w zakresie akceptowalnym. Zawartość wody w normie. Nie stwierdzono niepokojąco podwyższonej zawartości cząstek zużyciowych. Liczba kwasowa w trendzie rosnącym, mieści się w zakresie typowym dla eksploatowanych olejów silnikowych.   



Zalecenia i wnioski:

Oznaczone parametry mieszczą się w dopuszczalnych zakresach. Olej kwalifikuje się do dalszej eksploatacji Zalecana jest obserwacja zmian w kolejnych badaniach zgodnie z przyjętym harmonogramem.","{""lepkość"": ""w_normie"", ""temperatura_zapłonu"": ""w_normie"", ""krzem"": ""lekko_podniesiony"", ""zanieczyszczenia_stałe"": ""podniesiony"", ""woda"": ""w_normie"", ""liczba_kwasowa"": ""podniesiony""}",0,W NORMIE
P2213641,"Lepkość w normie dla klasy SAE 30. Temperatura zapłonu na bezpiecznym poziomie. Zawartość dodatków na poziomie oczekiwanym. Lekko podwyższona zawartość krzemu, trend stabilny. Zawartość stałych zanieczyszczeń wzrosła lekko w porównaniu do poprzedniego badania, mieści się w zakresie akceptowalnym. Zawartość wody w normie. Nie stwierdzono niepokojąco podwyższonej zawartości cząstek zużyciowych. Liczba kwasowa w trendzie rosnącym, mieści się w zakresie typowym dla eksploatowanych olejów silnikowych.



Zalecenia i wnioski:

Oznaczone parametry mieszczą się w dopuszczalnych zakresach. Olej kwalifikuje się do dalszej eksploatacji Zalecana jest obserwacja zmian w kolejnych badaniach zgodnie z przyjętym harmonogramem.","{""lepkość"": ""w_normie"", ""temperatura_zapłonu"": ""w_zakresie_bezpiecznym"", ""krzem"": ""lekko_podniesiony"", ""zanieczyszczenia_stałe"": ""podniesiony"", ""woda"": ""w_normie"", ""liczba_kwasowa"": ""podniesiony""}",0,W NORMIE
P2214172,"Zawartość cząstek zużyciowych w normie, w porównaniu do poprzedniego badania stwierdzono jedynie nieznaczny przyrost. Wysoka zawartość ołowiu pochodzącego z paliwa jest sytuacją typową dla tłokowych silników lotniczych. Zawartość dodatków na poziomie oczekiwanym dla oleju AeroShell W15W-50. Nie stwierdzono niepokojącego zanieczyszczenia oleju.



Zalecenia i wnioski:

Oznaczone parametry mieszczą się w dopuszczalnych zakresach. Proszę obserwować zmiany w kolejnym badaniu zgodnie z przyjętym harmonogramem diagnostyki.","{""metale_zużyciowe"": ""podniesiony"", ""paliwo"": ""podniesiony"", ""ołów"": ""podniesiony""}",0,W NORMIE
P2214507,"Zawartość cząstek zużyciowych mieści się w dopuszczalnym zakresie. Wysoki poziom ołowiu pochodzącego z paliwa jest sytuacją normalną dla tłokowych silników lotniczych. Oznaczone dodatki na poziomie oczekiwanym dla oleju AeroShell W15W-50. W badaniu pierwiastków nie stwierdzono niepokojącego zanieczyszczenia oleju.



Zalecenia i wnioski:

Proszę obserwować zmiany w następnej analizie, zgodnie z przyjętym harmonogramem diagnostyki.","{""metale_zużyciowe"": ""w_dopuszczalnym_zakresie"", ""paliwo"": ""podniesiony"", ""ołów"": ""podniesiony""}",0,W NORMIE
P2214640,"Zawartość cząstek zużyciowych mieści się w dopuszczalnym zakresie. Wysoki poziom ołowiu pochodzącego z paliwa jest sytuacją normalną dla tłokowych silników lotniczych. Oznaczone dodatki na poziomie oczekiwanym dla oleju AeroShell W15W-50. W badaniu pierwiastków nie stwierdzono niepokojącego zanieczyszczenia oleju.

Zalecenia i wnioski:

Proszę obserwować zmiany w następnej analizie, zgodnie z przyjętym harmonogramem diagnostyki.","{""metale_zużyciowe"": ""w_dopuszczalnym_zakresie"", ""paliwo"": ""podniesiony"", ""ołów"": ""podniesiony""}",0,W NORMIE
P2215222,"Poziom metalicznych produktów zużycia oznaczony w badaniu pierwiastków (cząstki o rozmiarze <5 mikronów) w normie. Wysoka zawartość ołowiu pochodzącego z paliwa jest sytuacją typową dla tłokowych silników lotniczych. Nie stwierdzono niepokojącego zanieczyszczenia oleju. Zawartość dodatków na poziomie oczekiwanym dla oleju AeroShell W15W-50.

Zalecenia i wnioski:

Oznaczone parametry mieszczą się w dopuszczalnych zakresach. Proszę obserwować zmiany w kolejnym badaniu zgodnie z przyjętym harmonogramem diagnostyki.   ","{""metale_zużyciowe"": ""w_normie"", ""paliwo"": ""podniesiony"", ""ołów"": ""podniesiony""}",0,W NORMIE
P2215223,"Poziom metalicznych produktów zużycia oznaczony w badaniu pierwiastków (cząstki o rozmiarze <5 mikronów) w normie. Wysoka zawartość ołowiu pochodzącego z paliwa jest sytuacją typową dla tłokowych silników lotniczych. Nie stwierdzono niepokojącego zanieczyszczenia oleju. Zawartość dodatków na poziomie oczekiwanym dla oleju AeroShell W15W-50.

Zalecenia i wnioski:

Oznaczone parametry mieszczą się w dopuszczalnych zakresach. Proszę obserwować zmiany w kolejnym badaniu zgodnie z przyjętym harmonogramem diagnostyki.   ","{""metale_zużyciowe"": ""w_normie"", ""paliwo"": ""podniesiony"", ""ołów"": ""podniesiony""}",0,W NORMIE
P2215229,"Zawartość cząstek zużyciowych mieści się w dopuszczalnym zakresie, nie stwierdzono znaczącego przyrostu w porównaniu do poprzedniej analizy. Wysoki poziom ołowiu pochodzącego z paliwa jest sytuacją normalną dla tłokowych silników lotniczych. 



Zalecenia i wnioski:

Proszę obserwować zmiany w następnej analizie, zgodnie z przyjętym harmonogramem diagnostyki.","{""paliwo"": ""podniesiony"", ""ołów"": ""podniesiony""}",0,W NORMIE
P2215290,"Nie stwierdzono niepokojąco podwyższonej zawartości cząstek zużyciowych. Wysoki poziom ołowiu pochodzącego z paliwa jest sytuacją normalną dla tłokowych silników lotniczych.





Zalecenia i wnioski:

Proszę obserwować zmiany w następnej analizie, zgodnie z przyjętym harmonogramem diagnostyki.","{""paliwo"": ""podniesiony"", ""ołów"": ""podniesiony""}",0,W NORMIE
P2215314,"Nie stwierdzono niepokojąco podwyższonej zawartości cząstek zużyciowych. Wysoki poziom ołowiu pochodzącego z paliwa jest sytuacją normalną dla tłokowych silników lotniczych.





Zalecenia i wnioski:

Proszę obserwować zmiany w następnej analizie, zgodnie z przyjętym harmonogramem diagnostyki.","{""paliwo"": ""podniesiony"", ""ołów"": ""podniesiony""}",1,W NORMIE
P2215525,"Zawartość dodatków uszlachetniających na poziomie oczekiwanym dla oleju AeroShell W15W-50. Zawartość krzemu w zakresie dopuszczalnym. Zawartość niklu w zakresie dopuszczalnym. Poziom pozostałych metalicznych produktów zużycia oznaczony w badaniu pierwiastków w normie. Wysoka zawartość ołowiu pochodzącego z paliwa jest sytuacją typową dla tego typu tłokowych silników lotniczych.

Wnioski i zalecenia:

Proszę obserwować zmiany w następnej analizie. Przeprowadzić kolejne badanie zgodnie z przyjętym  harmonogramem diagnostyki olejowej.","{""dodatki_uszlachetniające"": ""w_normie"", ""krzem"": ""w_dopuszczalnym_zakresie"", ""metale_zużyciowe"": ""w_normie"", ""paliwo"": ""podniesiony"", ""ołów"": ""podniesiony""}",1,W NORMIE
P2215526,"Zawartość dodatków uszlachetniających na poziomie oczekiwanym dla oleju AeroShell W15W-50. Poziom metalicznych produktów zużycia oznaczony w badaniu pierwiastków w normie. Wysoka zawartość ołowiu pochodzącego z paliwa jest sytuacją typową dla tego typu tłokowych silników lotniczych.

Wnioski i zalecenia:

Proszę obserwować zmiany w następnej analizie. Przeprowadzić kolejne badanie zgodnie z przyjętym  harmonogramem diagnostyki olejowej.","{""dodatki_uszlachetniające"": ""w_normie"", ""metale_zużyciowe"": ""w_normie"", ""paliwo"": ""podniesiony"", ""ołów"": ""podniesiony""}",0,W NORMIE
P2215939,"Zawartość cząstek zużyciowych mieści się w dopuszczalnym zakresie. Wysoki poziom ołowiu pochodzącego z paliwa jest sytuacją normalną dla tłokowych silników lotniczych. Oznaczone dodatki na poziomie oczekiwanym dla oleju AeroShell W15W-50. W badaniu pierwiastków nie stwierdzono niepokojącego zanieczyszczenia oleju.



Zalecenia i wnioski:

Proszę obserwować zmiany w następnej analizie, zgodnie z przyjętym harmonogramem diagnostyki.","{""metale_zużyciowe"": ""w_dopuszczalnym_zakresie"", ""paliwo"": ""podniesiony"", ""ołów"": ""podniesiony""}",0,W NORMIE
P2216276,"Zawartość cząstek zużyciowych w normie. Wysoka zawartość ołowiu pochodzącego z paliwa jest sytuacją typową dla tłokowych silników lotniczych. Nie stwierdzono niepokojącego zanieczyszczenia oleju. Zawartość dodatków na poziomie oczekiwanym dla oleju AeroShell W100.





Zalecenia i wnioski:

Oznaczone parametry mieszczą się w dopuszczalnych zakresach. Proszę obserwować zmiany w kolejnym badaniu zgodnie z przyjętym harmonogramem diagnostyki.      ","{""metale_zużyciowe"": ""w_normie"", ""paliwo"": ""podniesiony"", ""ołów"": ""podniesiony""}",0,W NORMIE
P2216553,"Zawartość dodatków uszlachetniających na poziomie oczekiwanym dla oleju AeroShell W15W-50. Poziom metalicznych produktów zużycia oznaczony w badaniu pierwiastków w normie. Wysoka zawartość ołowiu pochodzącego z paliwa jest sytuacją typową dla tego typu tłokowych silników lotniczych.

Wnioski i zalecenia:

Proszę obserwować zmiany w następnej analizie. Przeprowadzić kolejne badanie zgodnie z przyjętym  harmonogramem diagnostyki olejowej.","{""dodatki_uszlachetniające"": ""w_normie"", ""metale_zużyciowe"": ""w_normie"", ""paliwo"": ""podniesiony"", ""ołów"": ""podniesiony""}",0,W NORMIE
P2216554,"Zawartość dodatków uszlachetniających na poziomie oczekiwanym dla oleju AeroShell W15W-50. Poziom metalicznych produktów zużycia oznaczony w badaniu pierwiastków w normie. Wysoka zawartość ołowiu pochodzącego z paliwa jest sytuacją typową dla tego typu tłokowych silników lotniczych.

Wnioski i zalecenia:

Proszę obserwować zmiany w następnej analizie. Przeprowadzić kolejne badanie zgodnie z przyjętym  harmonogramem diagnostyki olejowej.","{""dodatki_uszlachetniające"": ""w_normie"", ""metale_zużyciowe"": ""w_normie"", ""paliwo"": ""podniesiony"", ""ołów"": ""podniesiony""}",0,W NORMIE
P2216579," Poziom metalicznych produktów zużycia oznaczony w badaniu pierwiastków w normie. Wysoka zawartość ołowiu pochodzącego z paliwa jest sytuacją typową dla tego typu tłokowych silników lotniczych.

Wnioski i zalecenia:

Proszę obserwować zmiany w następnej analizie. Przeprowadzić kolejne badanie zgodnie z przyjętym  harmonogramem diagnostyki olejowej.","{""metale_zużyciowe"": ""w_normie"", ""paliwo"": ""podniesiony"", ""ołów"": ""podniesiony""}",0,W NORMIE
P2216960,"Zawartość cząstek zużyciowych w normie. Wysoka zawartość ołowiu pochodzącego z paliwa jest sytuacją typową dla tłokowych silników lotniczych. Zawartość dodatków na poziomie oczekiwanym dla oleju AeroShell W15W-50. Nie stwierdzono niepokojącego zanieczyszczenia oleju.  



Zalecenia i wnioski:

Oznaczone parametry mieszczą się w dopuszczalnych zakresach. Proszę obserwować zmiany w kolejnym badaniu zgodnie z przyjętym harmonogramem diagnostyki.","{""metale_zużyciowe"": ""w_normie"", ""paliwo"": ""podniesiony"", ""ołów"": ""podniesiony""}",0,W NORMIE
P2216962,"Zawartość cząstek zużyciowych mieści się w dopuszczalnym zakresie. Wysoka zawartość ołowiu pochodzącego z paliwa jest sytuacją typową dla tłokowych silników lotniczych. Zawartość dodatków na poziomie oczekiwanym dla oleju AeroShell Sport Plus 4. Lekko (nie krytycznie) podwyższona zawartość krzemu - prawdopodobne pochodzenie to pył z otoczenia.



Zalecenia i wnioski:

Oznaczone parametry mieszczą się w dopuszczalnych zakresach. Proszę obserwować zmiany w kolejnym badaniu zgodnie z przyjętym harmonogramem diagnostyki.","{""metale_zużyciowe"": ""w_dopuszczalnym_zakresie"", ""paliwo"": ""podniesiony"", ""ołów"": ""podniesiony"", ""krzem"": ""krytycznie_podniesiony""}",0,W NORMIE
P2219438,"Zawartość cząstek zużyciowych mieści się w dopuszczalnym zakresie. Wysoka zawartość ołowiu pochodzącego z paliwa jest sytuacją typową dla lotniczych silników tłokowych.



Zalecenia i wnioski:

Oznaczone parametry mieszczą się w akceptowalnych zakresach. Proszę obserwować zmiany w kolejnym badaniu zgodnie z przyjętym harmonogramem diagnostyki.","{""metale_zużyciowe"": ""w_dopuszczalnym_zakresie"", ""paliwo"": ""podniesiony"", ""ołów"": ""podniesiony""}",0,W NORMIE
P2219439,"Zawartość cząstek zużyciowych mieści się w dopuszczalnym zakresie. Wysoka zawartość ołowiu pochodzącego z paliwa jest sytuacją typową dla lotniczych silników tłokowych.



Zalecenia i wnioski:

Oznaczone parametry mieszczą się w akceptowalnych zakresach. Proszę obserwować zmiany w kolejnym badaniu zgodnie z przyjętym harmonogramem diagnostyki.     ","{""metale_zużyciowe"": ""w_dopuszczalnym_zakresie"", ""paliwo"": ""podniesiony"", ""ołów"": ""podniesiony""}",0,W NORMIE
P2220037,"Nie stwierdzono niepokojąco podwyższonej zawartości pierwiastków zużyciowych. Wysoka zawartość ołowiu pochodzącego z paliwa jest sytuacją typową dla lotniczych silników tłokowych. 

Zalecenia i wnioski:

Proszę obserwować zmiany w kolejnym badaniu zgodnie z przyjętym harmonogramem diagnostyki. ","{""paliwo"": ""podniesiony"", ""ołów"": ""podniesiony""}",0,W NORMIE
P2300445,"Zawartość cząstek zużyciowych wzrosła jedynie nieznacznie w porównaniu do poprzedniego badania i mieści się w dopuszczalnym zakresie. Wysoka zawartość ołowiu pochodzącego z paliwa jest sytuacją typową dla tłokowych silników lotniczych. Zawartość dodatków na poziomie oczekiwanym dla oleju AeroShell Sport Plus 4. 



Zalecenia i wnioski:

Oznaczone parametry mieszczą się w dopuszczalnych zakresach. Proszę obserwować zmiany w kolejnym badaniu zgodnie z przyjętym harmonogramem diagnostyki.","{""metale_zużyciowe"": ""podniesiony"", ""paliwo"": ""podniesiony"", ""ołów"": ""podniesiony""}",0,W NORMIE
P2300824,"Oznaczona lepkość w normie dla oleju klasy SAE 20. Temperatura zapłonu w normie. Zawartość wody w normie. Rezerwa alkaliczna uległa wyczerpaniu. Zawartość sodu i potasu podwyższona. Poziom metalicznych produktów zużycia oznaczony w badaniu pierwiastków (cząstki o rozmiarach <5um) w normie. Indeks PQ, informujący o magnetycznych ferrocząstkach (niezależnie od rozmiaru cząstek) w normie.

Zalecam skrócenie interwału pomiędzy wymianami oleju. ","{""lepkość"": ""w_normie"", ""temperatura_zapłonu"": ""w_normie"", ""woda"": ""w_normie"", ""sód"": ""podniesiony"", ""potas"": ""podniesiony"", ""metale_zużyciowe"": ""w_normie"", ""pq_indeks"": ""w_normie""}",1,W NORMIE
P2301029,"Poziom metalicznych produktów zużycia oznaczony w badaniu pierwiastków w normie. Wysoka zawartość ołowiu pochodzącego z paliwa jest sytuacją typową dla tego typu tłokowych silników lotniczych.

Wnioski i zalecenia:

Proszę obserwować zmiany w następnej analizie. Przeprowadzić kolejne badanie zgodnie z przyjętym  harmonogramem diagnostyki olejowej.","{""metale_zużyciowe"": ""w_normie"", ""paliwo"": ""podniesiony"", ""ołów"": ""podniesiony""}",0,W NORMIE
P2301102,"Zawartość dodatków uszlachetniających na poziomie oczekiwanym dla oleju AeroShell W15W-50. Poziom metalicznych produktów zużycia oznaczony w badaniu pierwiastków (cząstki o rozmiarze <5 mikronów) w normie. Wysoka zawartość ołowiu pochodzącego z paliwa jest sytuacją typową dla tego typu tłokowych silników lotniczych.

Wnioski i zalecenia:

Proszę obserwować zmiany w następnej analizie. Przeprowadzić kolejne badanie zgodnie z przyjętym  harmonogramem diagnostyki olejowej.","{""dodatki_uszlachetniające"": ""w_normie"", ""metale_zużyciowe"": ""w_normie"", ""paliwo"": ""podniesiony"", ""ołów"": ""podniesiony""}",0,W NORMIE
P2301507,"Poziom metalicznych produktów zużycia oznaczony w badaniu pierwiastków (cząstki o rozmiarach <5um) w normie. Wysoka zawartość ołowiu pochodzącego z paliwa jest sytuacją typową dla tłokowych silników lotniczych. Zawartość dodatków na poziomie oczekiwanym dla oleju AeroShell Sport Plus 4. 

Zalecenia i wnioski:

Oznaczone parametry mieszczą się w dopuszczalnych zakresach. Proszę obserwować zmiany w kolejnym badaniu zgodnie z przyjętym harmonogramem diagnostyki.","{""metale_zużyciowe"": ""w_normie"", ""paliwo"": ""podniesiony"", ""ołów"": ""podniesiony""}",0,W NORMIE
P2301845,"Zawartość cząstek zużyciowych na dopuszczalnym poziomie, nie wskazuje na intensywny przebieg procesów zużycia lub korozji smarowanych elementów. Wysoka zawartość ołowiu pochodzącego z paliwa jest sytuacją typową dla tłokowych silników lotniczych. Nie stwierdzono niepokojącego zanieczyszczenia oleju. Zawartość dodatków na poziomie oczekiwanym dla oleju AeroShell W100.





Zalecenia i wnioski:

Oznaczone parametry mieszczą się w dopuszczalnych zakresach, nie świadczą o przebiegu niepokojących procesów w obrębie układu olejowego. Zalecana jest obserwacja zmian w kolejnych badaniach zgodnie z przyjętym harmonogramem diagnostyki.      ","{""metale_zużyciowe"": ""w_dopuszczalnym_zakresie"", ""paliwo"": ""podniesiony"", ""ołów"": ""podniesiony""}",0,W NORMIE
P2301929,"Zawartość cząstek zużyciowych w normie. Wysoka zawartość ołowiu pochodzącego z paliwa jest sytuacją typową dla tłokowych silników lotniczych. Nie stwierdzono niepokojącego zanieczyszczenia oleju. Zawartość dodatków na poziomie oczekiwanym dla oleju AeroShell W100.





Zalecenia i wnioski:

Oznaczone parametry mieszczą się w dopuszczalnych zakresach. Proszę obserwować zmiany w kolejnym badaniu zgodnie z przyjętym harmonogramem diagnostyki.      ","{""metale_zużyciowe"": ""w_normie"", ""paliwo"": ""podniesiony"", ""ołów"": ""podniesiony""}",0,W NORMIE
P2303343,"Zawartość cząstek zużyciowych mieści się w dopuszczalnym zakresie. Wysoka zawartość ołowiu pochodzącego z paliwa jest sytuacją typową dla tłokowych silników lotniczych. Nie stwierdzono niepokojącego zanieczyszczenia oleju. Oznaczony poziom dodatków nieznacznie odbiega od posiadanej przez nas referencji oleju świeżego AeroShell W15W-50, co prawdopodobnie wynika z pozostałości sprzed wymiany.  





Zalecenia i wnioski:

Oznaczone parametry mieszczą się w dopuszczalnych zakresach. Proszę obserwować zmiany w kolejnym badaniu zgodnie z przyjętym harmonogramem diagnostyki.     ","{""metale_zużyciowe"": ""w_dopuszczalnym_zakresie"", ""paliwo"": ""podniesiony"", ""ołów"": ""podniesiony""}",1,W NORMIE
P2303478,"Poziom metalicznych produktów zużycia oznaczony w badaniu pierwiastków (cząstki o rozmiarach <5um) w normie. Wysoka zawartość ołowiu pochodzącego z paliwa jest sytuacją typową dla tłokowych silników lotniczych. Nie stwierdzono niepokojącego zanieczyszczenia oleju. Zawartość dodatków na poziomie oczekiwanym dla oleju AeroShell W100.

Zalecenia i wnioski:

Oznaczone parametry mieszczą się w dopuszczalnych zakresach. Proszę obserwować zmiany w kolejnym badaniu zgodnie z przyjętym harmonogramem diagnostyki.     ","{""metale_zużyciowe"": ""w_normie"", ""paliwo"": ""podniesiony"", ""ołów"": ""podniesiony""}",0,W NORMIE
P2304027,"Nie stwierdzono niepokojąco podwyższonej zawartości pierwiastków zużyciowych. Wysoka zawartość ołowiu pochodzącego z paliwa jest sytuacją typową dla lotniczych silników tłokowych. 

Zalecenia i wnioski:

Proszę obserwować zmiany w kolejnym badaniu zgodnie z przyjętym harmonogramem diagnostyki. ","{""paliwo"": ""podniesiony"", ""ołów"": ""podniesiony""}",0,W NORMIE
P2304030,"Nie stwierdzono niepokojąco podwyższonej zawartości pierwiastków zużyciowych. Wysoka zawartość ołowiu pochodzącego z paliwa jest sytuacją typową dla lotniczych silników tłokowych. 

Zalecenia i wnioski:

Proszę obserwować zmiany w kolejnym badaniu zgodnie z przyjętym harmonogramem diagnostyki. ","{""paliwo"": ""podniesiony"", ""ołów"": ""podniesiony""}",0,W NORMIE
P2304822,"Zawartość cząstek zużyciowych wzrosła jedynie nieznacznie w porównaniu do poprzednich badań i mieści się w dopuszczalnym zakresie. Wysoka zawartość ołowiu pochodzącego z paliwa jest sytuacją typową dla tłokowych silników lotniczych.



Zalecenia i wnioski:

Oznaczone parametry mieszczą się w dopuszczalnych zakresach. Proszę obserwować zmiany w kolejnym badaniu zgodnie z przyjętym harmonogramem diagnostyki.","{""metale_zużyciowe"": ""podniesiony"", ""paliwo"": ""podniesiony"", ""ołów"": ""podniesiony""}",0,W NORMIE
P2304890,"Zawartość cząstek zużyciowych mieści się w dopuszczalnym zakresie. Wysoka zawartość ołowiu pochodzącego z paliwa jest sytuacją typową dla tłokowych silników lotniczych. Zawartość dodatków na poziomie oczekiwanym dla oleju AeroShell Sport Plus 4. 



Zalecenia i wnioski:

Oznaczone parametry mieszczą się w dopuszczalnych zakresach. Proszę obserwować zmiany w kolejnym badaniu zgodnie z przyjętym harmonogramem diagnostyki.","{""metale_zużyciowe"": ""w_dopuszczalnym_zakresie"", ""paliwo"": ""podniesiony"", ""ołów"": ""podniesiony""}",1,W NORMIE
P2305884,"Zawartość dodatków uszlachetniających na poziomie oczekiwanym dla oleju AeroShell W15W-50. Zawartość glinu w zakresie dopuszczalnym. Poziom pozostałych metalicznych produktów zużycia oznaczony w badaniu pierwiastków (cząstki o rozmiarach <5um) w normie. Wysoka zawartość ołowiu pochodzącego z paliwa jest sytuacją typową dla tego typu tłokowych silników lotniczych.

Wnioski i zalecenia:

Proszę obserwować zmiany w następnej analizie. Przeprowadzić kolejne badanie zgodnie z przyjętym  harmonogramem diagnostyki olejowej.","{""dodatki_uszlachetniające"": ""w_normie"", ""glin"": ""w_dopuszczalnym_zakresie"", ""metale_zużyciowe"": ""w_normie"", ""paliwo"": ""podniesiony"", ""ołów"": ""podniesiony""}",0,W NORMIE
P2305886,"Zawartość dodatków uszlachetniających na poziomie oczekiwanym dla oleju AeroShell W15W-50. Poziom metalicznych produktów zużycia oznaczony w badaniu pierwiastków (cząstki o rozmiarach <5um) w normie. Wysoka zawartość ołowiu pochodzącego z paliwa jest sytuacją typową dla tego typu tłokowych silników lotniczych.

Wnioski i zalecenia:

Proszę obserwować zmiany w następnej analizie. Przeprowadzić kolejne badanie zgodnie z przyjętym  harmonogramem diagnostyki olejowej.","{""dodatki_uszlachetniające"": ""w_normie"", ""metale_zużyciowe"": ""w_normie"", ""paliwo"": ""podniesiony"", ""ołów"": ""podniesiony""}",0,W NORMIE
P2306085,"Zawartość cząstek zużyciowych mieści się w dopuszczalnym zakresie. Wysoka zawartość ołowiu pochodzącego z paliwa jest sytuacją typową dla tłokowych silników lotniczych. Zawartość dodatków na poziomie oczekiwanym dla oleju AeroShell Sport Plus 4. 

Zalecenia i wnioski:

Oznaczone parametry mieszczą się w dopuszczalnych zakresach. Proszę obserwować zmiany w kolejnym badaniu zgodnie z przyjętym harmonogramem diagnostyki.","{""metale_zużyciowe"": ""w_dopuszczalnym_zakresie"", ""paliwo"": ""podniesiony"", ""ołów"": ""podniesiony""}",0,W NORMIE
P2306153,"Zawartość cząstek zużyciowych w normie. Wysoka zawartość ołowiu pochodzącego z paliwa jest sytuacją typową dla tłokowych silników lotniczych. Nie stwierdzono niepokojącego zanieczyszczenia oleju. 



Zalecenia i wnioski:

Oznaczone parametry mieszczą się w dopuszczalnych zakresach. Proszę obserwować zmiany w kolejnym badaniu zgodnie z przyjętym harmonogramem diagnostyki.      ","{""metale_zużyciowe"": ""w_normie"", ""paliwo"": ""podniesiony"", ""ołów"": ""podniesiony""}",0,W NORMIE
P2306784,"Zawartość żelaza, chromu oraz miedzi w trendzie stabilnym. Pozostałe oznaczone pierwiastki zużyciowe mieszczą się w dopuszczalnych zakresach. Wysoki poziom ołowiu pochodzącego z paliwa w tłokowym silniku lotniczym jest sytuacją typową. Lekko podwyższona zawartość krzemu, prawdopodobne pochodzenie to pył z otoczenia.

Zalecenia i wnioski:

Proszę obserwować zmiany trendu w następnej analizie. Przeprowadzić kolejne badanie zgodnie z harmonogramem diagnostyki olejowej.","{""metale_zużyciowe"": ""w_dopuszczalnym_zakresie"", ""ołów"": ""podniesiony"", ""krzem"": ""lekko_podniesiony""}",1,W NORMIE
P2306824,"Zawartość cząstek zużyciowych mieści się w dopuszczalnym zakresie. Wysoka zawartość ołowiu pochodzącego z paliwa jest sytuacją typową dla tłokowych silników lotniczych.

Zalecenia i wnioski:

Oznaczone parametry mieszczą się w dopuszczalnych zakresach. Proszę obserwować zmiany w kolejnym badaniu zgodnie z przyjętym harmonogramem diagnostyki.","{""metale_zużyciowe"": ""w_dopuszczalnym_zakresie"", ""paliwo"": ""podniesiony"", ""ołów"": ""podniesiony""}",0,W NORMIE
P2306826,"Nie stwierdzono niepokojąco podwyższonej zawartości pierwiastków zużyciowych. Wysoka zawartość ołowiu pochodzącego z paliwa jest sytuacją typową dla lotniczych silników tłokowych. 

Zalecenia i wnioski:

Proszę obserwować zmiany w kolejnym badaniu zgodnie z przyjętym harmonogramem diagnostyki. ","{""paliwo"": ""podniesiony"", ""ołów"": ""podniesiony""}",0,W NORMIE
P2307439,"Lepkość w zakresie typowym dla klasy SAE 50. Temperatura zapłonu w normie. Nie stwierdzono zanieczyszczenia oleju płynem chłodniczym. W porównaniu do poprzednich badań nastąpił jedynie niewielki przyrost zawartości cząstek zużyciowych, mieści się ona w dopuszczalnym zakresie. Zawartość krzemu w trendzie rosnącym, nie został jeszcze osiągnięty poziom krytyczny.  



Zalecenia i wnioski:

Oznaczone parametry mieszczą się w dopuszczalnych zakresach. Olej kwalifikuje się do eksploatacji. Proszę obserwować zmiany w kolejnej analizie zgodnie z przyjętym harmonogramem diagnostyki.","{""lepkość"": ""w_normie"", ""temperatura_zapłonu"": ""w_normie"", ""płyn_chłodniczy"": ""brak_wykrycia"", ""metale_zużyciowe"": ""podniesiony"", ""krzem"": ""podniesiony""}",1,W NORMIE
P2307870,"Lepkość w zakresie typowym dla klasy SAE 40. Temperatura zapłonu w normie. Nie stwierdzono niepokojąco podwyższonej zawartości cząstek zużyciowych. Lekko podwyższona zawartość potasu - możliwe, że jest to pochodna zanieczyszczenia płynem chłodniczym lub wodą lub pyłem z otoczenia. Na widmie w podczerwieni nie stwierdzono charakterystycznych zmian wskazujących na zanieczyszczenia oleju płynem chłodniczym. 



Zalecenia i wnioski:

Oznaczone parametry mieszczą się w dopuszczalnych zakresach. Proszę obserwować zmiany w kolejnym badaniu zgodnie z przyjętym harmonogramem diagnostyki.","{""lepkość"": ""w_normie"", ""temperatura_zapłonu"": ""w_normie"", ""płyn_chłodniczy"": ""lekko_podniesiony"", ""potas"": ""lekko_podniesiony""}",0,W NORMIE
P2308352,"Zawartość cząstek zużyciowych mieści się w dopuszczalnym zakresie. Wysoki poziom ołowiu pochodzącego z paliwa jest sytuacją normalną dla tłokowych silników lotniczych. Oznaczone dodatki na poziomie oczekiwanym dla oleju AeroShell W15W-50. W badaniu pierwiastków nie stwierdzono niepokojącego zanieczyszczenia oleju.



Zalecenia i wnioski:

Proszę obserwować zmiany w następnej analizie zgodnie z przyjętym harmonogramem diagnostyki.","{""metale_zużyciowe"": ""w_dopuszczalnym_zakresie"", ""paliwo"": ""podniesiony"", ""ołów"": ""podniesiony""}",0,W NORMIE
P2308361,"Oznaczona lepkość dla klasy SAE 40 w normie. Zawartość stałych ciał obcych na niskim poziomie. Liczba zasadowa w normie. Temperatura zapłonu w normie. Zawartość wody na niskim poziomie. Poziom metalicznych produktów zużycia oznaczony w badaniu pierwiastków (cząstki o rozmiarach <5um) w normie.




Zalecenia i wnioski:




Przeprowadzić  kolejne badanie zgodnie z przyjętym harmonogramem diagnostyki olejowej.","{""lepkość"": ""w_normie"", ""stałe_ciała_obce"": ""obniżony"", ""liczba_zasadowa"": ""w_normie"", ""temperatura_zapłonu"": ""w_normie"", ""woda"": ""obniżony"", ""metale_zużyciowe"": ""w_normie""}",0,W NORMIE
P2308384,"Zawartość cząstek zużyciowych mieści się w dopuszczalnym zakresie. Wysoki poziom ołowiu pochodzącego z paliwa jest sytuacją normalną dla tłokowych silników lotniczych. Oznaczone dodatki na poziomie oczekiwanym dla oleju AeroShell W15W-50. W badaniu pierwiastków nie stwierdzono niepokojącego zanieczyszczenia oleju.



Zalecenia i wnioski:

Proszę obserwować zmiany w następnej analizie zgodnie z przyjętym harmonogramem diagnostyki.","{""metale_zużyciowe"": ""w_dopuszczalnym_zakresie"", ""paliwo"": ""podniesiony"", ""ołów"": ""podniesiony""}",0,W NORMIE
P2308523,"Zawartość dodatków uszlachetniających na poziomie oczekiwanym dla oleju AeroShell W15W-50. Poziom metalicznych produktów zużycia oznaczony w badaniu pierwiastków w normie. Wysoka zawartość ołowiu pochodzącego z paliwa jest sytuacją typową dla tego typu tłokowych silników lotniczych.

Wnioski i zalecenia:

Proszę obserwować zmiany w następnej analizie. Przeprowadzić kolejne badanie zgodnie z przyjętym  harmonogramem diagnostyki olejowej.","{""dodatki_uszlachetniające"": ""w_normie"", ""metale_zużyciowe"": ""w_normie"", ""paliwo"": ""podniesiony"", ""ołów"": ""podniesiony""}",0,W NORMIE
P2308800,"W porównaniu do poprzedniego badania nie stwierdzono znaczącego przyrostu zawartości cząstek zużyciowych, mieści się ona w dopuszczalnym zakresie. Wysoka zawartość ołowiu pochodzącego z paliwa jest zjawiskiem typowym dla lotniczych silników tłokowych.



Proszę obserwować zmiany w kolejnym badaniu zgodnie z przyjętym harmonogramem diagnostyki. ","{""paliwo"": ""podniesiony"", ""ołów"": ""podniesiony""}",0,W NORMIE
P2309070,"Zawartość cząstek zużyciowych mieści się w dopuszczalnym zakresie. Wysoka zawartość ołowiu pochodzącego z paliwa jest sytuacją typową dla tłokowych silników lotniczych.

Zalecenia i wnioski:

Oznaczone parametry mieszczą się w dopuszczalnych zakresach. Proszę obserwować zmiany w kolejnym badaniu zgodnie z przyjętym harmonogramem diagnostyki.","{""metale_zużyciowe"": ""w_dopuszczalnym_zakresie"", ""paliwo"": ""podniesiony"", ""ołów"": ""podniesiony""}",0,W NORMIE
P2309190,"Oznaczona lepkość w normie dla oleju klasy SAE 40. Zawartość stałych ciał obcych w normie. Temperatura zapłonu w normie. Zawartość żelaza i miedzi lekko podwyższona, trend stabilny. Poziom pozostałych metalicznych produktów zużycia oznaczony w badaniu pierwiastków (cząstki o rozmiarach <5um) w normie. 

Zalecenia i wnioski:

Proszę obserwować zmiany w następnej analizie. Wykonać kolejne badanie zgodnie z przyjętym harmonogramem diagnostyki olejowej.","{""lepkość"": ""w_normie"", ""stałe_ciała_obce"": ""w_normie"", ""temperatura_zapłonu"": ""w_normie"", ""żelazo"": ""lekko_podniesiony"", ""miedź"": ""lekko_podniesiony"", ""metale_zużyciowe"": ""w_normie""}",0,W NORMIE
P2309848,"Oznaczona lepkość w normie dla oleju klasy SAE 40. Zawartość stałych ciał obcych w normie. Temperatura zapłonu w normie. Zawartość żelaza i miedzi lekko podwyższona, trend stabilny. Poziom pozostałych metalicznych produktów zużycia oznaczony w badaniu pierwiastków (cząstki o rozmiarach <5um) w normie. 

Zalecenia i wnioski:

Proszę obserwować zmiany w następnej analizie. Wykonać kolejne badanie zgodnie z przyjętym harmonogramem diagnostyki olejowej.","{""lepkość"": ""w_normie"", ""stałe_ciała_obce"": ""w_normie"", ""temperatura_zapłonu"": ""w_normie"", ""żelazo"": ""lekko_podniesiony"", ""miedź"": ""lekko_podniesiony"", ""metale_zużyciowe"": ""w_normie""}",0,W NORMIE
P2309851,"Zawartość cząstek zużyciowych mieści się w dopuszczalnym zakresie. Wysoka zawartość ołowiu pochodzącego z paliwa jest sytuacją typową dla tłokowych silników lotniczych. Nie stwierdzono niepokojącego zanieczyszczenia oleju. Oznaczony poziom dodatków nieznacznie odbiega od posiadanej przez nas referencji oleju świeżego AeroShell W15W-50, co prawdopodobnie wynika z pozostałości sprzed wymiany.  

Zalecenia i wnioski:

Oznaczone parametry mieszczą się w dopuszczalnych zakresach. Proszę obserwować zmiany w kolejnym badaniu zgodnie z przyjętym harmonogramem diagnostyki.     ","{""metale_zużyciowe"": ""w_dopuszczalnym_zakresie"", ""paliwo"": ""podniesiony"", ""ołów"": ""podniesiony""}",0,W NORMIE
P2309852,"Zawartość cząstek zużyciowych mieści się w dopuszczalnym zakresie. Wysoka zawartość ołowiu pochodzącego z paliwa jest sytuacją typową dla tłokowych silników lotniczych. Nie stwierdzono niepokojącego zanieczyszczenia oleju. Oznaczony poziom dodatków nieznacznie odbiega od posiadanej przez nas referencji oleju świeżego AeroShell W15W-50, co prawdopodobnie wynika z pozostałości sprzed wymiany.  

Zalecenia i wnioski:

Oznaczone parametry mieszczą się w dopuszczalnych zakresach. Proszę obserwować zmiany w kolejnym badaniu zgodnie z przyjętym harmonogramem diagnostyki.     ","{""metale_zużyciowe"": ""w_dopuszczalnym_zakresie"", ""paliwo"": ""podniesiony"", ""ołów"": ""podniesiony""}",0,W NORMIE
P2310566,"Zawartość cząstek zużyciowych mieści się w dopuszczalnym zakresie. Wysoki poziom ołowiu pochodzącego z paliwa jest sytuacją normalną dla tłokowych silników lotniczych. Oznaczone dodatki na poziomie oczekiwanym dla oleju AeroShell Sport Plus 4. W badaniu pierwiastków nie stwierdzono niepokojącego zanieczyszczenia oleju.



Zalecenia i wnioski:

Proszę obserwować zmiany w następnej analizie zgodnie z przyjętym harmonogramem diagnostyki.","{""metale_zużyciowe"": ""w_dopuszczalnym_zakresie"", ""paliwo"": ""podniesiony"", ""ołów"": ""podniesiony""}",0,W NORMIE
P2310670,"Oznaczona lepkość w normie dla oleju klasy SAE 50. Temperatura zapłonu w zakresie akceptowalnym. Zawartość sodu i potasu lekko podwyższona - trend stabilny. Zawartość stałych ciał obcych w normie. Zawartość wody w normie. Poziom metalicznych produktów zużycia oznaczony w badaniu pierwiastków (cząstki o rozmiarach <5um) w normie.

Zalecenia i wnioski:

Przeprowadzić kolejne badanie zgodnie z harmonogramem diagnostyki olejowej. Proszę obserwować zmiany w następnej analizie. ","{""lepkość"": ""w_normie"", ""temperatura_zapłonu"": ""w_akceptowalnym_zakresie"", ""sód"": ""lekko_podniesiony"", ""potas"": ""lekko_podniesiony"", ""stałe_ciała_obce"": ""w_normie"", ""woda"": ""w_normie"", ""metale_zużyciowe"": ""w_normie""}",2,W NORMIE
P2310773,"Zawartość cząstek zużyciowych w normie. Wysoka zawartość ołowiu pochodzącego z paliwa jest sytuacją typową dla tłokowych silników lotniczych. W badaniu pierwiastków nie stwierdzono niepokojącego zanieczyszczenia oleju. Zawartość dodatków na poziomie oczekiwanym dla oleju AeroShell W100.





Zalecenia i wnioski:

Oznaczone parametry mieszczą się w dopuszczalnych zakresach. Proszę obserwować zmiany w kolejnym badaniu zgodnie z przyjętym harmonogramem diagnostyki.     ","{""metale_zużyciowe"": ""w_normie"", ""paliwo"": ""podniesiony"", ""ołów"": ""podniesiony""}",0,W NORMIE
P2310774,"Lepkość w zakresie typowym dla klasy SAE 40. Temperatura zapłonu lekko obniżona. Liczba zasadowa na dopuszczalnym poziomie. Własności dyspergujące w normie. Zawartość stałych zanieczyszczeń na dopuszczalnym poziomie. Zawartość wody w normie. Nie stwierdzono zanieczyszczenia oleju płynem chłodniczym. Zawartość cząstek zużyciowych wzrosła jedynie nieznacznie w porównaniu do poprzedniego badania, mieści się w dopuszczalnym zakresie.



Zalecenia i wnioksi:

Oznaczone parametry mieszczą się w akceptowalnych zakresach. Proszę obserwować zmiany w kolejnym badaniu zgodnie z przyjętym harmonogramem. ","{""lepkość"": ""w_normie"", ""temperatura_zapłonu"": ""lekko_obniżony"", ""liczba_zasadowa"": ""w_dopuszczalnym_zakresie"", ""zanieczyszczenia_stałe"": ""w_dopuszczalnym_zakresie"", ""woda"": ""w_normie"", ""płyn_chłodniczy"": ""brak_wykrycia"", ""metale_zużyciowe"": ""podniesiony""}",1,W NORMIE
P2310839,"Zawartość cząstek zużyciowych mieści się w dopuszczalnym zakresie. Wysoki poziom ołowiu pochodzącego z paliwa jest sytuacją normalną dla tłokowych silników lotniczych. Zawartość dodatków na poziomie typowym dla oleju AeroShell W15W-50. W badaniu pierwiastków nie stwierdzono niepokojącego zanieczyszczenia oleju.



Zalecenia i wnioski:

Oznaczone parametry mieszczą się w dopuszczalnych zakresach. Proszę obserwować zmiany w kolejnym badaniu zgodnie z przyjętym harmonogramem diagnostyki.","{""metale_zużyciowe"": ""w_dopuszczalnym_zakresie"", ""paliwo"": ""podniesiony"", ""ołów"": ""podniesiony""}",1,W NORMIE
P2311062,"Zawartość cząstek zużyciowych mieści się w dopuszczalnym zakresie. Wysoki poziom ołowiu pochodzącego z paliwa jest sytuacją normalną dla tłokowych silników lotniczych. Zawartość dodatków na poziomie typowym dla oleju AeroShell W15W-50. W badaniu pierwiastków nie stwierdzono niepokojącego zanieczyszczenia oleju.  



Zalecenia i wnioski:

Oznaczone parametry mieszczą się w dopuszczalnych zakresach. Proszę obserwować zmiany w kolejnym badaniu zgodnie z przyjętym harmonogramem diagnostyki.","{""metale_zużyciowe"": ""w_dopuszczalnym_zakresie"", ""paliwo"": ""podniesiony"", ""ołów"": ""podniesiony""}",0,W NORMIE
P2311098,"Zawartość cząstek zużyciowych mieści się w dopuszczalnym zakresie. Wysoki poziom ołowiu pochodzącego z paliwa jest sytuacją normalną dla tłokowych silników lotniczych. Zawartość dodatków na poziomie typowym dla oleju AeroShell W100. W badaniu pierwiastków nie stwierdzono niepokojącego zanieczyszczenia oleju.



Zalecenia i wnioski:

Oznaczone parametry mieszczą się w dopuszczalnych zakresach. Proszę obserwować zmiany w kolejnym badaniu zgodnie z przyjętym harmonogramem diagnostyki.","{""metale_zużyciowe"": ""w_dopuszczalnym_zakresie"", ""paliwo"": ""podniesiony"", ""ołów"": ""podniesiony""}",0,W NORMIE
P2311102,"Zawartość cząstek zużyciowych mieści się w dopuszczalnym zakresie. Wysoki poziom ołowiu pochodzącego z paliwa jest sytuacją normalną dla tłokowych silników lotniczych. Zawartość dodatków na poziomie typowym dla oleju AeroShell W100. W badaniu pierwiastków nie stwierdzono niepokojącego zanieczyszczenia oleju.



Zalecenia i wnioski:

Oznaczone parametry mieszczą się w dopuszczalnych zakresach. Proszę obserwować zmiany w kolejnym badaniu zgodnie z przyjętym harmonogramem diagnostyki.","{""metale_zużyciowe"": ""w_dopuszczalnym_zakresie"", ""paliwo"": ""podniesiony"", ""ołów"": ""podniesiony""}",0,W NORMIE
P2311911,"Oznaczona lepkość dla klasy SAE 40 w normie. Zawartość stałych ciał obcych na niskim poziomie. Liczba zasadowa w normie. Temperatura zapłonu w normie. Zawartość wody na niskim poziomie. Poziom metalicznych produktów zużycia oznaczony w badaniu pierwiastków (cząstki o rozmiarach <5 mikronów) w normie. 

Wnioski i zalecenia:

Przeprowadzić kolejne badanie zgodnie z harmonogramem diagnostyki olejowej.","{""lepkość"": ""w_normie"", ""stałe_ciała_obce"": ""obniżony"", ""liczba_zasadowa"": ""w_normie"", ""temperatura_zapłonu"": ""w_normie"", ""woda"": ""obniżony"", ""metale_zużyciowe"": ""w_normie""}",0,W NORMIE
P2311912,"Oznaczona lepkość dla klasy SAE 40 w normie. Zawartość stałych ciał obcych na niskim poziomie. Liczba zasadowa w normie. Temperatura zapłonu w normie. Zawartość wody na niskim poziomie. Poziom metalicznych produktów zużycia oznaczony w badaniu pierwiastków (cząstki o rozmiarach <5 mikronów) w normie. 

Wnioski i zalecenia:

Przeprowadzić kolejne badanie zgodnie z harmonogramem diagnostyki olejowej.","{""lepkość"": ""w_normie"", ""stałe_ciała_obce"": ""obniżony"", ""liczba_zasadowa"": ""w_normie"", ""temperatura_zapłonu"": ""w_normie"", ""woda"": ""obniżony"", ""metale_zużyciowe"": ""w_normie""}",0,W NORMIE
P2311913,"Oznaczona lepkość dla klasy SAE 40 w normie. Zawartość stałych ciał obcych na niskim poziomie. Liczba zasadowa w normie. Temperatura zapłonu w normie. Zawartość wody na niskim poziomie. Poziom metalicznych produktów zużycia oznaczony w badaniu pierwiastków (cząstki o rozmiarach <5 mikronów) w normie. 

Wnioski i zalecenia:

Przeprowadzić kolejne badanie zgodnie z harmonogramem diagnostyki olejowej.","{""lepkość"": ""w_normie"", ""stałe_ciała_obce"": ""obniżony"", ""liczba_zasadowa"": ""w_normie"", ""temperatura_zapłonu"": ""w_normie"", ""woda"": ""obniżony"", ""metale_zużyciowe"": ""w_normie""}",0,W NORMIE
P2311958,"Oznaczona lepkość dla klasy SAE 40 w normie. Temperatura zapłonu w normie. Liczba zasadowa na wysokim poziomie. Własności dyspergujące w normie. Zawartość stałych ciał obcych na niskim poziomie. Zawartość wody w normie. Poziom metalicznych produktów zużycia oznaczony w badaniu pierwiastków (cząstki o rozmiarze <5µm) w normie. Indeks PQ w normie.

Zalecenia i wnioski:

Wykonać kolejne badanie zgodnie z przyjętym harmonogramem diagnostyki olejowej.","{""lepkość"": ""w_normie"", ""temperatura_zapłonu"": ""w_normie"", ""liczba_zasadowa"": ""wysoki"", ""stałe_ciała_obce"": ""obniżony"", ""woda"": ""w_normie"", ""metale_zużyciowe"": ""w_normie"", ""pq_indeks"": ""w_normie""}",0,W NORMIE
P2311959,"Oznaczona lepkość dla klasy SAE 40 w normie. Temperatura zapłonu w normie. Liczba zasadowa na wysokim poziomie. Własności dyspergujące w normie. Zawartość stałych ciał obcych na niskim poziomie. Zawartość wody w normie. Poziom metalicznych produktów zużycia oznaczony w badaniu pierwiastków (cząstki o rozmiarze <5µm) w normie. Indeks PQ w normie.

Zalecenia i wnioski:

Wykonać kolejne badanie zgodnie z przyjętym harmonogramem diagnostyki olejowej.","{""lepkość"": ""w_normie"", ""temperatura_zapłonu"": ""w_normie"", ""liczba_zasadowa"": ""wysoki"", ""stałe_ciała_obce"": ""obniżony"", ""woda"": ""w_normie"", ""metale_zużyciowe"": ""w_normie"", ""pq_indeks"": ""w_normie""}",0,W NORMIE
P2312670,"Poziom metalicznych produktów zużycia oznaczony w badaniu pierwiastków w normie. Wysoka zawartość ołowiu pochodzącego z paliwa jest sytuacją typową dla tego typu tłokowych silników lotniczych.

Wnioski i zalecenia:

Przeprowadzić kolejne badanie zgodnie z harmonogramem diagnostyki olejowej.","{""metale_zużyciowe"": ""w_normie"", ""paliwo"": ""podniesiony"", ""ołów"": ""podniesiony""}",0,W NORMIE
P2312699,"Poziom metalicznych produktów zużycia oznaczony w badaniu pierwiastków w normie. Wysoka zawartość ołowiu pochodzącego z paliwa jest sytuacją typową dla tego typu tłokowych silników lotniczych.

Wnioski i zalecenia:

Przeprowadzić kolejne badanie zgodnie z harmonogramem diagnostyki olejowej.","{""metale_zużyciowe"": ""w_normie"", ""paliwo"": ""podniesiony"", ""ołów"": ""podniesiony""}",0,W NORMIE
P2312700,"Poziom metalicznych produktów zużycia oznaczony w badaniu pierwiastków w normie. Wysoka zawartość ołowiu pochodzącego z paliwa jest sytuacją typową dla tego typu tłokowych silników lotniczych.

Wnioski i zalecenia:

Przeprowadzić kolejne badanie zgodnie z harmonogramem diagnostyki olejowej.","{""metale_zużyciowe"": ""w_normie"", ""paliwo"": ""podniesiony"", ""ołów"": ""podniesiony""}",0,W NORMIE
P2313247,"Zawartość cząstek zużyciowych mieści się w dopuszczalnym zakresie. Podwyższony poziom ołowiu pochodzącego z paliwa jest sytuacją normalną dla tłokowych silników lotniczych. Zawartość dodatków na poziomie typowym dla oleju AeroShell Sport Plus 4. W badaniu pierwiastków nie stwierdzono niepokojącego zanieczyszczenia oleju.



Zalecenia i wnioski:

Oznaczone parametry mieszczą się w dopuszczalnych zakresach. Proszę obserwować zmiany w kolejnym badaniu zgodnie z przyjętym harmonogramem diagnostyki.","{""metale_zużyciowe"": ""w_dopuszczalnym_zakresie"", ""paliwo"": ""podniesiony"", ""ołów"": ""podniesiony""}",0,W NORMIE
P2313404,"Zawartość cząstek zużyciowych w normie. Wysoka zawartość ołowiu pochodzącego z paliwa jest sytuacją typową dla tłokowych silników lotniczych. W badaniu pierwiastków nie stwierdzono niepokojącego zanieczyszczenia oleju.

Zalecenia i wnioski:

Oznaczone parametry mieszczą się w dopuszczalnych zakresach. Proszę obserwować zmiany w kolejnym badaniu zgodnie z przyjętym harmonogramem diagnostyki.     ","{""metale_zużyciowe"": ""w_normie"", ""paliwo"": ""podniesiony"", ""ołów"": ""podniesiony""}",0,W NORMIE
P2313441,"Zawartość cząstek zużyciowych mieści się w dopuszczalnym zakresie. Wysoka zawartość ołowiu pochodzącego z paliwa jest sytuacją typową dla tłokowych silników lotniczych. W badaniu pierwiastków nie stwierdzono niepokojącego zanieczyszczenia oleju. Zawartość dodatków na poziomie oczekiwanym dla oleju AeroShell W15W-50. 



Zalecenia i wnioski:

Oznaczone parametry mieszczą się w dopuszczalnych zakresach. Proszę obserwować zmiany w kolejnym badaniu zgodnie z przyjętym harmonogramem diagnostyki.","{""metale_zużyciowe"": ""w_dopuszczalnym_zakresie"", ""paliwo"": ""podniesiony"", ""ołów"": ""podniesiony""}",0,W NORMIE
P2313443,"Zawartość cząstek zużyciowych mieści się w dopuszczalnym zakresie. Wysoka zawartość ołowiu pochodzącego z paliwa jest sytuacją typową dla tłokowych silników lotniczych. Zawartość krzemu na akceptowalnym poziomie. Zawartość dodatków w zakresie oczekiwanym dla oleju AeroShell Sport Plus 4. 



Zalecenia i wnioski:

Oznaczone parametry mieszczą się w dopuszczalnych zakresach. Proszę obserwować zmiany w kolejnym badaniu zgodnie z przyjętym harmonogramem diagnostyki.","{""metale_zużyciowe"": ""w_dopuszczalnym_zakresie"", ""paliwo"": ""podniesiony"", ""ołów"": ""podniesiony"", ""krzem"": ""w_akceptowalnym_zakresie""}",0,W NORMIE
P2313701,"Nie stwierdzono niepokojąco podwyższonej zawartości cząstek zużyciowych. Wysoka zawartość ołowiu pochodzącego z paliwa jest sytuacją typową dla tłokowych silników lotniczych. Nie stwierdzono niepokojącego zanieczyszczenia oleju. Zawartość dodatków na poziomie oczekiwanym dla oleju AeroShell W15W-50.

Zalecenia i wnioski:

Oznaczone parametry mieszczą się w dopuszczalnych zakresach. Proszę obserwować zmiany w kolejnym badaniu zgodnie z przyjętym harmonogramem diagnostyki.","{""paliwo"": ""podniesiony"", ""ołów"": ""podniesiony""}",0,W NORMIE
P2313761,"Zawartość dodatków uszlachetniających zgodna z próbką referencyjną. Oznaczona lepkość lekko obniżona dla klasy SAE 40 (wartość referencyjna oleju 13,15 cSt). Rezerwa alkaliczna (wzajemny stosunek liczby zasadowej i kwasowej) na bezpiecznym poziomie. Wartość i-pH nieznacznie obniżona (wartość referencyjna w okolicach 7-8). Temperatura zapłonu w normie dla silnika benzynowego. Zawartość wody w normie. Poziom metalicznych produktów zużycia oznaczony w badaniu pierwiastków (cząstki o rozmiarze <5 mikronów) w normie. Indeks PQ informujący o zawartości cząstek ferromagnetycznych (niezależnie od rozmiaru cząstek) w normie.

Wnioski i zalecenia:

Oznaczone parametry mieszczą się bezpiecznych zakresach biorąc pod uwagę czas eksploatacji oleju.","{""lepkość"": ""lekko_obniżony"", ""liczba_zasadowa"": ""w_zakresie_bezpiecznym"", ""rezerwa_alkaliczna"": ""w_zakresie_bezpiecznym"", ""ph"": ""nieznacznie_obniżony"", ""temperatura_zapłonu"": ""w_normie"", ""woda"": ""w_normie"", ""metale_zużyciowe"": ""w_normie"", ""pq_indeks"": ""w_normie""}",0,W NORMIE
P2314194,"Poziom metalicznych produktów zużycia oznaczony w badaniu pierwiastków w normie. Wysoka zawartość ołowiu pochodzącego z paliwa jest sytuacją typową dla tłokowych silników lotniczych.

Wnioski i zalecenia:

Przeprowadzić kolejne badanie zgodnie z harmonogramem diagnostyki olejowej.","{""metale_zużyciowe"": ""w_normie"", ""paliwo"": ""podniesiony"", ""ołów"": ""podniesiony""}",0,W NORMIE
P2315305,"Zawartość żelaza i miedzi wzrosła w porównaniu z poprzednimi badaniami jednak mieści się w zakresach dopuszczalnych. Poziom pozostałych metalicznych produktów zużycia oznaczony w badaniu pierwiastków (cząstki o rozmiarze <5 mikronów) w normie. Wysoki poziom ołowiu pochodzi z paliwa lotniczego i jest to sytuacja normalna dla tego typu tłokowych silników lotniczych.    

Zalecenia i wnioski:
Proszę prowadzić ewidencję dot. uzupełnień, daty wymiany oleju oraz czasu pracy od ostatniej wymiany oleju. Obserwować zmiany trendu. W celu określenia dynamiki zużycia przeprowadzić kolejne badanie po 50 godzinach pracy silnika.","{""żelazo"": ""podniesiony"", ""miedź"": ""podniesiony"", ""metale_zużyciowe"": ""w_normie""}",0,W NORMIE
P2315399,"Zawartość cząstek zużyciowych mieści się w dopuszczalnym zakresie. Wysoki poziom ołowiu pochodzącego z paliwa jest sytuacją normalną dla tłokowych silników lotniczych. W badaniu pierwiastków nie stwierdzono niepokojącego zanieczyszczenia oleju.

Zalecenia i wnioski:

Oznaczone parametry mieszczą się w dopuszczalnych zakresach. Proszę obserwować zmiany w kolejnym badaniu zgodnie z przyjętym harmonogramem diagnostyki.","{""metale_zużyciowe"": ""w_dopuszczalnym_zakresie"", ""paliwo"": ""podniesiony"", ""ołów"": ""podniesiony""}",1,W NORMIE
P2315967,"Zawartość cząstek zużyciowych mieści się w dopuszczalnym zakresie. Wysoka zawartość ołowiu pochodzącego z paliwa jest sytuacją typową dla tłokowych silników lotniczych. Nie stwierdzono niepokojącego zanieczyszczenia oleju. 





Zalecenia i wnioski:

Oznaczone parametry mieszczą się w dopuszczalnych zakresach. Proszę obserwować zmiany w kolejnym badaniu zgodnie z przyjętym harmonogramem diagnostyki.   ","{""metale_zużyciowe"": ""w_dopuszczalnym_zakresie"", ""paliwo"": ""podniesiony"", ""ołów"": ""podniesiony""}",0,W NORMIE
P2316000,"Zawartość cząstek zużyciowych mieści się w dopuszczalnym zakresie. Wysoka zawartość ołowiu pochodzącego z paliwa jest sytuacją typową dla tłokowych silników lotniczych. W badaniu pierwiastków nie stwierdzono niepokojącego zanieczyszczenia oleju. Zawartość dodatków na poziomie oczekiwanym dla oleju AeroShell W100.





Zalecenia i wnioski:

Oznaczone parametry mieszczą się w dopuszczalnych zakresach. Proszę obserwować zmiany w kolejnym badaniu zgodnie z przyjętym harmonogramem diagnostyki.   ","{""metale_zużyciowe"": ""w_dopuszczalnym_zakresie"", ""paliwo"": ""podniesiony"", ""ołów"": ""podniesiony""}",0,W NORMIE
P2317075,"Poziom metalicznych produktów zużycia oznaczony w badaniu pierwiastków w normie. Wysoka zawartość ołowiu pochodzącego z paliwa jest sytuacją normalną dla tego typu tłokowych silników lotniczych.

Wnioski i zalecenia:

Proszę prowadzić ewidencję dot. przebiegu, uzupełnień, daty wymiany oleju oraz czasu pracy od ostatniej wymiany oleju. Przeprowadzić kolejne badanie zgodnie z harmonogramem diagnostyki olejowej. ","{""metale_zużyciowe"": ""w_normie"", ""paliwo"": ""podniesiony"", ""ołów"": ""podniesiony""}",0,W NORMIE
P2319171,"Lepkość w zakresie typowym dla klasy SAE 40. Wskaźnik lepkości na poziomie oczekiwanym. Temperatura zapłonu obniżona, co jest typowym zjawiskiem dla silników benzynowych w czasie eksploatacji. Oznaczony poziom dodatków oraz widmo w podczerwieni dobrze korelują z dostarczoną referencją oleju świeżego. Liczba zasadowa na wysokim, bezpiecznym poziomie. Własności dyspergujące w normie. Na widmie w podczerwieni nie stwierdzono zmian wskazujących na zanieczyszczenie oleju płynem chłodniczym. Zawartość wody na dopuszczalnym poziomie. Zawartość stałych zanieczyszczeń (oznaczona metodą wagową) w normie. Lekko podwyższona zawartość krzemu. Zawartość cząstek zużyciowych na dopuszczalnym poziomie.



Zalecenia i wnioski:

Oznaczone parametry mieszczą się w akceptowalnych zakresach, nie wskazują na kondycję oleju jako przyczynę zaistniałej awarii.","{""lepkość"": ""w_normie"", ""wskaźnik_lepkości"": ""w_normie"", ""temperatura_zapłonu"": ""obniżony"", ""liczba_zasadowa"": ""w_zakresie_bezpiecznym"", ""płyn_chłodniczy"": ""brak_wykrycia"", ""woda"": ""w_dopuszczalnym_zakresie"", ""zanieczyszczenia_stałe"": ""w_normie"", ""krzem"": ""lekko_podniesiony"", ""metale_zużyciowe"": ""w_dopuszczalnym_zakresie""}",1,W NORMIE
P2320851,"Zawartość cząstek zużyciowych mieści się w dopuszczalnym zakresie. Wysoki poziom ołowiu pochodzącego z paliwa jest sytuacją normalną dla tłokowych silników lotniczych. W badaniu pierwiastków nie stwierdzono niepokojącego zanieczyszczenia oleju.

Zalecenia i wnioski:

Oznaczone parametry mieszczą się w dopuszczalnych zakresach. Proszę obserwować zmiany w kolejnym badaniu zgodnie z przyjętym harmonogramem diagnostyki.","{""metale_zużyciowe"": ""w_dopuszczalnym_zakresie"", ""paliwo"": ""podniesiony"", ""ołów"": ""podniesiony""}",1,W NORMIE
P2320925,"Lepkość w zakresie typowym klasy SAE 40. Temperatura zapłonu na bezpiecznym poziomie. Zawartość cząstek zużyciowych wzrosła jedynie nieznacznie w porównaniu do poprzednich analiz i mieści się w dopuszczalnym zakresie. Lekko podwyższona zawartość sodu, prawdopodobnie jest to pochodna zanieczyszczenia oleju wodą, płynem chłodniczym lub pyłem z otoczenia. Na widmie w podczerwieni nie stwierdzono charakterystycznych pasm świadczących o zanieczyszczeniu oleju płynem chłodniczym. 



Zalecenia i wnioski:

Oznaczone parametry mieszczą się w akceptowalnych zakresach. Proszę obserwować zmiany w kolejnym badaniu zgodnie z przyjętym harmonogramem diagnostyki. ","{""lepkość"": ""w_normie"", ""temperatura_zapłonu"": ""w_zakresie_bezpiecznym"", ""metale_zużyciowe"": ""podniesiony"", ""płyn_chłodniczy"": ""lekko_podniesiony"", ""sód"": ""lekko_podniesiony""}",0,W NORMIE
P2400607,"Zawartość cząstek zużyciowych mieści się w dopuszczalnym zakresie. Wysoki poziom ołowiu pochodzącego z paliwa jest sytuacją normalną dla tłokowych silników lotniczych. Zawartość dodatków na poziomie typowym dla oleju AeroShell W15W-50. W badaniu pierwiastków nie stwierdzono niepokojącego zanieczyszczenia oleju.    



Zalecenia i wnioski:

Oznaczone parametry mieszczą się w dopuszczalnych zakresach. Proszę obserwować zmiany w kolejnym badaniu zgodnie z przyjętym harmonogramem diagnostyki.","{""metale_zużyciowe"": ""w_dopuszczalnym_zakresie"", ""paliwo"": ""podniesiony"", ""ołów"": ""podniesiony""}",0,W NORMIE
P2401669,"Poziom metalicznych produktów zużycia oznaczony w badaniu pierwiastków w normie. Wysoka zawartość ołowiu pochodzącego z paliwa jest sytuacją typową dla tego typu tłokowych silników lotniczych.

Wnioski i zalecenia:

Przeprowadzić kolejne badanie zgodnie z harmonogramem diagnostyki olejowej.","{""metale_zużyciowe"": ""w_normie"", ""paliwo"": ""podniesiony"", ""ołów"": ""podniesiony""}",0,W NORMIE
P2401670,"Poziom metalicznych produktów zużycia oznaczony w badaniu pierwiastków w normie. Wysoka zawartość ołowiu pochodzącego z paliwa jest sytuacją typową dla tego typu tłokowych silników lotniczych.

Wnioski i zalecenia:

Przeprowadzić kolejne badanie zgodnie z harmonogramem diagnostyki olejowej.","{""metale_zużyciowe"": ""w_normie"", ""paliwo"": ""podniesiony"", ""ołów"": ""podniesiony""}",0,W NORMIE
P2401671,"Poziom metalicznych produktów zużycia oznaczony w badaniu pierwiastków w normie. Wysoka zawartość ołowiu pochodzącego z paliwa jest sytuacją typową dla tego typu tłokowych silników lotniczych.

Wnioski i zalecenia:

Przeprowadzić kolejne badanie zgodnie z harmonogramem diagnostyki olejowej.","{""metale_zużyciowe"": ""w_normie"", ""paliwo"": ""podniesiony"", ""ołów"": ""podniesiony""}",0,W NORMIE
P2401672,"Poziom metalicznych produktów zużycia oznaczony w badaniu pierwiastków w normie. Wysoka zawartość ołowiu pochodzącego z paliwa jest sytuacją typową dla tego typu tłokowych silników lotniczych.

Wnioski i zalecenia:

Przeprowadzić kolejne badanie zgodnie z harmonogramem diagnostyki olejowej.","{""metale_zużyciowe"": ""w_normie"", ""paliwo"": ""podniesiony"", ""ołów"": ""podniesiony""}",0,W NORMIE
P2401769,"Oznaczona lepkość w normie dla oleju klasy SAE 40. Liczba zasadowa w normie. Zawartość stałych ciał obcych w normie. i-pH w normie. Zawartość wody w normie. Zawartość żelaza i miedzi wzrosła od poprzedniej analizy, nie krytycznie. Temperatura zapłonu w normie. ","{""lepkość"": ""w_normie"", ""liczba_zasadowa"": ""w_normie"", ""stałe_ciała_obce"": ""w_normie"", ""ph"": ""w_normie"", ""woda"": ""w_normie"", ""żelazo"": ""podniesiony"", ""miedź"": ""podniesiony"", ""temperatura_zapłonu"": ""w_normie""}",0,W NORMIE
P2401906,"Nie stwierdzono niepokojąco podwyższonej zawartości cząstek zużyciowych. Wysoka zawartość ołowiu pochodzącego z paliwa jest zjawiskiem typowym dla tłokowych silników lotniczych.  Nie stwierdzono niepokojącego zanieczyszczenia oleju. Zawartość dodatków na poziomie oczekiwanym dla oleju Total AERO DM 15W50.



Zalecenia i wnioski:

Proszę obserwować zmiany w kolejnych badaniach zgodnie z przyjętym harmonogramem diagnostyki.  ","{""paliwo"": ""podniesiony"", ""ołów"": ""podniesiony""}",0,W NORMIE
P2401907,"Nie stwierdzono niepokojąco podwyższonej zawartości cząstek zużyciowych. Wysoka zawartość ołowiu pochodzącego z paliwa jest zjawiskiem typowym dla tłokowych silników lotniczych.  Nie stwierdzono niepokojącego zanieczyszczenia oleju. Zawartość dodatków na poziomie oczekiwanym dla oleju Total AERO DM 15W50.



Zalecenia i wnioski:

Proszę obserwować zmiany w kolejnych badaniach zgodnie z przyjętym harmonogramem diagnostyki.  ","{""paliwo"": ""podniesiony"", ""ołów"": ""podniesiony""}",0,W NORMIE
P2401908,"Nie stwierdzono niepokojąco podwyższonej zawartości cząstek zużyciowych. Wysoka zawartość ołowiu pochodzącego z paliwa jest zjawiskiem typowym dla tłokowych silników lotniczych.  Nie stwierdzono niepokojącego zanieczyszczenia oleju. Zawartość dodatków na poziomie oczekiwanym dla oleju Total AERO DM 15W50.



Zalecenia i wnioski:

Proszę obserwować zmiany w kolejnych badaniach zgodnie z przyjętym harmonogramem diagnostyki.  ","{""paliwo"": ""podniesiony"", ""ołów"": ""podniesiony""}",0,W NORMIE
P2401909,"Nie stwierdzono niepokojąco podwyższonej zawartości cząstek zużyciowych. Wysoka zawartość ołowiu pochodzącego z paliwa jest zjawiskiem typowym dla tłokowych silników lotniczych.  Nie stwierdzono niepokojącego zanieczyszczenia oleju. Zawartość dodatków na poziomie oczekiwanym dla oleju Total AERO DM 15W50.



Zalecenia i wnioski:

Proszę obserwować zmiany w kolejnych badaniach zgodnie z przyjętym harmonogramem diagnostyki.  ","{""paliwo"": ""podniesiony"", ""ołów"": ""podniesiony""}",0,W NORMIE
P2402706,"Lepkość w zakresie typowym dla klasy SAE 50. Wskaźnik lepkości lekko poniżej wartości deklarowanej przez producenta oleju. Temperatura zapłonu obniżona, co jest sytuacją oczekiwaną. Zawartość dodatków lekko odbiega od posiadanej przez nas referencji świeżego oleju AeroShell W15W-50, co może wskazywać na zmieszanie ze środkiem smarnym innego typu/pozostałość sprzed wymiany oleju. Nie stwierdzono niepokojąco podwyższonej zawartości cząstek zużyciowych. Wysoka zawartość ołowiu pochodzącego z paliwa jest sytuacją typową dla tłokowych silników lotniczych.



Oznaczone parametry mieszczą się w dopuszczalnych zakresach. Proszę obserwować zmiany w kolejnym badaniu zgodnie z przyjętym harmonogramem diagnostyki.","{""lepkość"": ""w_normie"", ""temperatura_zapłonu"": ""obniżony"", ""paliwo"": ""podniesiony"", ""ołów"": ""podniesiony""}",1,W NORMIE
P2403201,"Zawartość cząstek zużyciowych mieści się w dopuszczalnym zakresie. Wysoka zawartość ołowiu pochodzącego z paliwa jest sytuacją typową dla tłokowych silników lotniczych. W badaniu pierwiastków nie stwierdzono niepokojącego zanieczyszczenia oleju. Zawartość dodatków na poziomie oczekiwanym.





Zalecenia i wnioski:

Oznaczone parametry mieszczą się w dopuszczalnych zakresach. Proszę obserwować zmiany w kolejnym badaniu zgodnie z przyjętym harmonogramem diagnostyki.      ","{""metale_zużyciowe"": ""w_dopuszczalnym_zakresie"", ""paliwo"": ""podniesiony"", ""ołów"": ""podniesiony""}",0,W NORMIE
P2404216,"Lepkość w zakresie typowym klasy SAE 50. Temperatura zapłonu na bezpiecznym poziomie.  Zawartość cząstek zużyciowych wzrosła w porównaniu do poprzedniej analizy, jednak mieści się w dopuszczalnym zakresie. Na widmie w podczerwieni nie stwierdzono charakterystycznych pasm świadczących o obecności płynu chłodniczego w dostarczonej próbce. Lekko podwyższona zawartość potasu i krzemu, nieznaczny przyrost w porównaniu do poprzedniej analizy, prawdopodobnie jest to pochodna zanieczyszczenia oleju płynem chłodniczym, wodą lub pyłem z otoczenia.  





Zalecenia i wnioski:

Oznaczone parametry mieszczą się w dopuszczalnych zakresach. Proszę obserwować zmiany w kolejnym badaniu zgodnie z przyjętym harmonogramem diagnostyki.","{""lepkość"": ""w_normie"", ""temperatura_zapłonu"": ""w_zakresie_bezpiecznym"", ""metale_zużyciowe"": ""podniesiony"", ""płyn_chłodniczy"": ""podniesiony"", ""potas"": ""podniesiony"", ""krzem"": ""podniesiony""}",1,W NORMIE
P2404217,"Lepkość w zakresie typowym klasy SAE 40. Wskaźnik lepkości na poziomie oczekiwanym dla oleju jednosezonowego. Temperatura zapłonu na bezpiecznym poziomie. Zawartość dodatków na oczekiwanym poziomie. Własności dyspergujące w normie. Liczba zasadowa na wysokim, bezpiecznym poziomie. Zawartość cząstek zużyciowych wzrosła jedynie nieznacznie od poprzedniej analizy. Zawartość wody w normie. Na widmie w podczerwieni nie stwierdzono charakterystycznych pasm świadczących o obecności płynu chłodniczego w dostarczonej próbce. Zawartość stałych zanieczyszczeń wzrosła znacząco w porównaniu do poprzedniego badania, mieści się w zakresie akceptowalnym.



Zalecenia i wnioski:

Oznaczone parametry mieszczą się w dopuszczalnych zakresach. Proszę obserwować zmiany w kolejnym badaniu zgodnie z przyjętym harmonogramem diagnostyki.","{""lepkość"": ""w_normie"", ""wskaźnik_lepkości"": ""w_normie"", ""temperatura_zapłonu"": ""w_zakresie_bezpiecznym"", ""liczba_zasadowa"": ""w_zakresie_bezpiecznym"", ""metale_zużyciowe"": ""podniesiony"", ""woda"": ""w_normie"", ""zanieczyszczenia_stałe"": ""podniesiony""}",0,W NORMIE
P2404983,"Oznaczona lepkość lekko obniżona dla oleju klasy SAE 40. Temperatura zapłonu lekko obniżona. Poziom metalicznych produktów zużycia oznaczony w badaniu pierwiastków (cząstki o rozmiarach <5um) w normie.

Wnioski i zalecenia: 

Przeprowadzić kolejne badanie za około 500mth. Proszę obserwować zmiany w następnej analizie. ","{""lepkość"": ""lekko_obniżony"", ""temperatura_zapłonu"": ""lekko_obniżony"", ""metale_zużyciowe"": ""w_normie""}",1,W NORMIE
P2405682,"Poziom metalicznych produktów zużycia oznaczony w badaniu pierwiastków w dopuszczalnych limitach. Podwyższona zawartość ołowiu pochodzącego z paliwa jest sytuacją typową dla tłokowych silników lotniczych.

Wnioski i zalecenia:

Przeprowadzić kolejne badanie zgodnie z harmonogramem diagnostyki olejowej.","{""metale_zużyciowe"": ""w_dopuszczalnym_zakresie"", ""paliwo"": ""podniesiony"", ""ołów"": ""podniesiony""}",0,W NORMIE
P2406034,"Zawartość cząstek zużyciowych mieści się w dopuszczalnym zakresie. Wysoka zawartość ołowiu pochodzącego z paliwa jest sytuacją typową dla tłokowych silników lotniczych. Zawartość krzemu na akceptowalnym poziomie. Zawartość dodatków w zakresie oczekiwanym dla oleju AeroShell Sport Plus 4.  



Zalecenia i wnioski:

Oznaczone parametry mieszczą się w dopuszczalnych zakresach. Proszę obserwować zmiany w kolejnym badaniu zgodnie z przyjętym harmonogramem diagnostyki.","{""metale_zużyciowe"": ""w_dopuszczalnym_zakresie"", ""paliwo"": ""podniesiony"", ""ołów"": ""podniesiony"", ""krzem"": ""w_akceptowalnym_zakresie""}",0,W NORMIE
P2406284,"Poziom metalicznych produktów zużycia oznaczony w badaniu pierwiastków w normie. Podwyższona zawartość ołowiu pochodzącego z paliwa jest sytuacją typową dla tego typu tłokowych silników lotniczych.

Wnioski i zalecenia:

Przeprowadzić kolejne badanie zgodnie z harmonogramem diagnostyki olejowej.","{""metale_zużyciowe"": ""w_normie"", ""paliwo"": ""podniesiony"", ""ołów"": ""podniesiony""}",0,W NORMIE
P2406290,"Poziom metalicznych produktów zużycia oznaczony w badaniu pierwiastków w normie. Podwyższona zawartość ołowiu pochodzącego z paliwa jest sytuacją typową dla tego typu tłokowych silników lotniczych.

Wnioski i zalecenia:

Przeprowadzić kolejne badanie zgodnie z harmonogramem diagnostyki olejowej.","{""metale_zużyciowe"": ""w_normie"", ""paliwo"": ""podniesiony"", ""ołów"": ""podniesiony""}",0,W NORMIE
P2406618,"Zawartość cząstek zużyciowych mieści się w dopuszczalnym zakresie. Wysoki poziom ołowiu pochodzącego z paliwa jest sytuacją normalną dla tłokowych silników lotniczych. Zawartość dodatków na poziomie typowym dla oleju AeroShell W15W-50. W badaniu pierwiastków nie stwierdzono niepokojącego zanieczyszczenia oleju.    



Zalecenia i wnioski:

Oznaczone parametry mieszczą się w dopuszczalnych zakresach. Proszę obserwować zmiany w kolejnym badaniu zgodnie z przyjętym harmonogramem diagnostyki.  ","{""metale_zużyciowe"": ""w_dopuszczalnym_zakresie"", ""paliwo"": ""podniesiony"", ""ołów"": ""podniesiony""}",0,W NORMIE
P2406709,"Zawartość cząstek zużyciowych mieści się w dopuszczalnym zakresie. Wysoki poziom ołowiu pochodzącego z paliwa jest sytuacją normalną dla tłokowych silników lotniczych. Zawartość dodatków na poziomie typowym dla oleju AeroShell W100. W badaniu pierwiastków nie stwierdzono niepokojącego zanieczyszczenia oleju.    



Zalecenia i wnioski:

Oznaczone parametry mieszczą się w dopuszczalnych zakresach. Proszę obserwować zmiany w kolejnym badaniu zgodnie z przyjętym harmonogramem diagnostyki.    ","{""metale_zużyciowe"": ""w_dopuszczalnym_zakresie"", ""paliwo"": ""podniesiony"", ""ołów"": ""podniesiony""}",0,W NORMIE
P2406710,"Zawartość cząstek zużyciowych mieści się w dopuszczalnym zakresie. Wysoki poziom ołowiu pochodzącego z paliwa jest sytuacją normalną dla tłokowych silników lotniczych. Zawartość dodatków na poziomie typowym dla oleju AeroShell W15W-50. W badaniu pierwiastków nie stwierdzono niepokojącego zanieczyszczenia oleju.    



Zalecenia i wnioski:

Oznaczone parametry mieszczą się w dopuszczalnych zakresach. Proszę obserwować zmiany w kolejnym badaniu zgodnie z przyjętym harmonogramem diagnostyki.  ","{""metale_zużyciowe"": ""w_dopuszczalnym_zakresie"", ""paliwo"": ""podniesiony"", ""ołów"": ""podniesiony""}",0,W NORMIE
P2406711,"Zawartość cząstek zużyciowych mieści się w dopuszczalnym zakresie. Wysoki poziom ołowiu pochodzącego z paliwa jest sytuacją normalną dla tłokowych silników lotniczych. Zawartość dodatków na poziomie typowym dla oleju AeroShell W15W-50. W badaniu pierwiastków nie stwierdzono niepokojącego zanieczyszczenia oleju.    



Zalecenia i wnioski:

Oznaczone parametry mieszczą się w dopuszczalnych zakresach. Proszę obserwować zmiany w kolejnym badaniu zgodnie z przyjętym harmonogramem diagnostyki.   ","{""metale_zużyciowe"": ""w_dopuszczalnym_zakresie"", ""paliwo"": ""podniesiony"", ""ołów"": ""podniesiony""}",0,W NORMIE
P2406712,"Zawartość cząstek zużyciowych mieści się w dopuszczalnym zakresie. Wysoki poziom ołowiu pochodzącego z paliwa jest sytuacją normalną dla tłokowych silników lotniczych. Zawartość dodatków na poziomie typowym dla oleju AeroShell W15W-50. W badaniu pierwiastków nie stwierdzono niepokojącego zanieczyszczenia oleju.    



Zalecenia i wnioski:

Oznaczone parametry mieszczą się w dopuszczalnych zakresach. Proszę obserwować zmiany w kolejnym badaniu zgodnie z przyjętym harmonogramem diagnostyki.     ","{""metale_zużyciowe"": ""w_dopuszczalnym_zakresie"", ""paliwo"": ""podniesiony"", ""ołów"": ""podniesiony""}",0,W NORMIE
P2406847,"Zawartość cząstek zużyciowych mieści się w dopuszczalnym zakresie. Wysoki poziom ołowiu pochodzącego z paliwa jest sytuacją normalną dla tłokowych silników lotniczych. Zawartość dodatków na poziomie typowym dla oleju AeroShell W15W-50. W badaniu pierwiastków nie stwierdzono niepokojącego zanieczyszczenia oleju.     



Zalecenia i wnioski:

Oznaczone parametry mieszczą się w dopuszczalnych zakresach. Proszę prowadzić ewidencję dot. uzupełnień, daty wymiany oleju oraz czasu pracy oleju. Proszę obserwować zmiany w kolejnym badaniu zgodnie z przyjętym harmonogramem diagnostyki.    ","{""metale_zużyciowe"": ""w_dopuszczalnym_zakresie"", ""paliwo"": ""podniesiony"", ""ołów"": ""podniesiony""}",0,W NORMIE
P2406848,"Zawartość cząstek zużyciowych mieści się w dopuszczalnym zakresie. Wysoki poziom ołowiu pochodzącego z paliwa jest sytuacją normalną dla tłokowych silników lotniczych. Zawartość dodatków na poziomie typowym dla oleju AeroShell W15W-50. W badaniu pierwiastków nie stwierdzono niepokojącego zanieczyszczenia oleju.    



Zalecenia i wnioski:

Oznaczone parametry mieszczą się w dopuszczalnych zakresach. Proszę prowadzić ewidencję dot. uzupełnień, daty wymiany oleju oraz czasu pracy oleju. Proszę obserwować zmiany w kolejnym badaniu zgodnie z przyjętym harmonogramem diagnostyki.    ","{""metale_zużyciowe"": ""w_dopuszczalnym_zakresie"", ""paliwo"": ""podniesiony"", ""ołów"": ""podniesiony""}",0,W NORMIE
P2407067,"Nie stwierdzono niepokojąco podwyższonej zawartości cząstek zużyciowych. Podwyższona zawartość ołowiu pochodzącego z paliwa jest sytuacją typową dla tłokowych silników lotniczych. Zawartość dodatków w zakresie oczekiwanym dla oleju AeroShell W100.   



Zalecenia i wnioski:

Oznaczone parametry mieszczą się w dopuszczalnych zakresach. Proszę obserwować zmiany w kolejnym badaniu zgodnie z przyjętym harmonogramem diagnostyki.","{""paliwo"": ""podniesiony"", ""ołów"": ""podniesiony""}",0,W NORMIE
P2407094,"Nie stwierdzono niepokojąco podwyższonej zawartości cząstek zużyciowych. Podwyższona zawartość ołowiu pochodzącego z paliwa jest sytuacją typową dla tłokowych silników lotniczych. Zawartość dodatków w zakresie oczekiwanym dla oleju AeroShell W15W-50. 



Zalecenia i wnioski:

Oznaczone parametry mieszczą się w dopuszczalnych zakresach. Proszę obserwować zmiany w kolejnym badaniu zgodnie z przyjętym harmonogramem diagnostyki.","{""paliwo"": ""podniesiony"", ""ołów"": ""podniesiony""}",0,W NORMIE
P2407096,"Nie stwierdzono niepokojąco podwyższonej zawartości cząstek zużyciowych. Podwyższona zawartość ołowiu pochodzącego z paliwa jest sytuacją typową dla tłokowych silników lotniczych. W naszej bazie danych nie posiadamy referencji oleju Phillips 20W-50 XC Victory, z tego powodu niemożliwe jest przedstawienie precyzyjnego komentarza dotyczącego oznaczonego pakietu dodatków. 



Zalecenia i wnioski:

Proszę obserwować zmiany w kolejnym badaniu zgodnie z przyjętym harmonogramem diagnostyki.","{""paliwo"": ""podniesiony"", ""ołów"": ""podniesiony""}",0,W NORMIE
P2407098,"Zawartość cząstek zużyciowych mieści się w dopuszczalnym zakresie. Wysoka zawartość ołowiu pochodzącego z paliwa jest sytuacją typową dla tłokowych silników lotniczych. Zawartość dodatków w zakresie oczekiwanym dla oleju AeroShell Sport Plus 4. 



Zalecenia i wnioski:

Oznaczone parametry mieszczą się w dopuszczalnych zakresach. Proszę obserwować zmiany w kolejnym badaniu zgodnie z przyjętym harmonogramem diagnostyki.","{""metale_zużyciowe"": ""w_dopuszczalnym_zakresie"", ""paliwo"": ""podniesiony"", ""ołów"": ""podniesiony""}",0,W NORMIE
P2407448,"Poziom metalicznych produktów zużycia oznaczony w badaniu pierwiastków (cząstki o rozmiarze <5 mikronów) w normie. Wysoka zawartość ołowiu pochodzącego z paliwa jest sytuacją typową dla tego typu tłokowych silników lotniczych.

Wnioski i zalecenia:

Przeprowadzić kolejne badanie zgodnie z harmonogramem diagnostyki olejowej.","{""metale_zużyciowe"": ""w_normie"", ""paliwo"": ""podniesiony"", ""ołów"": ""podniesiony""}",0,W NORMIE
P2407449,"Poziom metalicznych produktów zużycia oznaczony w badaniu pierwiastków (cząstki o rozmiarze <5 mikronów) w normie. Wysoka zawartość ołowiu pochodzącego z paliwa jest sytuacją typową dla tego typu tłokowych silników lotniczych.

Wnioski i zalecenia:

Przeprowadzić kolejne badanie zgodnie z harmonogramem diagnostyki olejowej.","{""metale_zużyciowe"": ""w_normie"", ""paliwo"": ""podniesiony"", ""ołów"": ""podniesiony""}",0,W NORMIE
P2408186,"Zawartość cząstek zużyciowych oznaczonych w badaniu pierwiastków (cząstki o rozmiarze <5 mikronów) w normie. Wysoka zawartość ołowiu pochodzącego z paliwa jest sytuacją typową dla tłokowych silników lotniczych. 

Zalecenia i wnioski:

Przeprowadzić kolejne badanie zgodnie z harmonogramem diagnostyki olejowej.","{""metale_zużyciowe"": ""w_normie"", ""paliwo"": ""podniesiony"", ""ołów"": ""podniesiony""}",0,W NORMIE
P2408187,"Zawartość cząstek zużyciowych oznaczonych w badaniu pierwiastków (cząstki o rozmiarze <5 mikronów) w normie. Wysoka zawartość ołowiu pochodzącego z paliwa jest sytuacją typową dla tłokowych silników lotniczych. 

Zalecenia i wnioski:

Przeprowadzić kolejne badanie zgodnie z harmonogramem diagnostyki olejowej.","{""metale_zużyciowe"": ""w_normie"", ""paliwo"": ""podniesiony"", ""ołów"": ""podniesiony""}",1,W NORMIE
P2408963,"Poziom metalicznych produktów zużycia oznaczony w badaniu pierwiastków (cząstki o rozmiarze <5 µm) w normie. Wysoka zawartość ołowiu pochodzącego z paliwa jest sytuacją normalną dla tego typu tłokowych silników lotniczych.

Wnioski i zalecenia:

Proszę prowadzić ewidencję dot. przebiegu, uzupełnień, daty wymiany oleju oraz czasu pracy od ostatniej wymiany oleju. Przeprowadzić kolejne badanie zgodnie z harmonogramem diagnostyki olejowej. ","{""metale_zużyciowe"": ""w_normie"", ""paliwo"": ""podniesiony"", ""ołów"": ""podniesiony""}",0,W NORMIE
P2408964,"Poziom metalicznych produktów zużycia oznaczony w badaniu pierwiastków (cząstki o rozmiarze <5 µm) w normie. Wysoka zawartość ołowiu pochodzącego z paliwa jest sytuacją normalną dla tego typu tłokowych silników lotniczych.

Wnioski i zalecenia:

Proszę prowadzić ewidencję dot. przebiegu, uzupełnień, daty wymiany oleju oraz czasu pracy od ostatniej wymiany oleju. Przeprowadzić kolejne badanie zgodnie z harmonogramem diagnostyki olejowej. ","{""metale_zużyciowe"": ""w_normie"", ""paliwo"": ""podniesiony"", ""ołów"": ""podniesiony""}",1,W NORMIE
P2408966,"Poziom metalicznych produktów zużycia oznaczony w badaniu pierwiastków (cząstki o rozmiarze <5 µm) w normie. Wysoka zawartość ołowiu pochodzącego z paliwa jest sytuacją normalną dla tego typu tłokowych silników lotniczych.

Wnioski i zalecenia:

Proszę prowadzić ewidencję dot. przebiegu, uzupełnień, daty wymiany oleju oraz czasu pracy od ostatniej wymiany oleju. Przeprowadzić kolejne badanie zgodnie z harmonogramem diagnostyki olejowej. ","{""metale_zużyciowe"": ""w_normie"", ""paliwo"": ""podniesiony"", ""ołów"": ""podniesiony""}",0,W NORMIE
P2408968,"Poziom metalicznych produktów zużycia oznaczony w badaniu pierwiastków (cząstki o rozmiarze <5 µm) w normie. Wysoka zawartość ołowiu pochodzącego z paliwa jest sytuacją normalną dla tego typu tłokowych silników lotniczych.

Wnioski i zalecenia:

Proszę prowadzić ewidencję dot. przebiegu, uzupełnień, daty wymiany oleju oraz czasu pracy od ostatniej wymiany oleju. Przeprowadzić kolejne badanie zgodnie z harmonogramem diagnostyki olejowej. ","{""metale_zużyciowe"": ""w_normie"", ""paliwo"": ""podniesiony"", ""ołów"": ""podniesiony""}",0,W NORMIE
P2408969,"Poziom metalicznych produktów zużycia oznaczony w badaniu pierwiastków (cząstki o rozmiarze <5 µm) w normie. Wysoka zawartość ołowiu pochodzącego z paliwa jest sytuacją normalną dla tego typu tłokowych silników lotniczych.

Wnioski i zalecenia:

Proszę prowadzić ewidencję dot. przebiegu, uzupełnień, daty wymiany oleju oraz czasu pracy od ostatniej wymiany oleju. Przeprowadzić kolejne badanie zgodnie z harmonogramem diagnostyki olejowej. ","{""metale_zużyciowe"": ""w_normie"", ""paliwo"": ""podniesiony"", ""ołów"": ""podniesiony""}",0,W NORMIE
P2408971,"Poziom metalicznych produktów zużycia oznaczony w badaniu pierwiastków (cząstki o rozmiarze <5 µm) w normie. Wysoka zawartość ołowiu pochodzącego z paliwa jest sytuacją normalną dla tego typu tłokowych silników lotniczych.

Wnioski i zalecenia:

Proszę prowadzić ewidencję dot. przebiegu, uzupełnień, daty wymiany oleju oraz czasu pracy od ostatniej wymiany oleju. Przeprowadzić kolejne badanie zgodnie z harmonogramem diagnostyki olejowej. ","{""metale_zużyciowe"": ""w_normie"", ""paliwo"": ""podniesiony"", ""ołów"": ""podniesiony""}",0,W NORMIE
P2408972,"Poziom metalicznych produktów zużycia oznaczony w badaniu pierwiastków (cząstki o rozmiarze <5 µm) w normie. Wysoka zawartość ołowiu pochodzącego z paliwa jest sytuacją normalną dla tego typu tłokowych silników lotniczych.

Wnioski i zalecenia:

Proszę prowadzić ewidencję dot. przebiegu, uzupełnień, daty wymiany oleju oraz czasu pracy od ostatniej wymiany oleju. Przeprowadzić kolejne badanie zgodnie z harmonogramem diagnostyki olejowej. ","{""metale_zużyciowe"": ""w_normie"", ""paliwo"": ""podniesiony"", ""ołów"": ""podniesiony""}",0,W NORMIE
P2408973,"Poziom metalicznych produktów zużycia oznaczony w badaniu pierwiastków (cząstki o rozmiarze <5 µm) w normie. Wysoka zawartość ołowiu pochodzącego z paliwa jest sytuacją normalną dla tego typu tłokowych silników lotniczych.

Wnioski i zalecenia:

Proszę prowadzić ewidencję dot. przebiegu, uzupełnień, daty wymiany oleju oraz czasu pracy od ostatniej wymiany oleju. Przeprowadzić kolejne badanie zgodnie z harmonogramem diagnostyki olejowej. ","{""metale_zużyciowe"": ""w_normie"", ""paliwo"": ""podniesiony"", ""ołów"": ""podniesiony""}",0,W NORMIE
P2408974,"Poziom metalicznych produktów zużycia oznaczony w badaniu pierwiastków (cząstki o rozmiarze <5 µm) wzrósł w stosunku do poprzednich badań jednak znajduje się jeszcze w dopuszczalnych limitach. Wysoka zawartość ołowiu pochodzącego z paliwa jest sytuacją normalną dla tego typu tłokowych silników lotniczych.

Wnioski i zalecenia:

Proszę prowadzić ewidencję dot. przebiegu, uzupełnień, daty wymiany oleju oraz czasu pracy od ostatniej wymiany oleju. Przeprowadzić kolejne badanie zgodnie z harmonogramem diagnostyki olejowej. ","{""metale_zużyciowe"": ""podniesiony"", ""paliwo"": ""podniesiony"", ""ołów"": ""podniesiony""}",1,W NORMIE
P2408975,"Poziom metalicznych produktów zużycia oznaczony w badaniu pierwiastków (cząstki o rozmiarze <5 µm) w normie. Wysoka zawartość ołowiu pochodzącego z paliwa jest sytuacją normalną dla tego typu tłokowych silników lotniczych.

Wnioski i zalecenia:

Proszę prowadzić ewidencję dot. przebiegu, uzupełnień, daty wymiany oleju oraz czasu pracy od ostatniej wymiany oleju. Przeprowadzić kolejne badanie zgodnie z harmonogramem diagnostyki olejowej. ","{""metale_zużyciowe"": ""w_normie"", ""paliwo"": ""podniesiony"", ""ołów"": ""podniesiony""}",0,W NORMIE
P2408976,"Poziom metalicznych produktów zużycia oznaczony w badaniu pierwiastków (cząstki o rozmiarze <5 µm) w normie. Wysoka zawartość ołowiu pochodzącego z paliwa jest sytuacją normalną dla tego typu tłokowych silników lotniczych.

Wnioski i zalecenia:

Proszę prowadzić ewidencję dot. przebiegu, uzupełnień, daty wymiany oleju oraz czasu pracy od ostatniej wymiany oleju. Przeprowadzić kolejne badanie zgodnie z harmonogramem diagnostyki olejowej. ","{""metale_zużyciowe"": ""w_normie"", ""paliwo"": ""podniesiony"", ""ołów"": ""podniesiony""}",0,W NORMIE
P2409328,"Poziom metalicznych produktów zużycia oznaczony w badaniu pierwiastków (cząstki o rozmiarze <5 mikronów) w normie. Wysoka zawartość ołowiu pochodzącego z paliwa jest sytuacją typową dla tego typu tłokowych silników lotniczych.

Wnioski i zalecenia:

Przeprowadzić kolejne badanie zgodnie z harmonogramem diagnostyki olejowej.","{""metale_zużyciowe"": ""w_normie"", ""paliwo"": ""podniesiony"", ""ołów"": ""podniesiony""}",0,W NORMIE
P2409330,"Poziom metalicznych produktów zużycia oznaczony w badaniu pierwiastków (cząstki o rozmiarze <5 mikronów) w normie. Wysoka zawartość ołowiu pochodzącego z paliwa jest sytuacją typową dla tego typu tłokowych silników lotniczych.

Wnioski i zalecenia:

Przeprowadzić kolejne badanie zgodnie z harmonogramem diagnostyki olejowej.","{""metale_zużyciowe"": ""w_normie"", ""paliwo"": ""podniesiony"", ""ołów"": ""podniesiony""}",0,W NORMIE
P2409392,"Nie stwierdzono niepokojąco podwyższonej zawartości cząstek zużyciowych. Podwyższona zawartość ołowiu pochodzącego z paliwa jest sytuacją typową dla tłokowych silników lotniczych.



Zalecenia i wnioski:

Oznaczone parametry mieszczą się w dopuszczalnych zakresach. Proszę obserwować zmiany w kolejnym badaniu zgodnie z przyjętym harmonogramem diagnostyki.","{""paliwo"": ""podniesiony"", ""ołów"": ""podniesiony""}",0,W NORMIE
P2409455,"Nie stwierdzono niepokojąco podwyższonej zawartości cząstek zużyciowych. Podwyższona zawartość ołowiu pochodzącego z paliwa jest sytuacją typową dla tłokowych silników lotniczych. Zawartość dodatków w zakresie oczekiwanym dla oleju AeroShell W15W-50. 



Zalecenia i wnioski:

Oznaczone parametry mieszczą się w dopuszczalnych zakresach. Proszę obserwować zmiany w kolejnym badaniu zgodnie z przyjętym harmonogramem diagnostyki.","{""paliwo"": ""podniesiony"", ""ołów"": ""podniesiony""}",0,W NORMIE
P2409457,"Nie stwierdzono niepokojąco podwyższonej zawartości cząstek zużyciowych. Podwyższona zawartość ołowiu pochodzącego z paliwa jest sytuacją typową dla tłokowych silników lotniczych. Zawartość dodatków w zakresie oczekiwanym dla oleju AeroShell W15W-50. 



Zalecenia i wnioski:

Oznaczone parametry mieszczą się w dopuszczalnych zakresach. Proszę obserwować zmiany w kolejnym badaniu zgodnie z przyjętym harmonogramem diagnostyki.  ","{""paliwo"": ""podniesiony"", ""ołów"": ""podniesiony""}",0,W NORMIE
P2409482,"Zawartość cząstek zużyciowych mieści się w dopuszczalnym zakresie. Wysoki poziom ołowiu pochodzącego z paliwa jest sytuacją normalną dla tłokowych silników lotniczych. Zawartość dodatków na poziomie typowym dla oleju AeroShell W15W-50. W badaniu pierwiastków nie stwierdzono niepokojącego zanieczyszczenia oleju.    

Zalecenia i wnioski:

Oznaczone parametry mieszczą się w dopuszczalnych zakresach. Proszę obserwować zmiany w kolejnym badaniu zgodnie z przyjętym harmonogramem diagnostyki.    ","{""metale_zużyciowe"": ""w_dopuszczalnym_zakresie"", ""paliwo"": ""podniesiony"", ""ołów"": ""podniesiony""}",0,W NORMIE
P2409483,"Zawartość cząstek zużyciowych mieści się w dopuszczalnym zakresie. Wysoki poziom ołowiu pochodzącego z paliwa jest sytuacją normalną dla tłokowych silników lotniczych. Zawartość dodatków na poziomie typowym dla oleju AeroShell W15W-50. W badaniu pierwiastków nie stwierdzono niepokojącego zanieczyszczenia oleju.    

Zalecenia i wnioski:

Oznaczone parametry mieszczą się w dopuszczalnych zakresach. Proszę obserwować zmiany w kolejnym badaniu zgodnie z przyjętym harmonogramem diagnostyki.    ","{""metale_zużyciowe"": ""w_dopuszczalnym_zakresie"", ""paliwo"": ""podniesiony"", ""ołów"": ""podniesiony""}",0,W NORMIE
P2409487,"Zawartość cząstek zużyciowych mieści się w dopuszczalnym zakresie. Wysoki poziom ołowiu pochodzącego z paliwa jest sytuacją normalną dla tłokowych silników lotniczych. Zawartość dodatków na poziomie typowym dla oleju AeroShell W100. W badaniu pierwiastków nie stwierdzono niepokojącego zanieczyszczenia oleju.    

Zalecenia i wnioski:

Oznaczone parametry mieszczą się w dopuszczalnych zakresach. Proszę obserwować zmiany w kolejnym badaniu zgodnie z przyjętym harmonogramem diagnostyki.    ","{""metale_zużyciowe"": ""w_dopuszczalnym_zakresie"", ""paliwo"": ""podniesiony"", ""ołów"": ""podniesiony""}",0,W NORMIE
P2409488,"Zawartość cząstek zużyciowych mieści się w dopuszczalnym zakresie. Wysoki poziom ołowiu pochodzącego z paliwa jest sytuacją normalną dla tłokowych silników lotniczych. Zawartość dodatków na poziomie typowym dla oleju AeroShell W100. W badaniu pierwiastków nie stwierdzono niepokojącego zanieczyszczenia oleju.    

Zalecenia i wnioski:

Oznaczone parametry mieszczą się w dopuszczalnych zakresach. Proszę obserwować zmiany w kolejnym badaniu zgodnie z przyjętym harmonogramem diagnostyki.    ","{""metale_zużyciowe"": ""w_dopuszczalnym_zakresie"", ""paliwo"": ""podniesiony"", ""ołów"": ""podniesiony""}",0,W NORMIE
P2409716,"Lepkość w zakresie typowym dla klasy SAE 40. Wskaźnik lepkości w zakresie oczekiwanym dla oleju jednosezonowego. Temperatura zapłonu na wysokim, bezpiecznym poziomie. Liczba zasadowa na wysokim, bezpiecznym poziomie. Własności dyspergujące w normie. Zawartość stałych zanieczyszczeń na dopuszczalnym poziomie. Nie stwierdzono niepokojąco podwyższonej zawartości cząstek zużyciowych. Zawartość wody na dobrym, niskim poziomie. Na widmie w podczerwieni nie stwierdzono charakterystycznych pasm świadczących o zanieczyszczeniu oleju płynem chłodniczym. Lekko podwyższona zawartość sodu - możliwe, że jest to pochodna zanieczyszczenia oleju wodą, płynem chłodniczym lub pyłem z otoczenia. 





Zalecenia i wnioski:

Olej kwalifikuje się do dalszej eksploatacji, jednak zalecana jest obserwacja zmian w kolejnym badaniu nie później niż po 500mth.","{""lepkość"": ""w_normie"", ""temperatura_zapłonu"": ""w_zakresie_bezpiecznym"", ""liczba_zasadowa"": ""w_zakresie_bezpiecznym"", ""zanieczyszczenia_stałe"": ""w_dopuszczalnym_zakresie"", ""płyn_chłodniczy"": ""lekko_podniesiony"", ""sód"": ""lekko_podniesiony""}",0,W NORMIE
P2409921,"Poziom metalicznych produktów zużycia oznaczony w badaniu pierwiastków (cząstki o rozmiarze <5 mikronów) w normie. Wysoka zawartość ołowiu pochodzącego z paliwa jest sytuacją typową dla tego typu tłokowych silników lotniczych.

Wnioski i zalecenia:

Przeprowadzić kolejne badanie zgodnie z harmonogramem diagnostyki olejowej.","{""metale_zużyciowe"": ""w_normie"", ""paliwo"": ""podniesiony"", ""ołów"": ""podniesiony""}",0,W NORMIE
P2410361,"Poziom metalicznych produktów zużycia oznaczony w badaniu pierwiastków (cząstki o rozmiarze <5 mikronów) w normie. Wysoka zawartość ołowiu pochodzącego z paliwa jest sytuacją typową dla tego typu tłokowych silników lotniczych.

Wnioski i zalecenia:

Przeprowadzić kolejne badanie zgodnie z harmonogramem diagnostyki olejowej.","{""metale_zużyciowe"": ""w_normie"", ""paliwo"": ""podniesiony"", ""ołów"": ""podniesiony""}",0,W NORMIE
P2410362,"Poziom metalicznych produktów zużycia oznaczony w badaniu pierwiastków (cząstki o rozmiarze <5 mikronów) w normie. Wysoka zawartość ołowiu pochodzącego z paliwa jest sytuacją typową dla tego typu tłokowych silników lotniczych.

Wnioski i zalecenia:

Przeprowadzić kolejne badanie zgodnie z harmonogramem diagnostyki olejowej.","{""metale_zużyciowe"": ""w_normie"", ""paliwo"": ""podniesiony"", ""ołów"": ""podniesiony""}",0,W NORMIE
P2410385,"Poziom metalicznych produktów zużycia oznaczony w badaniu pierwiastków (cząstki o rozmiarze <5 mikronów) w normie. Wysoka zawartość ołowiu pochodzącego z paliwa jest sytuacją typową dla tego typu tłokowych silników lotniczych.

Wnioski i zalecenia:

Przeprowadzić kolejne badanie zgodnie z harmonogramem diagnostyki olejowej.","{""metale_zużyciowe"": ""w_normie"", ""paliwo"": ""podniesiony"", ""ołów"": ""podniesiony""}",0,W NORMIE
P2410546,"Nie stwierdzono niepokojąco podwyższonej zawartości pierwiastków zużyciowych. Wysoka zawartość ołowiu pochodzącego z paliwa jest sytuacją typową dla lotniczych silników tłokowych. Oznaczony pakiet dodatków jest typowy dla oleju AeroShell W15W-50. Nie stwierdzono niepokojącego zanieczyszczenia oleju. 





Zalecenia i wnioski:

Proszę obserwować zmiany w kolejnym badaniu zgodnie z przyjętym harmonogramem diagnostyki. ","{""paliwo"": ""podniesiony"", ""ołów"": ""podniesiony""}",0,W NORMIE
P2412286,"Poziom metalicznych produktów zużycia oznaczony w badaniu pierwiastków (cząstki o rozmiarze <5 mikronów) w normie. Wysoka zawartość ołowiu pochodzącego z paliwa jest sytuacją typową dla tego typu tłokowych silników lotniczych.

Wnioski i zalecenia:

Przeprowadzić kolejne badanie zgodnie z harmonogramem diagnostyki olejowej.","{""metale_zużyciowe"": ""w_normie"", ""paliwo"": ""podniesiony"", ""ołów"": ""podniesiony""}",0,W NORMIE
P2412287,"Poziom metalicznych produktów zużycia oznaczony w badaniu pierwiastków (cząstki o rozmiarze <5 mikronów) w normie. Wysoka zawartość ołowiu pochodzącego z paliwa jest sytuacją typową dla tego typu tłokowych silników lotniczych.

Wnioski i zalecenia:

Przeprowadzić kolejne badanie zgodnie z harmonogramem diagnostyki olejowej.","{""metale_zużyciowe"": ""w_normie"", ""paliwo"": ""podniesiony"", ""ołów"": ""podniesiony""}",0,W NORMIE
P2412387,"Poziom metalicznych produktów zużycia oznaczony w badaniu pierwiastków w normie. Podwyższona zawartość ołowiu pochodzącego z paliwa jest sytuacją typową dla tego typu tłokowych silników lotniczych.

Wnioski i zalecenia:

Przeprowadzić kolejne badanie zgodnie z harmonogramem diagnostyki olejowej.","{""metale_zużyciowe"": ""w_normie"", ""paliwo"": ""podniesiony"", ""ołów"": ""podniesiony""}",0,W NORMIE
P2412809,"Lepkość w zakresie granicznym klasy SAE 40. Wskaźnik lepkości jest typowy dla oleju wielosezonowego. Liczba zasadowa na wysokim, bezpiecznym poziomie. Własności dyspergujące w normie. Temperatura zapłonu na bezpiecznym poziomie. Oznaczony pakiet dodatków jest oczekiwany dla oleju Lotos Diesel Classic CF-4 SAE 15W-40. Zawartość cząstek zużyciowych wzrosła jedynie nieznacznie w porównaniu do poprzedniego badania, mieści się w dopuszczalnym zakresie. Na widmie w podczerwieni nie stwierdzono charakterystycznych zmian świadczących o zanieczyszczeniu oleju płynem chłodniczym. Nie stwierdzono niepokojąco podwyższonej zawartości pierwiastków wskazujących na zanieczyszczenie oleju płynem chłodniczym. Zawartość wody w normie. W badaniu chromatografii gazowej stwierdzono podwyższoną zawartość komponentów ON.



Zalecenia i wnioski:

Oznaczone parametry mieszczą się w akceptowalnych zakresach. Proszę obserwować zmiany w kolejnym badaniu zgodnie z przyjętym harmonogramem diagnostyki.  ","{""lepkość"": ""w_zakresie_granicznym"", ""liczba_zasadowa"": ""w_zakresie_bezpiecznym"", ""temperatura_zapłonu"": ""w_zakresie_bezpiecznym"", ""metale_zużyciowe"": ""podniesiony"", ""płyn_chłodniczy"": ""brak_wykrycia"", ""woda"": ""w_normie"", ""olej_napędowy"": ""podniesiony""}",1,W NORMIE
P2412856,"Oznaczona lepkość wskazuje na olej klasy SAE 40. Rezerwa alkaliczna w normie. Zawartość wody w normie. Parametr i-pH w normie. Temperatura zapłonu w normie. Poziom metalicznych produktów zużycia oznaczony w badaniu pierwiastków (cząstki o rozmiarach <5um) w normie. Indeks PQ, informujący o magnetycznych ferrocząstkach (niezależnie od rozmiaru cząstek) w normie. Czytelność widma w podczerwieni pogorszona ze względu na zawartość sadzy.Zawartość paliwa wyraźnie podwyższona. Własności dyspergujące w normie.

Zalecenia i wnioski:

Oznaczone parametry mieszczą się w zakresach akceptowalnych. Przeprowadzić kolejne badanie zgodnie z przyjętym harmonogramem.","{""lepkość"": ""w_normie"", ""rezerwa_alkaliczna"": ""w_normie"", ""woda"": ""w_normie"", ""ph"": ""w_normie"", ""temperatura_zapłonu"": ""w_normie"", ""metale_zużyciowe"": ""w_normie"", ""pq_indeks"": ""w_normie"", ""sadza"": ""pogorszony"", ""paliwo"": ""znacznie_podniesiony""}",1,W NORMIE
P2412960,"Zawartość cząstek zużyciowych mieści się w akceptowalnym zakresie. Wysoka zawartość ołowiu pochodzącego z paliwa jest sytuacją typową dla tłokowych silników lotniczych. Zawartość dodatków w zakresie oczekiwanym dla oleju AeroShell W15W-50. Nie stwierdzono niepokojącego zanieczyszczenia oleju.



Zalecenia i wnioski:

Zalecana jest obserwacja zmian w kolejnym badaniu zgodnie z przyjętym harmonogramem.","{""metale_zużyciowe"": ""w_akceptowalnym_zakresie"", ""paliwo"": ""podniesiony"", ""ołów"": ""podniesiony""}",1,W NORMIE
P2413381,"Lepkość w zakresie typowym dla klasy SAE 40. Wskaźnik lepkości na poziomie oczekiwanym. Temperatura zapłonu na dopuszczalnym poziomie. Własności dyspergujące lekko pogorszone. Zawartość dodatków na oczekiwanym poziomie. Liczba zasadowa na wysokim, bezpiecznym poziomie. Zawartość cząstek zużyciowych wzrosła jedynie nieznacznie w porównaniu do poprzedniego badania. Zawartość wody na dopuszczalnym poziomie. Nie stwierdzono niepokojącego zanieczyszczenia oleju. W analizie chromatografii gazowej stwierdzono lekko podwyższoną zawartość komponentów ON.



Zalecenia i wnioski:

Olej kwalifikuje się do dalszej eksploatacji. Proszę obserwować zmiany w kolejnej analizie nie później niż po 500mth.","{""lepkość"": ""w_normie"", ""wskaźnik_lepkości"": ""w_normie"", ""temperatura_zapłonu"": ""w_dopuszczalnym_zakresie"", ""liczba_zasadowa"": ""w_zakresie_bezpiecznym"", ""metale_zużyciowe"": ""podniesiony"", ""woda"": ""w_dopuszczalnym_zakresie"", ""olej_napędowy"": ""lekko_podniesiony""}",0,W NORMIE
P2413382,"Lepkość w zakresie typowym dla klasy SAE 40. Wskaźnik lepkości na poziomie oczekiwanym. Temperatura zapłonu w normie. Własności dyspergujące lekko pogorszone. Zawartość dodatków na oczekiwanym poziomie. Liczba zasadowa na wysokim, bezpiecznym poziomie. Zawartość cząstek zużyciowych wzrosła jedynie nieznacznie w porównaniu do poprzedniego badania. Zawartość wody na dopuszczalnym poziomie. Nie stwierdzono niepokojącego zanieczyszczenia oleju. W analizie chromatografii gazowej stwierdzono lekko podwyższoną zawartość komponentów ON.



Zalecenia i wnioski:

Olej kwalifikuje się do dalszej eksploatacji. Proszę obserwować zmiany w kolejnej analizie nie później niż po 500mth.","{""lepkość"": ""w_normie"", ""wskaźnik_lepkości"": ""w_normie"", ""temperatura_zapłonu"": ""w_normie"", ""liczba_zasadowa"": ""w_zakresie_bezpiecznym"", ""metale_zużyciowe"": ""podniesiony"", ""woda"": ""w_dopuszczalnym_zakresie"", ""olej_napędowy"": ""lekko_podniesiony""}",0,W NORMIE
P2413463,"Lepkość w zakresie typowym dla klasy SAE 40. Wskaźnik lepkości zgodny z wartością deklarowaną przez producenta oleju. Temperatura zapłonu na wysokim, bezpiecznym poziomie. Zawartość dodatków dobrze koreluje z posiadaną przez nas referencją oleju świeżego. Liczba zasadowa na dopuszczalnym poziomie. Własności dyspergujące w normie. Na widmie w podczerwieni nie stwierdzono charakterystycznych zmian świadczących o zanieczyszczeniu oleju płynem chłodniczym. Nie stwierdzono niepokojąco podwyższonej zawartości pierwiastków wskazujących na zanieczyszczenie próbki płynem chłodniczym. Zawartość wody w normie. Zawartość stałych zanieczyszczeń w normie. W porównaniu do poprzednich zawartość cząstek zużyciowych wzrosła jedynie nieznacznie. W analizie chromatografii gazowej stwierdzono lekko podwyższoną zawartość komponentów ON. 



Zalecenia i wnioski:

Oznaczone parametry mieszczą się w akceptowalnych zakresach. Proszę obserwować zmiany w kolejnym badaniu zgodnie z przyjętym harmonogramem diagnostyki.      ","{""lepkość"": ""w_normie"", ""temperatura_zapłonu"": ""w_zakresie_bezpiecznym"", ""liczba_zasadowa"": ""w_dopuszczalnym_zakresie"", ""płyn_chłodniczy"": ""brak_wykrycia"", ""woda"": ""w_normie"", ""zanieczyszczenia_stałe"": ""w_normie"", ""metale_zużyciowe"": ""podniesiony"", ""olej_napędowy"": ""lekko_podniesiony""}",0,W NORMIE
P2413534,"Oznaczona lepkość dla oleju klasy SAE 40 w normie. Temperatura zapłonu w normie. Zawartość miedzi podwyższona i może wskazywać na zwiększone procesy zużyciowe, jednak nie zaobserwowano wzrostu pozostałych metali zużyciowych. W analizie chromatografii gazowej nie stwierdzono niepokojąco podwyższonej zawartości ON.  

Wnioski i zalecenia:
Proszę obserwować zmiany w następnej analizie. Przeprowadzić kolejne badanie zgodnie z harmonogramem diagnostyki olejowej.","{""lepkość"": ""w_normie"", ""temperatura_zapłonu"": ""w_normie"", ""miedź"": ""podniesiony"", ""metale_zużyciowe"": ""podniesiony"", ""olej_napędowy"": ""brak_wykrycia""}",0,W NORMIE
P2413688,"Lepkość mieści się w zakresie typowym dla klasy SAE 40. Wskaźnik lepkości na poziomie typowym dla oleju wielosezonowego. Liczba zasadowa na wysokim, bezpiecznym poziomie. Własności dyspergujące w normie. Temperatura zapłonu na bezpiecznym poziomie. Zawartość cząstek zużyciowych wzrosła lekko w porównaniu do poprzedniego badania, mieści się w dopuszczalnym zakresie. Na widmie w podczerwieni nie stwierdzono charakterystycznych pasm świadczących o zanieczyszczeniu oleju płynem chłodniczym. Nie stwierdzono niepokojąco podwyższonej zawartości pierwiastków sugerujących zanieczyszczenie oleju płynem chłodniczym. Zawartość wody w normie. W analizie chromatografii gazowej stwierdzono lekko podwyższoną zawartość komponentów ON.  









Zalecenia i wnioski:

Olej kwalifikuje się do dalszej eksploatacji. Zalecana jest obserwacja zmian w kolejnym badaniu zgodnie z przyjętym harmonogramem diagnostyki.","{""lepkość"": ""w_normie"", ""wskaźnik_lepkości"": ""w_normie"", ""liczba_zasadowa"": ""w_zakresie_bezpiecznym"", ""temperatura_zapłonu"": ""w_zakresie_bezpiecznym"", ""metale_zużyciowe"": ""podniesiony"", ""płyn_chłodniczy"": ""brak_wykrycia"", ""woda"": ""w_normie"", ""olej_napędowy"": ""lekko_podniesiony""}",0,W NORMIE
P2414153,"Nie stwierdzono niepokojąco podwyższonej zawartości cząstek zużyciowych. Wysoka zawartość ołowiu pochodzącego z paliwa jest sytuacją typową dla tłokowych silników lotniczych. W naszej bazie danych nie posiadamy referencji oleju świeżego Total Aero D100, jednak oznaczony pakiet dodatków nie odbiega znacząco od historycznych próbek tego oleju badanych w naszym laboratorium. Nie stwierdzono niepokojącego zanieczyszczenia oleju.





Zalecenia i wnioski:

Proszę obserwować zmiany w kolejnym badaniu zgodnie z przyjętym harmonogramem diagnostyki. Proszę o dostarczenie próbki oleju świeżego Total Aero D100 razem z kolejną próbką oleju z eksploatacji.","{""paliwo"": ""podniesiony"", ""ołów"": ""podniesiony""}",0,W NORMIE
P2414199,"Zawartość cząstek zużyciowych mieści się w akceptowalnym zakresie. Wysoka zawartość ołowiu pochodzącego z paliwa jest sytuacją typową dla tłokowych silników lotniczych. Nie stwierdzono niepokojącego zanieczyszczenia oleju.

Zalecenia i wnioski:

Zalecana jest obserwacja zmian w kolejnym badaniu zgodnie z przyjętym harmonogramem.","{""metale_zużyciowe"": ""w_akceptowalnym_zakresie"", ""paliwo"": ""podniesiony"", ""ołów"": ""podniesiony""}",0,W NORMIE
P2414219,"Zawartość cząstek zużyciowych mieści się w akceptowalnym zakresie. Wysoka zawartość ołowiu pochodzącego z paliwa jest sytuacją typową dla tłokowych silników lotniczych. Zawartość dodatków w zakresie oczekiwanym dla oleju AeroShell W15W-50. Nie stwierdzono niepokojącego zanieczyszczenia oleju.

Zalecenia i wnioski:

Zalecana jest obserwacja zmian w kolejnym badaniu zgodnie z przyjętym harmonogramem.","{""metale_zużyciowe"": ""w_akceptowalnym_zakresie"", ""paliwo"": ""podniesiony"", ""ołów"": ""podniesiony""}",0,W NORMIE
P2414235,"Zawartość cząstek zużyciowych mieści się w akceptowalnym zakresie. Wysoka zawartość ołowiu pochodzącego z paliwa jest sytuacją typową dla tłokowych silników lotniczych. Zawartość dodatków w zakresie oczekiwanym dla oleju AeroShell W15W-50. Nie stwierdzono niepokojącego zanieczyszczenia oleju.

Zalecenia i wnioski:

Zalecana jest obserwacja zmian w kolejnym badaniu zgodnie z przyjętym harmonogramem.","{""metale_zużyciowe"": ""w_akceptowalnym_zakresie"", ""paliwo"": ""podniesiony"", ""ołów"": ""podniesiony""}",0,W NORMIE
P2414236,"Zawartość cząstek zużyciowych mieści się w akceptowalnym zakresie. Wysoka zawartość ołowiu pochodzącego z paliwa jest sytuacją typową dla tłokowych silników lotniczych. Zawartość dodatków w zakresie oczekiwanym dla oleju AeroShell W15W-50. Nie stwierdzono niepokojącego zanieczyszczenia oleju.

Zalecenia i wnioski:

Zalecana jest obserwacja zmian w kolejnym badaniu zgodnie z przyjętym harmonogramem.","{""metale_zużyciowe"": ""w_akceptowalnym_zakresie"", ""paliwo"": ""podniesiony"", ""ołów"": ""podniesiony""}",0,W NORMIE
P2414393,"Lepkość mieści się w zakresie typowym dla klasy SAE 40. Wskaźnik lepkości na poziomie typowym dla olejów wielosezonowych. Temperatura zapłonu na dopuszczalnym poziomie. Liczba zasadowa na wysokim, bezpiecznym poziomie. Własności dyspergujące w normie. Zawartość stałych zanieczyszczeń w normie. Zawartość wody w normie. Nie stwierdzono niepokojąco podwyższonej zawartości pierwiastków wskazujących na zanieczyszczenie oleju płynem chłodniczym. Na widmie w podczerwieni nie stwierdzono charakterystycznych zmian świadczących o zanieczyszczeniu oleju płynem chłodniczym. Zawartość metalicznych produktów zużycia (oznaczona w badaniu pierwiastków, cząstki o rozmiarach <5µm) wzrosła jedynie nieznacznie w porównaniu do poprzedniej analizy, mieści się w dopuszczalnym zakresie. Indeks PQ (informujący o zawartości cząstek ferromagnetycznych bez względu na rozmiar) w normie. W badaniu chromatografii gazowej stwierdzono podwyższoną zawartość komponentów ON.



Zalecenia i wnioski:

Oznaczone parametry mieszczą się w dopuszczalnych zakresach. Proszę obserwować zmiany w kolejnym badaniu zgodnie z przyjętym harmonogramem diagnostyki.","{""lepkość"": ""w_normie"", ""wskaźnik_lepkości"": ""w_normie"", ""temperatura_zapłonu"": ""w_dopuszczalnym_zakresie"", ""liczba_zasadowa"": ""w_zakresie_bezpiecznym"", ""zanieczyszczenia_stałe"": ""w_normie"", ""woda"": ""w_normie"", ""płyn_chłodniczy"": ""brak_wykrycia"", ""metale_zużyciowe"": ""podniesiony"", ""pq_indeks"": ""w_normie"", ""olej_napędowy"": ""podniesiony""}",1,W NORMIE
P2414620,"Poziom metalicznych produktów zużycia oznaczony w badaniu pierwiastków (cząstki o rozmiarze <5 mikronów) w normie. Wysoka zawartość ołowiu pochodzącego z paliwa jest sytuacją typową dla tego typu tłokowych silników lotniczych.

Wnioski i zalecenia:

Przeprowadzić kolejne badanie zgodnie z harmonogramem diagnostyki olejowej.","{""metale_zużyciowe"": ""w_normie"", ""paliwo"": ""podniesiony"", ""ołów"": ""podniesiony""}",0,W NORMIE
P2415187,"Lepkość w zakresie typowym dla klasy SAE 40. Wskaźnik lepkości zgodny z wartością deklarowaną przez producenta oleju. Temperatura zapłonu na bezpiecznym poziomie. Zawartość dodatków zgodna z posiadaną przez nas referencją oleju świeżego. Liczba zasadowa na bezpiecznym poziomie. Własności dyspergujące w normie. Nie stwierdzono niepokojąco podwyższonej zawartości cząstek zużyciowych. Zawartość stałych zanieczyszczeń (oznaczona na sączku membranowym) na dopuszczalnym poziomie. Lekko podwyższona zawartość krzemu. Zawartość wody w normie. Na widmie w podczerwieni nie stwierdzono charakterystycznych pasm świadczących o zanieczyszczeniu oleju płynem chłodniczym. Nie stwierdzono podwyższonej zawartości pierwiastków sugerujących zanieczyszczenie oleju płynem chłodniczym. W badaniu chromatografii gazowej stwierdzono podwyższoną zawartość komponentów ON.





Zalecenia i wnioski:

Oznaczone parametry mieszczą się w akceptowalnych zakresach. Proszę obserwować zmiany w kolejnym badaniu zgodnie z przyjętym harmonogramem. ","{""lepkość"": ""w_normie"", ""temperatura_zapłonu"": ""w_zakresie_bezpiecznym"", ""liczba_zasadowa"": ""w_zakresie_bezpiecznym"", ""zanieczyszczenia_stałe"": ""w_dopuszczalnym_zakresie"", ""własności_filtrujące"": ""w_dopuszczalnym_zakresie"", ""krzem"": ""lekko_podniesiony"", ""woda"": ""w_normie"", ""płyn_chłodniczy"": ""brak_wykrycia"", ""olej_napędowy"": ""podniesiony""}",1,W NORMIE
P2415193,"Lepkość zgodna dla klasy SAE 40. Widmo podczerwieni FTIR obniżone względem referencji, co jest typowe dla silników diesla. Zawartość paliwa w normie. Liczba zasadowa bliska referencji. Własności dyspergujące prawidłowe. Zawartość wody w normie. Temperatura zapłonu w normie. Zawartość zanieczyszczeń oznaczonych w badaniu pierwiastków (cząstki <5 mikronów) w zakresie prawidłowym. Poziom cząstek metalicznych (<5 mikronów) oznaczonych w badaniu pierwiastków w zakresie akceptowalnym, rosnący trend miedzi. 

Wnioski i zalecenia:

Obserwować trend w kolejnych badaniach. Następną analizę przeprowadzić zgodnie z przyjętym harmonogramem diagnostyki olejowej.","{""paliwo"": ""w_normie"", ""woda"": ""w_normie"", ""temperatura_zapłonu"": ""w_normie"", ""miedź"": ""podniesiony"", ""metale_zużyciowe"": ""podniesiony""}",0,W NORMIE
P2415314,"Lepkość mieści się w zakresie typowym dla klasy SAE 40. Wskaźnik lepkości zgodny z wartością deklarowaną przez producenta oleju. Własności dyspergujące w normie. Temperatura zapłonu w normie. Liczba zasadowa lekko obniżona, mieści się w dopuszczalnym zakresie. Oznaczony pakiet dodatków jest typowy dla oleju Shell Rimula R4L 15W-40. Nie stwierdzono niepokojąco podwyższonej zawartości metalicznych produktów zużycia (oznaczonej w badaniu pierwiastków, cząstki o rozmiarach <5µm). Nie stwierdzono niepokojąco podwyższonej zawartości pierwiastków wskazujących na zanieczyszczenie oleju płynem chłodniczym. Na widmie w podczerwieni nie stwierdzono charakterystycznych zmian świadczących o zanieczyszczeniu oleju płynem chłodniczym, stwierdzono zmiany sugerujące podwyższoną zawartość biokomponentów oleju napędowego. Zawartość wody w normie. W badaniu chromatografii gazowej stwierdzono lekko podwyższoną zawartość komponentów ON.





Zalecenia i wnioski:

Oznaczone parametry mieszczą się w akceptowalnych zakresach. Proszę wykonać kolejne badanie oraz przeprowadzić wymianę oleju na świeży zgodnie z przyjętym harmonogramem.   ","{""lepkość"": ""w_normie"", ""temperatura_zapłonu"": ""w_normie"", ""liczba_zasadowa"": ""lekko_obniżony"", ""płyn_chłodniczy"": ""brak_wykrycia"", ""olej_napędowy"": ""lekko_podniesiony"", ""woda"": ""w_normie""}",0,W NORMIE
P2415315,"Lepkość na granicy zakresu typowego dla klasy SAE 40. Wskaźnik lepkości zgodny z wartością deklarowaną przez producenta oleju. Własności dyspergujące w normie. Temperatura zapłonu na dopuszczalnym poziomie. Liczba zasadowa lekko obniżona, mieści się w dopuszczalnym zakresie. Oznaczony pakiet dodatków jest typowy dla oleju Shell Rimula R4L 15W-40. Nie stwierdzono niepokojąco podwyższonej zawartości metalicznych produktów zużycia (oznaczonej w badaniu pierwiastków, cząstki o rozmiarach <5µm). Nie stwierdzono niepokojąco podwyższonej zawartości pierwiastków wskazujących na zanieczyszczenie oleju płynem chłodniczym. Na widmie w podczerwieni nie stwierdzono charakterystycznych zmian świadczących o zanieczyszczeniu oleju płynem chłodniczym, stwierdzono zmiany sugerujące podwyższoną zawartość biokomponentów oleju napędowego. Zawartość wody w normie. W badaniu chromatografii gazowej stwierdzono lekko podwyższoną zawartość komponentów ON.



Zalecenia i wnioski:

Oznaczone parametry mieszczą się w akceptowalnych zakresach. Proszę wykonać kolejne badanie oraz przeprowadzić wymianę oleju na świeży zgodnie z przyjętym harmonogramem.   ","{""temperatura_zapłonu"": ""w_dopuszczalnym_zakresie"", ""liczba_zasadowa"": ""lekko_obniżony"", ""płyn_chłodniczy"": ""brak_wykrycia"", ""olej_napędowy"": ""lekko_podniesiony"", ""woda"": ""w_normie""}",1,W NORMIE
P2415316,"Lepkość na granicy zakresu typowego dla klasy SAE 40. Wskaźnik lepkości zgodny z wartością deklarowaną przez producenta oleju. Własności dyspergujące w normie. Temperatura zapłonu na dopuszczalnym poziomie. Liczba zasadowa lekko obniżona, mieści się w dopuszczalnym zakresie. Oznaczony pakiet dodatków jest typowy dla oleju Shell Rimula R4L 15W-40. Nie stwierdzono niepokojąco podwyższonej zawartości metalicznych produktów zużycia (oznaczonej w badaniu pierwiastków, cząstki o rozmiarach <5µm). Nie stwierdzono niepokojąco podwyższonej zawartości pierwiastków wskazujących na zanieczyszczenie oleju płynem chłodniczym. Na widmie w podczerwieni nie stwierdzono charakterystycznych zmian świadczących o zanieczyszczeniu oleju płynem chłodniczym, stwierdzono zmiany sugerujące podwyższoną zawartość biokomponentów oleju napędowego. Zawartość wody w normie. W badaniu chromatografii gazowej stwierdzono lekko podwyższoną zawartość komponentów ON.



Zalecenia i wnioski:

Oznaczone parametry mieszczą się w akceptowalnych zakresach. Proszę wykonać kolejne badanie oraz przeprowadzić wymianę oleju na świeży zgodnie z przyjętym harmonogramem.   ","{""temperatura_zapłonu"": ""w_dopuszczalnym_zakresie"", ""liczba_zasadowa"": ""lekko_obniżony"", ""płyn_chłodniczy"": ""brak_wykrycia"", ""olej_napędowy"": ""lekko_podniesiony"", ""woda"": ""w_normie""}",0,W NORMIE
P2415345,"Lepkość mieści się w zakresie typowym dla klasy SAE 40. Wskaźnik lepkości lekko powyżej wartości oczekiwanej. Wzajemna korelacja liczby zasadowej i liczby kwasowej świadczy o rezerwie alkalicznej na bezpiecznym poziomie. Własności dyspergujące lekko pogorszone, lekko pogorszony indeks zanieczyszczeń. Temperatura zapłonu na wysokim, bezpiecznym poziomie. Zawartość cząstek zużyciowych w normie, nie stwierdzono znaczącego przyrostu zawartości w porównaniu do poprzednich badań. Na widmie w podczerwieni nie stwierdzono charakterystycznych pasm świadczących o zanieczyszczeniu oleju płynem chłodniczym. Nie stwierdzono niepokojąco podwyższonej zawartości pierwiastków świadczących o zanieczyszczeniu oleju płynem chłodniczym. Zawartość wody w normie. W badaniu chromatografii gazowej stwierdzono lekko podwyższoną zawartość komponentów ON.







Zalecenia i wnioski:

Olej kwalifikuje się do dalszej eksploatacji, jednak zalecana jest obserwacja zmian w kolejnym badaniu nie później niż po 500mth.  ","{""lepkość"": ""powyżej_typowego"", ""wskaźnik_lepkości"": ""powyżej_typowego"", ""liczba_kwasowa"": ""w_zakresie_bezpiecznym"", ""liczba_zasadowa"": ""w_zakresie_bezpiecznym"", ""temperatura_zapłonu"": ""w_zakresie_bezpiecznym"", ""płyn_chłodniczy"": ""brak_wykrycia"", ""woda"": ""w_normie"", ""olej_napędowy"": ""lekko_podniesiony""}",0,W NORMIE
P2415674,"Zawartość cząstek zużyciowych mieści się w akceptowalnym zakresie. Wysoka zawartość ołowiu pochodzącego z paliwa jest sytuacją typową dla tłokowych silników lotniczych. Zawartość dodatków w zakresie oczekiwanym dla oleju AeroShell  Sport Plus 4. Nie stwierdzono niepokojącego zanieczyszczenia oleju.



Zalecenia i wnioski:

Zalecana jest obserwacja zmian w kolejnym badaniu zgodnie z przyjętym harmonogramem.","{""metale_zużyciowe"": ""w_akceptowalnym_zakresie"", ""paliwo"": ""podniesiony"", ""ołów"": ""podniesiony""}",0,W NORMIE
P2415675,"Zawartość cząstek zużyciowych mieści się w akceptowalnym zakresie. Wysoka zawartość ołowiu pochodzącego z paliwa jest sytuacją typową dla tłokowych silników lotniczych. Zawartość dodatków w zakresie oczekiwanym dla oleju AeroShell  Sport Plus 4. Nie stwierdzono niepokojącego zanieczyszczenia oleju.



Zalecenia i wnioski:

Zalecana jest obserwacja zmian w kolejnym badaniu zgodnie z przyjętym harmonogramem.","{""metale_zużyciowe"": ""w_akceptowalnym_zakresie"", ""paliwo"": ""podniesiony"", ""ołów"": ""podniesiony""}",0,W NORMIE
P2415948,"Lepkość w zakresie typowym dla klasy SAE 30. Wskaźnik lepkości na poziomie oczekiwanym. Temperatura zapłonu na dopuszczalnym poziomie. Wzajemna relacja liczby zasadowej i liczby kwasowej świadczy o rezerwie alkalicznej na bezpiecznym poziomie. Zawartość pierwiastków zużyciowych na dopuszczalnym poziomie. Lekko podwyższona zawartość potasu, trend malejący - prawdopodobnie jest to pochodna zanieczyszczenia oleju płynem chłodniczym. Na widmie w podczerwieni nie stwierdzono charakterystycznych zmian świadczących o zanieczyszczeniu oleju płynem chłodniczym. Zawartość wody w normie. W badaniu chromatografii gazowej nie stwierdzono niepokojąco podwyższonej zawartości komponentów ON. Własności dyspergujące w normie.



Proszę obserwować zmiany w kolejnej analizie zgodnie z przyjętym harmonogramem diagnostyki.","{""lepkość"": ""w_normie"", ""wskaźnik_lepkości"": ""w_normie"", ""temperatura_zapłonu"": ""w_dopuszczalnym_zakresie"", ""liczba_kwasowa"": ""w_zakresie_bezpiecznym"", ""liczba_zasadowa"": ""w_zakresie_bezpiecznym"", ""metale_zużyciowe"": ""w_dopuszczalnym_zakresie"", ""płyn_chłodniczy"": ""lekko_podniesiony"", ""potas"": ""lekko_podniesiony"", ""woda"": ""w_normie"", ""olej_napędowy"": ""brak_wykrycia""}",1,W NORMIE
P2415953,"Lepkość w zakresie typowym dla klasy SAE 30. Wskaźnik lepkości na poziomie oczekiwanym. Temperatura zapłonu na dopuszczalnym poziomie. Wzajemna relacja liczby zasadowej i liczby kwasowej świadczy o rezerwie alkalicznej na bezpiecznym poziomie. Zawartość pierwiastków zużyciowych na dopuszczalnym poziomie. Lekko podwyższona zawartość potasu, trend malejący - prawdopodobnie jest to pochodna zanieczyszczenia oleju płynem chłodniczym. Na widmie w podczerwieni nie stwierdzono charakterystycznych zmian świadczących o zanieczyszczeniu oleju płynem chłodniczym. Zawartość wody w normie. W badaniu chromatografii gazowej stwierdzono podwyższoną zawartość komponentów ON. Własności dyspergujące w normie.



Proszę obserwować zmiany w kolejnej analizie zgodnie z przyjętym harmonogramem diagnostyki.","{""lepkość"": ""w_normie"", ""wskaźnik_lepkości"": ""w_normie"", ""temperatura_zapłonu"": ""w_dopuszczalnym_zakresie"", ""liczba_kwasowa"": ""w_zakresie_bezpiecznym"", ""liczba_zasadowa"": ""w_zakresie_bezpiecznym"", ""metale_zużyciowe"": ""w_dopuszczalnym_zakresie"", ""płyn_chłodniczy"": ""lekko_podniesiony"", ""potas"": ""lekko_podniesiony"", ""woda"": ""w_normie"", ""olej_napędowy"": ""podniesiony""}",1,W NORMIE
P2415963,"Oznaczona lepkość w zakresie typowym dla klasy SAE 40. Wskaźnik lepkości na poziomie oczekiwanym dla oleju jednosezonowego. Wzajemna relacja liczby kwasowej i zasadowej świadczy o rezerwie alkalicznej na bezpiecznym poziomie. Własności dyspergujące lekko pogorszone. Temperatura zapłonu w normie. Zawartość wody w normie. Indeks PQ, informujący o zawartości cząstek ferromagnetycznych (niezależnie od rozmiaru), w normie. Zawartość cząstek zużyciowych oznaczona w badaniu pierwiastków (cząstki <5µm) na dopuszczalnym poziomie. Na widmie w podczerwieni nie stwierdzono zmian świadczących o zanieczyszczeniu oleju płynem chłodniczym. Lekko podwyższona zawartość boru, trend stabilny - może wskazywać na pochodną zanieczyszczenia oleju płynem chłodniczym. W badaniu chromatografii gazowej stwierdzono podwyższoną zawartość komponentów ON.  





Zalecenia i wnioski:

Proszę obserwować zmiany w kolejnym badaniu zgodnie z przyjętym harmonogramem diagnostyki olejowej.","{""lepkość"": ""w_normie"", ""wskaźnik_lepkości"": ""w_normie"", ""liczba_kwasowa"": ""w_zakresie_bezpiecznym"", ""temperatura_zapłonu"": ""w_normie"", ""woda"": ""w_normie"", ""pq_indeks"": ""w_normie"", ""metale_zużyciowe"": ""w_dopuszczalnym_zakresie"", ""płyn_chłodniczy"": ""lekko_podniesiony"", ""bor"": ""lekko_podniesiony"", ""olej_napędowy"": ""podniesiony""}",0,W NORMIE
P2416147,"Poziom metalicznych produktów zużycia oznaczony w badaniu pierwiastków (cząstki o rozmiarze <5µm) w normie, przy mniejszej ilości przepracowanych godzin. Podwyższona zawartość ołowiu pochodzącego z paliwa jest sytuacją typową dla tego typu tłokowych silników lotniczych.

Wnioski i zalecenia:

Przeprowadzić kolejne badanie przynajmniej po 25 godzinach pracy silnika.","{""metale_zużyciowe"": ""w_normie"", ""paliwo"": ""podniesiony"", ""ołów"": ""podniesiony""}",0,W NORMIE
P2416225,"Poziom metalicznych produktów zużycia oznaczony w badaniu pierwiastków (cząstki o rozmiarze <5µm) w normie, przy mniejszej ilości przepracowanych godzin. Podwyższona zawartość ołowiu pochodzącego z paliwa jest sytuacją typową dla tego typu tłokowych silników lotniczych.

Wnioski i zalecenia:

Przeprowadzić kolejne badanie zgodnie z harmonogramem diagnostyki olejowej.","{""metale_zużyciowe"": ""w_normie"", ""paliwo"": ""podniesiony"", ""ołów"": ""podniesiony""}",0,W NORMIE
P2416411,"Poziom metalicznych produktów zużycia oznaczony w badaniu pierwiastków (cząstki o rozmiarze <5 µm) w normie. Wysoka zawartość ołowiu pochodzącego z paliwa jest sytuacją normalną dla tego typu tłokowych silników lotniczych.

Wnioski i zalecenia:

Proszę prowadzić ewidencję dot. przebiegu, uzupełnień, daty wymiany oleju oraz czasu pracy od ostatniej wymiany oleju. Przeprowadzić kolejne badanie zgodnie z harmonogramem diagnostyki olejowej. ","{""metale_zużyciowe"": ""w_normie"", ""paliwo"": ""podniesiony"", ""ołów"": ""podniesiony""}",0,W NORMIE
P2416414,"Poziom metalicznych produktów zużycia oznaczony w badaniu pierwiastków (cząstki o rozmiarze <5 µm) w normie. Wysoka zawartość ołowiu pochodzącego z paliwa jest sytuacją normalną dla tego typu tłokowych silników lotniczych.

Wnioski i zalecenia:

Proszę prowadzić ewidencję dot. przebiegu, uzupełnień, daty wymiany oleju oraz czasu pracy od ostatniej wymiany oleju. Przeprowadzić kolejne badanie zgodnie z harmonogramem diagnostyki olejowej.","{""metale_zużyciowe"": ""w_normie"", ""paliwo"": ""podniesiony"", ""ołów"": ""podniesiony""}",0,W NORMIE
P2416415,"Poziom metalicznych produktów zużycia oznaczony w badaniu pierwiastków (cząstki o rozmiarze <5 µm) w normie. Wysoka zawartość ołowiu pochodzącego z paliwa jest sytuacją normalną dla tego typu tłokowych silników lotniczych.

Wnioski i zalecenia:

Proszę prowadzić ewidencję dot. przebiegu, uzupełnień, daty wymiany oleju oraz czasu pracy od ostatniej wymiany oleju. Przeprowadzić kolejne badanie zgodnie z harmonogramem diagnostyki olejowej.","{""metale_zużyciowe"": ""w_normie"", ""paliwo"": ""podniesiony"", ""ołów"": ""podniesiony""}",0,W NORMIE
P2416416,"Poziom metalicznych produktów zużycia oznaczony w badaniu pierwiastków (cząstki o rozmiarze <5 µm) w normie. Wysoka zawartość ołowiu pochodzącego z paliwa jest sytuacją normalną dla tego typu tłokowych silników lotniczych.

Wnioski i zalecenia:

Proszę prowadzić ewidencję dot. przebiegu, uzupełnień, daty wymiany oleju oraz czasu pracy od ostatniej wymiany oleju. Przeprowadzić kolejne badanie zgodnie z harmonogramem diagnostyki olejowej.","{""metale_zużyciowe"": ""w_normie"", ""paliwo"": ""podniesiony"", ""ołów"": ""podniesiony""}",0,W NORMIE
P2416417,"Poziom metalicznych produktów zużycia oznaczony w badaniu pierwiastków (cząstki o rozmiarze <5 µm) w normie. Wysoka zawartość ołowiu pochodzącego z paliwa jest sytuacją normalną dla tego typu tłokowych silników lotniczych.

Wnioski i zalecenia:

Proszę prowadzić ewidencję dot. przebiegu, uzupełnień, daty wymiany oleju oraz czasu pracy od ostatniej wymiany oleju. Przeprowadzić kolejne badanie zgodnie z harmonogramem diagnostyki olejowej.","{""metale_zużyciowe"": ""w_normie"", ""paliwo"": ""podniesiony"", ""ołów"": ""podniesiony""}",0,W NORMIE
P2416418,"Poziom metalicznych produktów zużycia oznaczony w badaniu pierwiastków (cząstki o rozmiarze <5 µm) w normie. Wysoka zawartość ołowiu pochodzącego z paliwa jest sytuacją normalną dla tego typu tłokowych silników lotniczych.

Wnioski i zalecenia:

Proszę prowadzić ewidencję dot. przebiegu, uzupełnień, daty wymiany oleju oraz czasu pracy od ostatniej wymiany oleju. Przeprowadzić kolejne badanie zgodnie z harmonogramem diagnostyki olejowej.","{""metale_zużyciowe"": ""w_normie"", ""paliwo"": ""podniesiony"", ""ołów"": ""podniesiony""}",0,W NORMIE
P2416419,"Poziom metalicznych produktów zużycia oznaczony w badaniu pierwiastków (cząstki o rozmiarze <5 µm) w normie. Wysoka zawartość ołowiu pochodzącego z paliwa jest sytuacją normalną dla tego typu tłokowych silników lotniczych.

Wnioski i zalecenia:

Proszę prowadzić ewidencję dot. przebiegu, uzupełnień, daty wymiany oleju oraz czasu pracy od ostatniej wymiany oleju. Przeprowadzić kolejne badanie zgodnie z harmonogramem diagnostyki olejowej.","{""metale_zużyciowe"": ""w_normie"", ""paliwo"": ""podniesiony"", ""ołów"": ""podniesiony""}",0,W NORMIE
P2416420,"Poziom metalicznych produktów zużycia oznaczony w badaniu pierwiastków (cząstki o rozmiarze <5 µm) w normie. Wysoka zawartość ołowiu pochodzącego z paliwa jest sytuacją normalną dla tego typu tłokowych silników lotniczych.

Wnioski i zalecenia:

Proszę prowadzić ewidencję dot. przebiegu, uzupełnień, daty wymiany oleju oraz czasu pracy od ostatniej wymiany oleju. Przeprowadzić kolejne badanie zgodnie z harmonogramem diagnostyki olejowej.","{""metale_zużyciowe"": ""w_normie"", ""paliwo"": ""podniesiony"", ""ołów"": ""podniesiony""}",0,W NORMIE
P2416560,"Poziom metalicznych produktów zużycia oznaczony w badaniu pierwiastków (cząstki o rozmiarze <5 mikronów) w normie. Wysoka zawartość ołowiu pochodzącego z paliwa jest sytuacją typową dla tego typu tłokowych silników lotniczych jednak oznaczona zawartość przekracza oczekiwaną.

Wnioski i zalecenia:

Obserwować zmiany trendu w następnej analizie. Przeprowadzić kolejne badanie zgodnie z harmonogramem diagnostyki olejowej.","{""metale_zużyciowe"": ""w_normie"", ""paliwo"": ""podniesiony"", ""ołów"": ""podniesiony""}",0,W NORMIE
P2416590,"Lepkość w 100°C w zakresie typowym dla klasy SAE 40. Lepkość w 50°C w normie. Wskaźnik lepkości poniżej wartości oczekiwanej. Liczba zasadowa na bezpiecznym poziomie. Własności dyspergujące w normie. Temperatura zapłonu na wysokim, bezpiecznym poziomie. Na widmie w podczerwieni nie stwierdzono charakterystycznych zmian świadczących o zanieczyszczeniu oleju płynem chłodniczym. Nie stwierdzono niepokojąco podwyższonej zawartości pierwiastków typowych dla zanieczyszczenia oleju płynem chłodniczym. Zawartość wody w normie. Zawartość pierwiastków zużyciowych wzrosła lekko w porównaniu do poprzedniego badania, mieści się w dopuszczalnym zakresie.  W badaniu chromatografii gazowej stwierdzono lekko podwyższoną zawartość komponentów ON.



Zalecenia i wnioski:

Oznaczone parametry mieszczą się w dopuszczalnych zakresach. Proszę obserwować zmiany w kolejnym badaniu zgodnie z przyjętym harmonogramem diagnostyki. ","{""lepkość"": ""w_normie"", ""liczba_zasadowa"": ""w_zakresie_bezpiecznym"", ""temperatura_zapłonu"": ""w_zakresie_bezpiecznym"", ""płyn_chłodniczy"": ""brak_wykrycia"", ""woda"": ""w_normie"", ""metale_zużyciowe"": ""podniesiony"", ""olej_napędowy"": ""lekko_podniesiony""}",0,W NORMIE
P2416861,"Lepkość w zakresie typowym dla klasy SAE 40. Wskaźnik lepkości jest typowy dla oleju wielosezonowego. Liczba zasadowa na wysokim, bezpiecznym poziomie. Własności dyspergujące lekko pogorszone. Temperatura zapłonu na bezpiecznym poziomie. Oznaczony pakiet dodatków jest typowy dla oleju Lotos Diesel Classic CF-4 SAE 15W-40. Zawartość cząstek zużyciowych wzrosła jedynie nieznacznie w porównaniu do poprzedniego badania, mieści się w dopuszczalnym zakresie. Na widmie w podczerwieni nie stwierdzono charakterystycznych zmian świadczących o zanieczyszczeniu oleju płynem chłodniczym. Nie stwierdzono niepokojąco podwyższonej zawartości pierwiastków wskazujących na zanieczyszczenie oleju płynem chłodniczym. Zawartość wody w zakresie granicznym. W badaniu chromatografii gazowej stwierdzono podwyższoną zawartość komponentów ON.



Zalecenia i wnioski:

Oznaczone parametry mieszczą się w akceptowalnych zakresach. Proszę obserwować zmiany w kolejnym badaniu zgodnie z przyjętym harmonogramem diagnostyki.  ","{""lepkość"": ""w_normie"", ""liczba_zasadowa"": ""w_zakresie_bezpiecznym"", ""temperatura_zapłonu"": ""w_zakresie_bezpiecznym"", ""metale_zużyciowe"": ""podniesiony"", ""płyn_chłodniczy"": ""brak_wykrycia"", ""woda"": ""w_zakresie_granicznym"", ""olej_napędowy"": ""podniesiony""}",0,W NORMIE
P2416940,"Poziom metalicznych produktów zużycia oznaczony w badaniu pierwiastków (cząstki o rozmiarze <5 mikronów) w normie. Wysoka zawartość ołowiu pochodząca z paliwa jest normalnym zjawiskiem dla tłokowych silników lotniczych.

Wnioski i zalecenia:

Przeprowadzić kolejne badanie zgodnie z harmonogramem diagnostyki olejowej. Proszę obserwować zmiany w następnej analizie. ","{""metale_zużyciowe"": ""w_normie"", ""paliwo"": ""podniesiony"", ""ołów"": ""podniesiony""}",0,W NORMIE
P2417189,"Nie stwierdzono niepokojąco podwyższonej zawartości cząstek zużyciowych. Podwyższona zawartość ołowiu pochodzącego z paliwa jest sytuacją typową dla tłokowych silników lotniczych. Oznaczona zawartość dodatków lekko odbiega od posiadanej przez nas referencji oleju AeroShell W15W-50, możliwe, że są to pozostałości oleju Phillips 20W-50 XC Victory sprzed wymiany. 



Zalecenia i wnioski:

Proszę obserwować zmiany w kolejnym badaniu zgodnie z przyjętym harmonogramem diagnostyki. ","{""paliwo"": ""podniesiony"", ""ołów"": ""podniesiony""}",0,W NORMIE
P2417190,"Nie stwierdzono niepokojąco podwyższonej zawartości cząstek zużyciowych. Podwyższona zawartość ołowiu pochodzącego z paliwa jest sytuacją typową dla tłokowych silników lotniczych. Oznaczona zawartość dodatków lekko odbiega od posiadanej przez nas referencji oleju AeroShell W15W-50, mozliwe, że są to pozostałości oleju Phillips 20W-50 XC Victory sprzed wymiany. 



Zalecenia i wnioski:

Proszę obserwować zmiany w kolejnym badaniu zgodnie z przyjętym harmonogramem diagnostyki.","{""paliwo"": ""podniesiony"", ""ołów"": ""podniesiony""}",0,W NORMIE
P2417191,"Nie stwierdzono niepokojąco podwyższonej zawartości cząstek zużyciowych. Podwyższona zawartość ołowiu pochodzącego z paliwa jest sytuacją typową dla tłokowych silników lotniczych. Oznaczona zawartość dodatków jest typowa dla oleju AeroShell W100. 

Zalecenia i wnioski:

Proszę obserwować zmiany w kolejnym badaniu zgodnie z przyjętym harmonogramem diagnostyki.","{""paliwo"": ""podniesiony"", ""ołów"": ""podniesiony""}",0,W NORMIE
P2417303,"Lepkość mieści się w zakresie typowym dla klasy SAE 40. Wskaźnik lepkości na poziomie typowym dla oleju wielosezonowego. Temperatura zapłonu na bezpiecznym poziomie. Zawartość cząstek zużyciowych wzrosła lekko w porównaniu do poprzedniej analizy, mieści się w dopuszczalnym zakresie. Na widmie w podczerwieni nie stwierdzono charakterystycznych pasm świadczących o zanieczyszczeniu oleju płynem chłodniczym. Nie stwierdzono podwyższonej zawartości pierwiastków wskazujących na zanieczyszczenie oleju płynem chłodniczym. Zawartość wody na dopuszczalnym poziomie. Liczba zasadowa na bezpiecznym poziomie. Własności dyspergujące w normie. W badaniu chromatografii gazowej stwierdzono lekko podwyższoną zawartość komponentów ON.  





Zalecenia i wnioski:

Oznaczone parametry mieszczą się w dopuszczalnych zakresach. Proszę obserwować zmiany w kolejnym badaniu zgodnie z przyjętym harmonogramem. ","{""lepkość"": ""w_normie"", ""wskaźnik_lepkości"": ""w_normie"", ""temperatura_zapłonu"": ""w_zakresie_bezpiecznym"", ""metale_zużyciowe"": ""podniesiony"", ""płyn_chłodniczy"": ""brak_wykrycia"", ""woda"": ""w_dopuszczalnym_zakresie"", ""liczba_zasadowa"": ""w_zakresie_bezpiecznym"", ""olej_napędowy"": ""lekko_podniesiony""}",0,W NORMIE
P2417331,"Nie stwierdzono niepokojąco podwyższonej zawartości cząstek zużyciowych. Podwyższona zawartość ołowiu pochodzącego z paliwa jest sytuacją typową dla tłokowych silników lotniczych. Oznaczona zawartość dodatków jest typowa dla oleju AeroShell W100. Nie stwierdzono niepokojącego zanieczyszczenia oleju. 

Zalecenia i wnioski:

Proszę obserwować zmiany w kolejnym badaniu zgodnie z przyjętym harmonogramem diagnostyki.","{""paliwo"": ""podniesiony"", ""ołów"": ""podniesiony""}",0,W NORMIE
P2417393,"Zawartość cząstek zużyciowych mieści się w akceptowalnym zakresie. Wysoka zawartość ołowiu pochodzącego z paliwa jest sytuacją typową dla tłokowych silników lotniczych. Zawartość dodatków w zakresie oczekiwanym dla oleju AeroShell Sport Plus 4. Nie stwierdzono niepokojącego zanieczyszczenia oleju.

Zalecenia i wnioski:

Zalecana jest obserwacja zmian w kolejnym badaniu zgodnie z przyjętym harmonogramem.","{""metale_zużyciowe"": ""w_akceptowalnym_zakresie"", ""paliwo"": ""podniesiony"", ""ołów"": ""podniesiony""}",0,W NORMIE
P2417410,"Lepkość mieści się w zakresie typowym dla klasy SAE 40. Wskaźnik lepkości na poziomie typowym dla oleju wielosezonowego. Liczba zasadowa na wysokim, bezpiecznym poziomie. Własności dyspergujące w normie. Temperatura zapłonu na bezpiecznym poziomie. Zawartość cząstek zużyciowych wzrosła lekko w porównaniu do poprzedniego badania, mieści się w dopuszczalnym zakresie. Na widmie w podczerwieni nie stwierdzono charakterystycznych pasm świadczących o zanieczyszczeniu oleju płynem chłodniczym. Nie stwierdzono niepokojąco podwyższonej zawartości pierwiastków sugerujących zanieczyszczenie oleju płynem chłodniczym. Zawartość wody w normie. W analizie chromatografii gazowej stwierdzono lekko podwyższoną zawartość komponentów ON.  

Zalecenia i wnioski:

Olej kwalifikuje się do dalszej eksploatacji. Zalecana jest obserwacja zmian w kolejnym badaniu zgodnie z przyjętym harmonogramem diagnostyki.","{""lepkość"": ""w_normie"", ""wskaźnik_lepkości"": ""w_normie"", ""liczba_zasadowa"": ""w_zakresie_bezpiecznym"", ""temperatura_zapłonu"": ""w_zakresie_bezpiecznym"", ""metale_zużyciowe"": ""podniesiony"", ""płyn_chłodniczy"": ""brak_wykrycia"", ""woda"": ""w_normie"", ""olej_napędowy"": ""lekko_podniesiony""}",0,W NORMIE
P2417599,"Oznaczona lepkość obniżona dla oleju klasy SAE 40. Rezerwa alkaliczna na bezpiecznym poziomie. Parametr i-pH w normie. Temperatura zapłonu w normie. Zawartość wody w normie. Poziom metalicznych produktów zużycia oznaczony w badaniu pierwiastków (cząstki o rozmiarach <5µm) w normie. Indeks PQ, informujący o magnetycznych ferrocząstkach (niezależnie od rozmiaru cząstek) w normie. Własności dyspergujące w normie. Zawartość paliwa podwyższona.

Zalecenia i wnioski:

Olej nie kwalifikuje się do dalszej eksploatacji - proszę wymienić olej na świeży. Proszę przeprowadzić inspekcję układu doprowadzania paliwa. Proszę obserwować zmiany w następnej analizie. Wykonać kolejne badanie zgodnie z przyjętym harmonogramem diagnostyki olejowej.","{""lepkość"": ""obniżony"", ""rezerwa_alkaliczna"": ""w_zakresie_bezpiecznym"", ""ph"": ""w_normie"", ""temperatura_zapłonu"": ""w_normie"", ""woda"": ""w_normie"", ""metale_zużyciowe"": ""w_normie"", ""pq_indeks"": ""w_normie"", ""paliwo"": ""podniesiony""}",2,W NORMIE
P2417737,"Poziom metalicznych produktów zużycia oznaczony w badaniu pierwiastków (cząstki o rozmiarze <5 mikronów) w normie. Wysoka zawartość ołowiu pochodzącego z paliwa jest sytuacją typową dla tego typu tłokowych silników lotniczych.

Wnioski i zalecenia:

Przeprowadzić kolejne badanie zgodnie z harmonogramem diagnostyki olejowej.","{""metale_zużyciowe"": ""w_normie"", ""paliwo"": ""podniesiony"", ""ołów"": ""podniesiony""}",0,W NORMIE
P2418073,"Lepkość poniżej zakresu typowego dla zdeklarowanej w druku próbki klasy SAE 40, mieści się w zakresie typowym dla klasy SAE 30. Wskaźnik lepkości na poziomie oczekiwanym. Widmo w podczerwieni sugeruje, że w eksploatacji jest olej CAT DEO 10W-30. Temperatura zapłonu na bezpiecznym poziomie. Liczba zasadowa w bezpiecznym zakresie. Zawartość potasu uległa znaczącej poprawie w porównaniu do poprzedniej analizy. Na widmie w podczerwieni nie stwierdzono charakterystycznych pasm świadczących o obecności płynu chłodniczego w dostarczonej próbce. Zawartość cząstek metalicznych (badanie pierwiastków, cząstki o rozmiarach mniejszych niż 5µm) mieści się w dopuszczalnym zakresie (zawartość glinu uległa znaczącej poprawie w porównaniu do poprzedniej analizy). Własności dyspergujące w normie. W badaniu chromatografii gazowej stwierdzono lekko podwyższoną zawartość komponentów ON.

Zalecenia i wnioski:

Proszę obserwować zmiany w kolejnym badaniu zgodnie z przyjętym harmonogramem diagnostyki.","{""lepkość"": ""poniżej_typowego"", ""wskaźnik_lepkości"": ""w_normie"", ""temperatura_zapłonu"": ""w_zakresie_bezpiecznym"", ""liczba_zasadowa"": ""w_zakresie_bezpiecznym"", ""glin"": ""w_dopuszczalnym_zakresie"", ""metale_zużyciowe"": ""w_dopuszczalnym_zakresie"", ""olej_napędowy"": ""lekko_podniesiony""}",0,W NORMIE
P2418329,"Zawartość dodatków bliska wartości oczekiwanej. Lepkość zgodna z klasą SAE 40. Widmo podczerwieni FTIR obniżone przez zawartość sadzy, jest to typowe dla silników diesla. Brak charakterystycznych pasm świadczących o zanieczyszczeniu płynem chłodniczym. Temperatura zapłonu w normie. Zawartość paliwa lekko podniesiona. Liczba zasadowa w zakresie akceptowalnym. Własności dyspergujące obniżone. Zawartość wody w oleju na poziomie akceptowalnym. Nie stwierdzono podniesionej zawartości zanieczyszczeń oznaczonych w badaniu pierwiastków (cząstki <5 mikronów). Poziom metalicznych produktów zużycia oznaczonych w badaniu pierwiastków (cząstki <5 mikronów) w normie. Indeks PQ, informujący o zawartości cząstek ferromagnetycznych (niezależnie od ich rozmiaru) w prawidłowym zakresie. 

Zalecenia i wnioski:

Obserwować trend w kolejnych badaniach. Następną analizę przeprowadzić zgodnie z harmonogramem diagnostyki. ","{""sadza"": ""obniżony"", ""temperatura_zapłonu"": ""w_normie"", ""paliwo"": ""lekko_podniesiony"", ""liczba_zasadowa"": ""w_akceptowalnym_zakresie"", ""woda"": ""w_akceptowalnym_zakresie"", ""metale_zużyciowe"": ""w_normie""}",0,W NORMIE
P2419234,"Zawartość cząstek zużyciowych mieści się w akceptowalnym zakresie. Wysoka zawartość ołowiu pochodzącego z paliwa jest sytuacją typową dla tłokowych silników lotniczych. Zawartość dodatków w zakresie oczekiwanym dla oleju AeroShell W15W-50. Nie stwierdzono niepokojącego zanieczyszczenia oleju.

Zalecenia i wnioski:

Zalecana jest obserwacja zmian w kolejnym badaniu zgodnie z przyjętym harmonogramem.","{""metale_zużyciowe"": ""w_akceptowalnym_zakresie"", ""paliwo"": ""podniesiony"", ""ołów"": ""podniesiony""}",0,W NORMIE
P2419405,"Oznaczona lepkość lekko obniżona. Temperatura zapłonu w normie. Zawartość wody w normie. Indeks PQ, informujący o ferromagnetycznych cząstkach (niezależnie od rozmiaru) w normie. Poziom metalicznych produktów zużycia oznaczony w badaniu pierwiastków (cząstki o rozmiarach<5um) w normie. Zawartość paliwa podwyższona. Własności dyspergujące w normie. Liczba zasadowa na dobrym, wysokim poziomie.

Zalecenia i wnioski:

Obserwować zmiany trendu w następnej analizie. Wykonać kolejne badanie zgodnie z przyjętym harmonogramem diagnostyki olejowej.","{""lepkość"": ""lekko_obniżony"", ""temperatura_zapłonu"": ""w_normie"", ""woda"": ""w_normie"", ""pq_indeks"": ""w_normie"", ""metale_zużyciowe"": ""w_normie"", ""paliwo"": ""podniesiony""}",0,W NORMIE
P2419625,"Zawartość cząstek zużyciowych na dopuszczalnym poziomie. Wysoka zawartość ołowiu pochodzącego z paliwa jest sytuacją typową dla tłokowych silników lotniczych. Oznaczony pakiet dodatków jest typowy dla oleju AeroShell Sport Plus 4. Nie stwierdzono niepokojącego zanieczyszczenia oleju.



Oznaczone parametry mieszczą się w dopuszczalnych zakresach. Proszę obserwować zmiany w kolejnym badaniu zgodnie z przyjętym harmonogramem diagnostyki. ","{""metale_zużyciowe"": ""w_dopuszczalnym_zakresie"", ""paliwo"": ""podniesiony"", ""ołów"": ""podniesiony""}",0,W NORMIE
P2419626,"Nie stwierdzono niepokojąco podwyższonej zawartości cząstek zużyciowych. Wysoka zawartość ołowiu pochodzącego z paliwa jest sytuacją typową dla tłokowych silników lotniczych.



Zalecenia i wnioski:

Oznaczone parametry mieszczą się w dopuszczalnych zakresach. Proszę obserwować zmiany w kolejnym badaniu zgodnie z przyjętym harmonogramem diagnostyki.","{""paliwo"": ""podniesiony"", ""ołów"": ""podniesiony""}",0,W NORMIE
P2420087,"Lepkość zgodna dla klasy SAE 40. Widmo podczerwieni FTIR obniżone względem referencji, co jest typowe dla silników diesla. Zawartość paliwa w normie. Liczba zasadowa bliska referencji. Własności dyspergujące prawidłowe. Zawartość wody w niskim jak dla olejów silnikowych zakresie. Temperatura zapłonu w normie. Zawartość zanieczyszczeń oznaczonych w badaniu pierwiastków (cząstki <5 mikronów) w zakresie prawidłowym. Poziom cząstek metalicznych (<5 mikronów) oznaczonych w badaniu pierwiastków w zakresie akceptowalnym, rosnący trend miedzi. 

Wnioski i zalecenia:

Obserwować trend w kolejnych badaniach. Następną analizę przeprowadzić zgodnie z przyjętym harmonogramem diagnostyki olejowej.","{""paliwo"": ""w_normie"", ""temperatura_zapłonu"": ""w_normie"", ""miedź"": ""podniesiony"", ""metale_zużyciowe"": ""podniesiony""}",0,W NORMIE
P2420531,"Lepkość zgodna dla klasy SAE 40. Widmo podczerwieni FITR obniżone, co jest typowe dla silników diesla. Temperatura zapłonu w zakresie dopuszczalnym. Liczba zasadowa w normie. Zawartość wody w niskim jak dla olejów silnikowych zakresie. Własności dyspergujące prawidłowe. Zawartość zanieczyszczeń (cząstki <5 mikronów) oznaczonych w badaniu pierwiastków w normie, sód w trendzie rosnącym. Poziom metalicznych produktów zużycia (cząstki <5 mikronów) oznaczonych w badaniu pierwiastków w zakresie dopuszczalnym, rosnący trend glinu. Indeks PQ, informujący o zawartości cząstek ferromagnetycznych (bez względu na rozmiar) w normie.

Wnioski i zalecenia:

Obserwować trend w kolejnych badaniach. Następną analizę przeprowadzić zgodnie z harmonogramem diagnostyki. ","{""temperatura_zapłonu"": ""w_dopuszczalnym_zakresie"", ""liczba_zasadowa"": ""w_normie"", ""glin"": ""podniesiony"", ""metale_zużyciowe"": ""podniesiony"", ""pq_indeks"": ""w_normie""}",1,W NORMIE
P2420921,"Lepkość mieści się w zakresie typowym dla klasy SAE 40. Wskaźnik lepkości na poziomie oczekiwanym dla oleju wielosezonowego. Liczba zasadowa na bezpiecznym poziomie. Własności dyspergujące w normie. Temperatura zapłonu na bezpiecznym poziomie. W porównaniu do poprzedniej analizy stwierdzono jedynie nieznaczny przyrost zawartości cząstek zużyciowych. Na widmie w podczerwieni nie stwierdzono charakterystycznych pasm świadczących o zanieczyszczeniu oleju płynem chłodniczym. Nie stwierdzono niepokojąco podwyższonej zawartości pierwiastków wskazujących  zanieczyszczenie oleju płynem chłodniczym. Zawartość ON lekko podwyższona. Zawartość wody w normie.



Zalecenia i wnioski:

Oznaczone parametry mieszczą się w akceptowalnych zakresach. Proszę obserwować zmiany w kolejnym badaniu zgodnie z przyjętym harmonogramem.","{""lepkość"": ""w_normie"", ""wskaźnik_lepkości"": ""w_normie"", ""liczba_zasadowa"": ""w_zakresie_bezpiecznym"", ""temperatura_zapłonu"": ""w_zakresie_bezpiecznym"", ""metale_zużyciowe"": ""podniesiony"", ""płyn_chłodniczy"": ""brak_wykrycia"", ""olej_napędowy"": ""lekko_podniesiony"", ""woda"": ""w_normie""}",2,W NORMIE
P2421090,"Lepkość lekko obniżona dla oleju klasy SAE 40. Temperatura zapłonu na bezpiecznym poziomie. Własności dyspergujące w normie. Zawartość cząstek zużyciowych (oznaczonych w badaniu pierwiastków, cząstki <5µm) w normie. Zawartość stałych zanieczyszczeń w normie. Lekko podwyższona zawartość krzemu, co może mieć związek z zanieczyszczeniem mineralnym spoza układu. Zawartość wody w normie. Na widmie w podczerwieni nie stwierdzono zmian świadczących o zanieczyszczeniu oleju płynem chłodniczym. Nie stwierdzono niepokojąco podwyższonej zawartości pierwiastków wskazujących na zanieczyszczenie oleju płynem chłodniczym. Zawartość paliwa oznaczona w badaniu chromatografii gazowej w normie.

Zalecenia i wnioski:

Ze względu na lekko obniżoną lepkość zaleca się przysłać kolejną próbkę do badania za około 500 mth. Proszę obserwować zmiany w następnej analizie. ","{""lepkość"": ""lekko_obniżony"", ""temperatura_zapłonu"": ""w_zakresie_bezpiecznym"", ""metale_zużyciowe"": ""w_normie"", ""zanieczyszczenia_stałe"": ""w_normie"", ""krzem"": ""lekko_podniesiony"", ""woda"": ""w_normie"", ""płyn_chłodniczy"": ""brak_wykrycia"", ""paliwo"": ""w_normie""}",0,W NORMIE
P2421606,"Nie stwierdzono niepokojąco podwyższonej zawartości cząstek zużyciowych. Podwyższona zawartość ołowiu pochodzącego z paliwa jest sytuacją typową dla tłokowych silników lotniczych. Zawartość dodatków w zakresie oczekiwanym dla oleju AeroShell W15W-50. 



Zalecenia i wnioski:

Oznaczone parametry mieszczą się w dopuszczalnych zakresach. Proszę obserwować zmiany w kolejnym badaniu zgodnie z przyjętym harmonogramem diagnostyki.","{""paliwo"": ""podniesiony"", ""ołów"": ""podniesiony""}",0,W NORMIE
P2421831,"Zawartość cząstek zużyciowych mieści się w dopuszczalnym zakresie. Podwyższony poziom ołowiu pochodzącego z paliwa jest sytuacją normalną dla tłokowych silników lotniczych. Zawartość dodatków na poziomie typowym dla oleju AeroShell Sport Plus 4. W badaniu pierwiastków nie stwierdzono niepokojącego zanieczyszczenia oleju.

Zalecenia i wnioski:

Oznaczone parametry mieszczą się w dopuszczalnych zakresach. Proszę obserwować zmiany w kolejnym badaniu zgodnie z przyjętym harmonogramem diagnostyki.","{""metale_zużyciowe"": ""w_dopuszczalnym_zakresie"", ""paliwo"": ""podniesiony"", ""ołów"": ""podniesiony""}",0,W NORMIE
P2501387,"Lepkość w zakresie typowym dla klasy SAE 40. Wskaźnik lepkości na poziomie typowym dla oleju wielosezonowego. Liczba zasadowa na wysokim, bezpiecznym poziomie. Własności dyspergujące w normie. Temperatura zapłonu na bezpiecznym poziomie. Nie stwierdzono niepokojąco podwyższonej zawartości cząstek zużyciowych. Nie stwierdzono niepokojąco podwyższonej zawartości pierwiastków wskazujących na zanieczyszczenie oleju płynem chłodniczym. Na widmie w podczerwieni nie stwierdzono zmian świadczących o zanieczyszczeniu oleju płynem chłodniczym. Zawartość wody w normie. W badaniu chromatografii gazowej stwierdzono lekko podwyższoną zawartość komponentów ON, jednak bez korelacji ze znaczącym obniżeniem lepkości lub temp. zapłonu.



Zalecenia i wnioski:

Oznaczone parametry mieszczą się w dopuszczalnych zakresach. Olej kwalifikuje się do dalszej eksploatacji. Zalecana jest obserwacja zmian w kolejnych badaniach zgodnie z przyjętym harmonogramem.","{""lepkość"": ""lekko_podniesiony"", ""wskaźnik_lepkości"": ""w_normie"", ""liczba_zasadowa"": ""w_zakresie_bezpiecznym"", ""temperatura_zapłonu"": ""w_zakresie_bezpiecznym"", ""płyn_chłodniczy"": ""brak_wykrycia"", ""woda"": ""w_normie"", ""olej_napędowy"": ""lekko_podniesiony""}",0,W NORMIE
P2501672,"Lepkość zgodna dla oleju klasy SAE 40. Temperatura zapłonu w normie. Zawartość wody w zakresie prawidłowym. Zawartość paliwa w oleju na bezpiecznym poziomie. Liczba zasadowa  w normie. Widmo podczerwieni FTIR nieczytelne, ze względu na obecność sadzy. Jest to typowe dla silników diesla. Własności dyspergujące prawidłowe. Poziom metalicznych cząstek zużyciowych (<5 mikronów) oznaczonych w badaniu pierwiastków w zakresie dopuszczalnym, rosnący trend zawartości żelaza i glinu. Indeks PQ, informujący o zawartości cząstek ferromagnetycznych (niezależnie od rozmiaru cząstek) w normie.

Wnioski i zalecenia:

Obserwować trend w kolejnych badaniach. Następną analizę przeprowadzić zgodnie z harmonogramem diagnostyki. ","{""temperatura_zapłonu"": ""w_normie"", ""paliwo"": ""w_zakresie_bezpiecznym"", ""liczba_zasadowa"": ""w_normie"", ""żelazo"": ""podniesiony"", ""glin"": ""podniesiony"", ""metale_zużyciowe"": ""podniesiony"", ""pq_indeks"": ""w_normie""}",0,W NORMIE
P2507618,"Poziom metalicznych produktów zużycia oznaczony w badaniu pierwiastków (cząstki o rozmiarze <5µm) w normie, przy mniejszej ilości przepracowanych godzin. Podwyższona zawartość ołowiu pochodzącego z paliwa jest sytuacją typową dla tego typu tłokowych silników lotniczych.

Wnioski i zalecenia:

Przeprowadzić kolejne badanie zgodnie z harmonogramem diagnostyki oleju jednak przynajmniej po 25 godzinach pracy silnika.","{""metale_zużyciowe"": ""w_normie"", ""paliwo"": ""podniesiony"", ""ołów"": ""podniesiony""}",0,W NORMIE
