Lab_Number,sample_description,parser_output,prediction,ground_truth
P1300010,"Poziom metalicznych produktów zużycia w normie,  świadczy o braku intensywnych procesów zużyciowych oraz korozyjnych w układzie olejowym. Oznaczona lepkość w normie. Liczba zasadowa znajduje się na bezpiecznym poziomie. 

Zalecenia i wnioski:
Przy zachowaniu zbliżonych warunków eksploatacyjnych oraz czynności obsługowych, olej kwalifikuje się do dalszej eksploatacji bez podejmowania dodatkowych czynności korygujących. W celu obserwacji zmiany trendu przesłać próbkę do badania po kolejnych 250rbh.","{""metale_zużyciowe"": ""w_normie"", ""lepkość"": ""w_normie"", ""liczba_zasadowa"": ""w_zakresie_bezpiecznym""}",0,WSKAZÓWKA
P1401076,"Poziom fosforu podwyższony, w zakresie granicznym. Poziom cynku powyżej dopuszczalnej granicy. Pozostałe oznaczenia w znajdują się w dopuszczalnym przedziale. Zalecenia i wnioski: Poziomy podwyższone cynku i fosforu wskazują na zastosowanie na dolewki oleju innego typu. Na dolewki stosować olej wg DTR. Wykonać badanie kolejnej próbki wg przyjętego programu diagnostyki olejowej.","{""fosfor"": ""w_zakresie_granicznym""}",2,UWAGA
P1401180,Poziom cynku powyżej dopuszczalnej granicy. Poziom fosforu powyżej dopuszczalnej granicy. Poziom sodu podwyższony w zakresie granicznym. Pozostałe oznaczenia w normie. Zalecenia i wnioski: Poziomy podwyższone cynku i fosforu wskazują na zastosowanie na dolewki oleju innego typu. Podwyższony poziom sodu może wskazywać na nieszczelność układu chłodzenia. Na dolewki stosować olej wg DTR. Wykonać badanie kolejnej próbki wg przyjętego programu diagnostyki olejowej.,"{""sód"": ""w_zakresie_granicznym""}",2,UWAGA
P1402230,"Poziom metalicznych produktów zużycia w normie. Indeks PQ w normie. Poziom 
dodatków uszlachetniających w normie. Podwyższony sód, może pochodzić z 
kompozycji (dodatek uszlachetniający) oleju i/lub  wskazywać na nieszczelności 
układu chłodzenia.

Zalecenia i wnioski:
Wykonać badanie oleju świeżego. Wykonać badanie kolejnej próbki wg przyjętego 
programu diagnostyki olejowej, nie później niż za 500h pracy.","{""metale_zużyciowe"": ""w_normie"", ""pq_indeks"": ""w_normie"", ""dodatki_uszlachetniające"": ""w_normie""}",2,WSKAZÓWKA
P1501440,"Poziom cynku i fosforu podwyższony, pozostałe pierwiastki znajdują się w 
dopuszczalnym przedziale. Zawartość ciał stałych w normie.

Zalecenia i wnioski:
 Wykonać badanie kolejnej próbki wg przyjętego programu diagnostyki olejowej.","{""cynk"": ""w_dopuszczalnym_zakresie"", ""fosfor"": ""w_dopuszczalnym_zakresie"", ""stałe_ciała_obce"": ""w_normie""}",1,WSKAZÓWKA
P1502422,"Poziom metalicznych produktów zużycia w normie. PQ indeks w normie. W 
porównaniu z ostatnia próbką zauważalny wzrost sodu, możliwa przyczyna to 
dolewka oleju innego typu, zanieczyszczenie płynem chłodzącym.

Zalecenia i wnioski:

Wykonać badanie weryfikacyjne. Przeanalizować historię uzupełnień oleju. 
Proszę przy kolejnej analizie przysłac próbke oleju świeżego.","{""metale_zużyciowe"": ""w_normie"", ""pq_indeks"": ""w_normie""}",0,WSKAZÓWKA
P1502980,"Zawartość wody w normie. Poziom metalicznych produktów zużycia w normie,  
świadczy o braku intensywnych procesów zużyciowych oraz korozyjnych w układzie 
olejowym. Poziom krzemu w zakresie ostrzegawczym. Oznaczona lepkość  w 
dopuszczalnym zakresie. Nie stwierdzono zanieczyszczenia olejem napędowym oraz 
glikolem. Temperatura zapłonu w normie.

Wnioski i zalecenia:  
Dokonać przeglądu instalacji doprowadzenia powietrza do silnika, wymienić 
filtr powietrza. Proszę obserwować zmiany w następnej analizie. Wykonać badanie 
kolejnej próbki zgodnie z przyjętym programem diagnostyki olejowej.","{""woda"": ""w_normie"", ""metale_zużyciowe"": ""w_normie"", ""lepkość"": ""w_dopuszczalnym_zakresie"", ""glikol"": ""brak_wykrycia"", ""temperatura_zapłonu"": ""w_normie""}",0,WSKAZÓWKA
P1503769,"Zawartość wody w normie. Poziom metalicznych produktów zużycia oznaczony w 
badaniu pierwiastków (cząstki o rozmiarach <5um) w normie.  Indeks PQ, 
informujący o magnetycznych ferrocząstkach (niezależnie od rozmiaru cząstek) w 
normie. Poziom dodatków uszlachetniających jest typowy dla oleju silnikowego. 
Oznaczona lepkość w normie. Liczba zasadowa w normie. Nie posiadamy w bazie 
danych wartości oleju świeżego, z tego względu komentarz na temat możliwych 
zmian dodatków uszlachetniających oraz spektrum IR jest niemożliwy do 
przedstawienia  lub można to wykonać w sposób nieprecyzyjny.

Wnioski i zalecenia:  
Proszę obserwować zmiany w następnej analizie. Wykonać kolejne badanie zgodnie 
z przyjętym harmonogramem diagnostyki olejowej.","{""woda"": ""w_normie"", ""metale_zużyciowe"": ""w_normie"", ""pq_indeks"": ""w_normie"", ""lepkość"": ""w_normie"", ""liczba_zasadowa"": ""w_normie""}",0,WSKAZÓWKA
P1600024,"W efekcie zużycia i korozji poziom miedzi podniesiony, w zakresie granicznym. 
Wszystkie pozostałe oznaczenia znajdują się w normalnym dopuszczalnym 
przedziale.

Wnioski i zalecenia:  
Wszystkie oznaczenia znajdują się dopuszczalnym przedziale. Proszę obserwować 
zmiany w następnej analizie.  Wykonać badanie kolejnej próbki zgodnie z 
przyjętym programem diagnostyki olejowej.","{""miedź"": ""w_zakresie_granicznym""}",1,WSKAZÓWKA
P1601705,"Poziom paliwa podniesiony, w zakresie dopuszczalnym. Wszystkie pozostałe 
oznaczenia znajdują się w normalnym/dopuszczalnym przedziale.

Zalecenia i wnioski:

Proszę obserwować zmiany w następnej analizie. Wykonać kolejne badanie zgodnie 
z przyjętym harmonogramem diagnostyki olejowej.","{""paliwo"": ""w_dopuszczalnym_zakresie""}",1,WSKAZÓWKA
P1602482,"Odczyn pH podniesiony, wszystkie   pozostałe oznaczone parametry znajdują się w 
dopuszczalnym przedziale.

Zalecenia i wnioski:
Obserwować zmiany w następnej analizie.  Wykonać badanie kolejnej próbki 
zgodnie z przyjętym programem diagnostyki płynu.","{""pozostałe_parametry"": ""w_dopuszczalnym_zakresie"", ""ph"": ""w_dopuszczalnym_zakresie""}",1,WSKAZÓWKA
P1602839,"Poziom metalicznych produktów zużycia oznaczony w badaniu pierwiastków (cząstki 
o rozmiarach <5um) ww normie. Indeks PQ, informujący o magnetycznych 
ferrocząstkach (niezależnie od rozmiaru cząstek) w normie. Oznaczona lepkość w 
normie. Liczba kwasowa  i zasadowa w normie. Nie posiadamy w bazie danych 
wartości oleju świeżego, z tego względu komentarz na temat możliwych zmian 
dodatków uszlachetniających oraz spektrum IR jest niemożliwy do przedstawienia  
lub można to wykonać w sposób nieprecyzyjny.

Wnioski i zalecenia:  
Z przeprowadzonych badań nie wynika przyczyna oraz skutki uszkodzenia/awarii 
silnika. Procedura poboru próbki mogła mieć wpływ na uzyskane rezultaty.","{""pq_indeks"": ""w_normie"", ""lepkość"": ""w_normie"", ""liczba_kwasowa"": ""w_normie""}",0,WSKAZÓWKA
P1603207,"Poziom oleju napędowego uległ poprawie (spadkowi) względem ostatniej badanej 
próbki. Temperatura zapłonu  w normie. Lepkość względem poprzedniej próbki 
uległa lekkiemu pogorszeniu (trend spadkowy w porównaniu do ostatnich dwóch 
próbek). Poziom krzemu  na podobnym poziomie co w poprzednio zbadanej próbce. 
Pozostałe oznaczone parametry znajdują się w swoich normalnych dopuszczanych 
zakresach.

Zalecenia i wnioski:
Obserwować zmiany w kolejnej analizie zwłaszcza pod kątem trendu zmian 
lepkości. Wykonać badanie kolejnej próbki zgodnie z przyjętym programem 
diagnostyki płynu.","{""temperatura_zapłonu"": ""w_normie""}",1,WSKAZÓWKA
P1603214,"Temperatura zapłonu nieco poniżej minimalnej dopuszczalnej wartości. W 
porównaniu do poprzednio badanej próbki poprawie (zmniejszeniu) uległa 
zawartość oleju napędowego. Oznaczona zawartość oleju napędowego oraz pozostałe 
parametry znajdują się w swoich normalnych dopuszczalnych zakresach.

Zalecenia i wnioski:
Obserwować zmiany w następnej analizie.  Wykonać badanie kolejnej próbki 
zgodnie z przyjętym programem diagnostyki olejowej.","{""olej_napędowy"": ""w_dopuszczalnym_zakresie""}",1,WSKAZÓWKA
P1603284,"Odczyn pH podniesiony,  pozostałe oznaczone parametry znajdują się w 
dopuszczalnym przedziale.

Zalecenia i wnioski:
Obserwować zmiany w następnej analizie.  Wykonać badanie kontrolne za 1500mth 
pracy.","{""pozostałe_parametry"": ""w_dopuszczalnym_zakresie"", ""ph"": ""w_dopuszczalnym_zakresie""}",2,WSKAZÓWKA
P1603286,"Odczyn pH podniesiony, wszystkie   pozostałe oznaczone parametry znajdują się w 
dopuszczalnym przedziale.

Zalecenia i wnioski:
Obserwować zmiany w następnej analizie.  Wykonać badanie kolejnej próbki 
zgodnie z przyjętym programem diagnostyki płynu. ","{""pozostałe_parametry"": ""w_dopuszczalnym_zakresie"", ""ph"": ""w_dopuszczalnym_zakresie""}",1,WSKAZÓWKA
P1603294,"Odczyn pH podniesiony, wszystkie   pozostałe oznaczone parametry znajdują się w 
dopuszczalnym przedziale.

Zalecenia i wnioski:
Obserwować zmiany w następnej analizie.  Wykonać badanie kolejnej próbki 
zgodnie z przyjętym programem diagnostyki płynu. ","{""pozostałe_parametry"": ""w_dopuszczalnym_zakresie"", ""ph"": ""w_dopuszczalnym_zakresie""}",1,WSKAZÓWKA
P1603477," Nie stwierdzono zawartości glikolu. Metaliczne produkty zużycia w normie. 

Wnioski i zalecenia:
Nie podali Państwo dokładnego oznaczenia oleju (producent i nazwa). Nie 
posiadamy referencyjnej próbki oleju świeżego z tego względu brakuje 
porównywalnych wartości świeżego oleju i dlatego  nie można sporządzić 
precyzyjnego komentarza na temat możliwych zmian dodatków oraz porównania widma 
IR. Ze względu na brak referencyjnej próbki oleju świeżego nie można określić 
zawartości wody oraz oksydacji wybraną przez Państwa metodą. Proszę przy 
kolejnym badaniu wysłać próbkę oleju świeżego. Proszę prowadzić ewidencję dot. 
zastosowanego typu oleju (nazwa producenta i oznaczenie oleju), uzupełnień, 
daty wymiany oleju oraz czasu pracy oleju. Proszę obserwować zmiany w kolejnym 
badaniu oraz wykonać kolejne badanie zgodnie z przyjętym harmonogramem 
diagnostyki olejowej.","{""glikol"": ""brak_wykrycia""}",1,WSKAZÓWKA
P1603489,"W próbce widoczne są drobne pojedyncze zanieczyszczenia stałe. Odczyn pH 
podniesiony, wszystkie   pozostałe oznaczone parametry znajdują się w 
dopuszczalnym przedziale.

Zalecenia i wnioski:
Obserwować zmiany w następnej analizie.  Wykonać badanie kolejnej próbki 
zgodnie z przyjętym programem diagnostyki płynu.","{""pozostałe_parametry"": ""w_dopuszczalnym_zakresie"", ""ph"": ""w_dopuszczalnym_zakresie""}",1,WSKAZÓWKA
P1603491,"Odczyn pH podniesiony, wszystkie   pozostałe oznaczone parametry znajdują się w 
dopuszczalnym przedziale.

Zalecenia i wnioski:
Obserwować zmiany w następnej analizie.  Wykonać badanie kolejnej próbki 
zgodnie z przyjętym programem diagnostyki płynu.","{""pozostałe_parametry"": ""w_dopuszczalnym_zakresie"", ""ph"": ""w_dopuszczalnym_zakresie""}",1,WSKAZÓWKA
P1603526,"Odczyn pH podniesiony, wszystkie   pozostałe oznaczone parametry znajdują się w 
dopuszczalnym przedziale.

Zalecenia i wnioski:
Obserwować zmiany w następnej analizie.  Wykonać badanie kolejnej próbki 
zgodnie z przyjętym programem diagnostyki płynu.","{""pozostałe_parametry"": ""w_dopuszczalnym_zakresie"", ""ph"": ""w_dopuszczalnym_zakresie""}",1,WSKAZÓWKA
P1604035,"W badanej próbce widoczne są drobne zanieczyszczenia.  Płyn ma charkterytyczny 
zapach. Odczyn pH podniesiony, wszystkie   pozostałe oznaczone parametry 
znajdują się w dopuszczalnym przedziale.

Zalecenia i wnioski:
Obserwować zmiany w następnej analizie.  Wykonać badanie kolejnej próbki 
zgodnie z przyjętym programem diagnostyki płynu.","{""pozostałe_parametry"": ""w_dopuszczalnym_zakresie"", ""ph"": ""w_dopuszczalnym_zakresie""}",1,WSKAZÓWKA
P1604043,"W próbce widoczna jest duża liczba zanieczyszczeń stałych (część z nich jest 
koloru czarnego, a część jasnobrązowego). Odczyn pH podniesiony, pozostałe 
oznaczone parametry znajdują się w dopuszczalnym przedziale.

Zalecenia i wnioski:
Obserwować zmiany w następnej analizie.  Wykonać badanie kolejnej próbki 
zgodnie z przyjętym programem diagnostyki płynu.","{""pozostałe_parametry"": ""w_dopuszczalnym_zakresie"", ""ph"": ""w_dopuszczalnym_zakresie""}",2,WSKAZÓWKA
P1604091,"Olej ma ciemną barwę. Oznaczona lepkość jest w normie. Liczba kwasowa i 
zasadowa w normie. Oksydacja, nitracja, sulfacja w normie. Poziom metalicznych 
produktów zużycia w normie. Zawartość wody w normie. Nie stwierdzono obecności 
glikolu oraz sadzy.

Wnioski i zalecenia:
Oznaczone parametry wskazują na dobrą kondycję oleju i urządzenia. Obserwować 
zmiany w następnej analizie. Wykonać kolejne badanie zgodnie z przyjętym 
harmonogramem diagnostyki olejowej w celu obserwacji trendu. Prowadzić 
ewidencję dot. dat wymian oleju.","{""lepkość"": ""w_normie"", ""liczba_kwasowa"": ""w_normie"", ""oksydacja"": ""w_normie"", ""nitracja"": ""w_normie"", ""sulfacja"": ""w_normie"", ""metale_zużyciowe"": ""w_normie"", ""woda"": ""w_normie"", ""glikol"": ""brak_wykrycia"", ""sadza"": ""brak_wykrycia""}",0,WSKAZÓWKA
P1604119,"Olej jest klarowny jednorodny, bez zawiesin. Klasa czystości oleju wymaga 
poprawy. Zawartość wody w normie. Poziom miedzi podniesiony, nie krytycznie, 
wskazuje zużycie i/lub korozję elementów zawierających w metalurgii miedź 
(elementy łożysk, chłodnice, mosiądz, brąz)  Indeks PQ, informujący o 
magnetycznych ferrocząstkach (niezależnie od rozmiaru cząstek) w normie. 
Własności reologiczne (lepkość i wskaźnik lepkości) w normie. Wnioski i 
zalecenia:  Stosując filtrację bocznikową oraz wymianę wkładów filtracyjnych, 
poprawić klasę czystości do poziomu wymaganego. Proszę obserwować zmiany w 
następnej analizie, przeprowadzić kolejne badanie oleju za 1500h pracy, licząc 
od chwili pobrania aktualnej próbki.","{""woda"": ""w_normie"", ""miedź"": ""w_normie"", ""pq_indeks"": ""w_normie"", ""lepkość"": ""w_normie"", ""wskaźnik_lepkości"": ""w_normie""}",1,UWAGA
P1604235,"Poziom metalicznych produktów zużycia w normie.  Poziom dodatków niezgodny z 
próbką referencyjna z naszej bazy danych.

Zalecenia i wnioski: 
 Zweryfikować informację dotyczące zastosowanego oleju. Wykonać kolejne 
badanie zgodnie z przyjętym harmonogramem diagnostyki olejowej.","{""metale_zużyciowe"": ""w_normie""}",0,WSKAZÓWKA
P1604287,"Poziom metalicznych produktów zużycia w normie.  Poziom dodatków niezgodny z 
próbką referencyjna z naszej bazy danych, trend stabilny.

Zalecenia i wnioski: 
 Zweryfikować informację dotyczące zastosowanego oleju. Wykonać kolejne 
badanie zgodnie z przyjętym harmonogramem diagnostyki olejowej.","{""metale_zużyciowe"": ""w_normie""}",0,WSKAZÓWKA
P1604393,"Oznaczona lepkość w normie. Zawartość wody w normie. Nie stwierdzono obecności 
glikolu. Stwierdzono obecność oleju napędowego. Poziom metalicznych produktów 
zużycia  w normie. Widmo IR wykazuje niezgodność z próbką referencyjną - może 
wskazywać na olej inny niż deklarowany lub zmieszanie.

Wnioski i zalecenia:
Skontrolować układ doprowadzania paliwa do silnika, aby zapobiec dalszemu 
przedostawaniu się paliwa do oleju. Proszę zweryfikować typ stosowanego oleju 
(producent i pełna nazwa) oraz przesłać próbkę oleju świeżego w celu 
weryfikacji, przy okazji następnej analizy. Obserwować zmiany w następnej 
analizie. Wykonać kolejne badanie zgodnie z przyjętym harmonogramem diagnostyki 
olejowej.","{""lepkość"": ""w_normie"", ""woda"": ""w_normie"", ""glikol"": ""brak_wykrycia"", ""metale_zużyciowe"": ""w_normie""}",1,WSKAZÓWKA
P1604495,"Poziom metalicznych produktów zużycia w normie. Poziom dodatków niezgodny z 
próbką referencyjną z naszej bazy danych. Możliwa dolewka oleju innego typu.

Wnioski i zalecenia:
Obserwować zmiany w następnej analizie. Wykonać kolejne badanie zgodnie z 
przyjętym harmonogramem diagnostyki olejowej.","{""metale_zużyciowe"": ""w_normie""}",1,WSKAZÓWKA
P1604533,"Odczyn pH i rezerwa alkaliczna podniesione, wszystkie   pozostałe oznaczone 
parametry znajdują się w dopuszczalnym przedziale.

Zalecenia i wnioski:
Obserwować zmiany w następnej analizie.  Wykonać badanie kolejnej próbki 
zgodnie z przyjętym programem diagnostyki płynu.","{""pozostałe_parametry"": ""w_dopuszczalnym_zakresie"", ""rezerwa_alkaliczna"": ""w_dopuszczalnym_zakresie"", ""ph"": ""w_dopuszczalnym_zakresie""}",1,WSKAZÓWKA
P1604583,"Poziom pierwiastków dodatków niezgodny z próbką referencyjną. Poziom 
metalicznych produktów zużycia w normie.

Wnioski i zalecenia:
Poziom pierwiastków dodatków wskazuje na zmieszanie z olejem innego typu. 
Przeanalizować historię dolewek oleju.  Na dolewki stosować olej zgodny z 
wymaganiami producenta urządzenia. Obserwować zmiany w następnej analizie. 
Wykonać kolejne badanie zgodnie z przyjętym harmonogramem diagnostyki olejowej.","{""metale_zużyciowe"": ""w_normie""}",0,WSKAZÓWKA
P1604677,"Olej ma ciemną barwę. Oznaczona lepkość w normie. Stosunek liczby kwasowej do 
zasadowej w normie wskazuje na obniżoną rezerwę alkaliczną oleju. Oksydacja, 
nitracja, sulfacja w normie. Poziom metalicznych produktów zużycia w normie.

Wnioski i zalecenia:
Ze względu na obniżoną rezerwę alkaliczną oleju zalecam skrócenie czasu 
pomiędzy następnym badaniem do około 100 mth pracy silnika w celu obserwacji 
zmian.","{""lepkość"": ""w_normie"", ""liczba_kwasowa"": ""w_normie"", ""oksydacja"": ""w_normie"", ""nitracja"": ""w_normie"", ""sulfacja"": ""w_normie"", ""metale_zużyciowe"": ""w_normie""}",1,WSKAZÓWKA
P1604968,"Odczyn pH podniesiony, wszystkie   pozostałe oznaczone parametry znajdują się w 
dopuszczalnym przedziale.

Zalecenia i wnioski:
Obserwować zmiany w następnej analizie.  Wykonać badanie kolejnej próbki 
zgodnie z przyjętym programem diagnostyki płynu.","{""pozostałe_parametry"": ""w_dopuszczalnym_zakresie"", ""ph"": ""w_dopuszczalnym_zakresie""}",1,WSKAZÓWKA
P1605410,"Olej ma ciemną barwę. Oznaczona lepkość w normie. Liczba kwasowa i zasadowa 
jeszcze w normie. Oksydacja, nitracja, sulfacja w normie. Poziom metalicznych 
produktów zużycia w normie. Indeks PQ w normie.

Wnioski i zalecenia:
Stosunek liczby kwasowej do zasadowej wskazuje na stopniowe wyczerpywanie się 
rezerwy alkalicznej - zalecam skrócenie interwału pomiędzy kolejnymi badaniami 
w celu śledzenia zmian. Obserwować zmiany w następnej analizie. Wykonać kolejne 
badanie nie później niż za 250 mth pracy silnika.","{""lepkość"": ""w_normie"", ""liczba_kwasowa"": ""w_normie"", ""oksydacja"": ""w_normie"", ""nitracja"": ""w_normie"", ""sulfacja"": ""w_normie"", ""metale_zużyciowe"": ""w_normie"", ""pq_indeks"": ""w_normie""}",2,WSKAZÓWKA
P1605427,"Odczyn pH podniesiony, wszystkie pozostałe oznaczone parametry znajdują się w 
dopuszczalnym przedziale.

Zalecenia i wnioski:
Obserwować zmiany w następnej analizie.  Wykonać badanie kolejnej próbki 
zgodnie z przyjętym programem diagnostyki płynu.","{""pozostałe_parametry"": ""w_dopuszczalnym_zakresie"", ""ph"": ""w_dopuszczalnym_zakresie""}",1,WSKAZÓWKA
P1605620,"Odczyn pH podniesiony, wszystkie pozostałe oznaczone parametry znajdują się w 
dopuszczalnym przedziale.

Zalecenia i wnioski:
Obserwować zmiany w następnej analizie.  Wykonać badanie kolejnej próbki 
zgodnie z przyjętym programem diagnostyki płynu.","{""pozostałe_parametry"": ""w_dopuszczalnym_zakresie"", ""ph"": ""w_dopuszczalnym_zakresie""}",1,WSKAZÓWKA
P1605631,"Odczyn pH podniesiony, wszystkie   pozostałe oznaczone parametry znajdują się w 
dopuszczalnym przedziale.

Zalecenia i wnioski:
Obserwować zmiany w następnej analizie.  Wykonać badanie kolejnej próbki 
zgodnie z przyjętym programem diagnostyki płynu.","{""pozostałe_parametry"": ""w_dopuszczalnym_zakresie"", ""ph"": ""w_dopuszczalnym_zakresie""}",1,WSKAZÓWKA
P1605632,"Odczyn pH podniesiony, wszystkie   pozostałe oznaczone parametry znajdują się w 
dopuszczalnym przedziale.

Zalecenia i wnioski:
Obserwować zmiany w następnej analizie.  Wykonać badanie kolejnej próbki 
zgodnie z przyjętym programem diagnostyki płynu.","{""pozostałe_parametry"": ""w_dopuszczalnym_zakresie"", ""ph"": ""w_dopuszczalnym_zakresie""}",1,WSKAZÓWKA
P1605638,"Odczyn pH podniesiony, wszystkie   pozostałe oznaczone parametry znajdują się w 
dopuszczalnym przedziale.

Zalecenia i wnioski:
Obserwować zmiany w następnej analizie.  Wykonać badanie kolejnej próbki 
zgodnie z przyjętym programem diagnostyki płynu.","{""pozostałe_parametry"": ""w_dopuszczalnym_zakresie"", ""ph"": ""w_dopuszczalnym_zakresie""}",1,WSKAZÓWKA
P1605642,"Odczyn pH podniesiony, wszystkie   pozostałe oznaczone parametry znajdują się w 
dopuszczalnym przedziale.

Zalecenia i wnioski:
Obserwować zmiany w następnej analizie.  Wykonać badanie kolejnej próbki 
zgodnie z przyjętym programem diagnostyki płynu.","{""pozostałe_parametry"": ""w_dopuszczalnym_zakresie"", ""ph"": ""w_dopuszczalnym_zakresie""}",1,WSKAZÓWKA
P1700327,"Odczyn pH podniesiony, wszystkie   pozostałe oznaczone parametry znajdują się w 
dopuszczalnym przedziale.

Zalecenia i wnioski:
Obserwować zmiany w następnej analizie.  Wykonać badanie kolejnej próbki 
zgodnie z przyjętym programem diagnostyki płynu.","{""pozostałe_parametry"": ""w_dopuszczalnym_zakresie"", ""ph"": ""w_dopuszczalnym_zakresie""}",1,WSKAZÓWKA
P1700357,"Zawartość glikolu jest nieco wyższa niż dopuszczalna. Zaobserwowano pojedycncze 
zanieczyszczenia o czarnej barwie. Wszystkie pozostałe oznaczone parametry 
znajdują się w dopuszczalnym przedziale.

Zalecenia i wnioski:
Zalecam rozcieńczyć płyn za pomocą wody demineralizowanej. Obserwować zmiany w 
następnej analizie.  Wykonać badanie kolejnej próbki zgodnie z przyjętym 
programem diagnostyki płynu.","{""pozostałe_parametry"": ""w_dopuszczalnym_zakresie"", ""glikol"": ""w_dopuszczalnym_zakresie""}",0,WSKAZÓWKA
P1700591,"Olej ma ciemną barwę.  Oznaczona lepkość w normie. Poziom metalicznych 
produktów zużycia w normie. Liczby kwasowa i zasadowa w normie - olej posiada 
jeszcze wystarczającą rezerwę alkaliczną. Oksydacja, nitracja, sulfacja w 
normie. Indeks PQ w normie. Odczyn pH w normie.

Wnioski i zalecenia:
Olej kwalifikuje się do dalszej eksploatacji. Zauważalny wzrostowy trend 
zawartości żelaza - zaleca się obserwację trendu. Wykonać kolejne badanie za 
ok. 200 mth pracy silnika.","{""lepkość"": ""w_normie"", ""metale_zużyciowe"": ""w_normie"", ""liczba_kwasowa"": ""w_normie"", ""oksydacja"": ""w_normie"", ""nitracja"": ""w_normie"", ""sulfacja"": ""w_normie"", ""pq_indeks"": ""w_normie"", ""ph"": ""w_normie""}",1,WSKAZÓWKA
P1700691,"Odczyn pH podniesiony, wszystkie   pozostałe oznaczone parametry znajdują się w 
dopuszczalnym przedziale.

Zalecenia i wnioski:
Obserwować zmiany w następnej analizie.  Wykonać badanie kolejnej próbki 
zgodnie z przyjętym programem diagnostyki płynu.","{""pozostałe_parametry"": ""w_dopuszczalnym_zakresie"", ""ph"": ""w_dopuszczalnym_zakresie""}",1,WSKAZÓWKA
P1700872,"Odczyn pH podniesiony, wszystkie   pozostałe oznaczone parametry znajdują się w 
dopuszczalnym przedziale.

Zalecenia i wnioski:
Obserwować zmiany w następnej analizie.  Wykonać badanie kolejnej próbki 
zgodnie z przyjętym programem diagnostyki płynu.","{""pozostałe_parametry"": ""w_dopuszczalnym_zakresie"", ""ph"": ""w_dopuszczalnym_zakresie""}",1,WSKAZÓWKA
P1700874,"Odczyn pH podniesiony, wszystkie   pozostałe oznaczone parametry znajdują się w 
dopuszczalnym przedziale.

Zalecenia i wnioski:
Obserwować zmiany w następnej analizie.  Wykonać badanie kolejnej próbki 
zgodnie z przyjętym programem diagnostyki płynu.","{""pozostałe_parametry"": ""w_dopuszczalnym_zakresie"", ""ph"": ""w_dopuszczalnym_zakresie""}",1,WSKAZÓWKA
P1701267,"Olej jest mętny. Oznaczona lepkość wyższa niż oczekiwana. Rezerwa alkaliczna 
(wzajemna relacja liczby kwasowej oraz zasadowej) w normie. Nie stwierdzono 
niepokojącej oksydacji. Nitracja i sulfacja w normie. Poziom metalicznych 
produktów zużycia w normie.  Indeks PQ, informujący o magnetycznych 
ferrocząstkach (niezależnie od rozmiaru cząstek) w normie.

Wnioski i zalecenia:
Prowadzić ewidencję dot.  uzupełnień, daty wymiany oleju oraz czasu pracy 
oleju. Informacje te są przydatne w trakcie analizy uzyskanych wyników. Proszę 
sprawdzić (np. w dokumentacji technicznej) czy oznaczona lepkość spełnia 
wymagania. Jeżeli nie, wówczas zalecam wymianę oleju na świeży. Jeżeli 
oznaczona lepkość spełnia wymagania urządzenia wówczas zalecam obserwować 
zmiany w kolejnym badaniu  przysłać kolejną próbkę do badania w celu 
weryfikacji trendów nie później niż za 250 godzin pracy od momentu poboru 
aktualnej  próbki.","{""liczba_kwasowa"": ""w_normie"", ""rezerwa_alkaliczna"": ""w_normie"", ""oksydacja"": ""brak_wykrycia"", ""nitracja"": ""w_normie"", ""sulfacja"": ""w_normie"", ""metale_zużyciowe"": ""w_normie"", ""pq_indeks"": ""w_normie""}",2,WSKAZÓWKA
P1701397,"Poziom cząstek poszczególnych kategorii : zużycie ścierne, zużycie adhezyjne, 
zużycie niemetaliczne  są lekko podniesione. Pozostałe kategorie w normie. 
Właściwości reologiczne (lepkość kinematyczna, wskaźnik lepkości) w normie. 
Liczba kwasowa i zasadowa w normie. Ich wzajemna relacja wskazuje na dużą 
rezerwę alkaliczną. Klasa czystości w zakresie granicznym. Zawartość wody w 
normie. Poziom metalicznych produktów zużycia w normie. Zawartość stałych ciał  
obcych w normie. Indeks PQ w normie.

Wnioski i zalecenia:
Zalecam wymienić filtry oleju. Proszę obserwować zmiany w kolejnym badaniu. 
Proszę przysłać kolejną próbkę do badań po przeprowadzeniu zabiegów 
korygujących.","{""lepkość"": ""w_normie"", ""wskaźnik_lepkości"": ""w_normie"", ""liczba_kwasowa"": ""w_normie"", ""klasa_czystości"": ""w_zakresie_granicznym"", ""woda"": ""w_normie"", ""metale_zużyciowe"": ""w_normie"", ""stałe_ciała_obce"": ""w_normie"", ""pq_indeks"": ""w_normie""}",0,WSKAZÓWKA
P1701411,"Olej ma ciemną barwę. Liczba kwasowa jest większa od liczby zasadowej, nastąpiło całkowite wyczerpanie rezerwy alkalicznej. Oznaczona lepkość w normie. 

Oksydacja, nitracja oraz sulfacja w normie. Poziom metalicznych 

produktów zużycia oraz indeks PQ w normie. Poziom na jakim znajduje się krzem uległ znaczącej poprawie względem poprzedniego badania.


Wnioski i zalecenia:
Ze względu na wyczerpanie rezerwy alkalicznej olej nie nadaje się do dalszej eksploatacji, dlatego zalecam wymianę oleju na świeży.","{""lepkość"": ""w_normie"", ""oksydacja"": ""w_normie"", ""nitracja"": ""w_normie"", ""sulfacja"": ""w_normie"", ""pq_indeks"": ""w_normie"", ""metale_zużyciowe"": ""w_normie""}",2,UWAGA
P1701436,"Poziom fosforu jest niższy niż w referencji oleju świeżego. Poziom cząstek 
poszczególnych kategorii zużyciowych oraz cząstek niemetalicznych w optycznej 
analizie cząstek w normie.  Właściwości reologiczne (lepkość kinematyczna, 
wskaźnik lepkości) w normie. Klasa czystości w normie. Liczba kwasowa jest 
większa od liczby zasadowej, co oznacza, że nastąpiło wyczerpanie rezerwy 
alkalicznej. Nie stwierdzono niepokojącej oksydacji. Zawartość wody w normie. 
Poziom metalicznych produktów zużycia w normie. Indeks PQ w normie. Zwartość 
stałych ciał obcych w normie.

Wnioski i zalecenia:
Ze względu na wyczerpanie rezerwy alkalicznej, olej nie kwalifikuje się do 
dalszej eksploatacji. Zalecam wymienić olej na świeży. Proszę przysłać kolejną 
próbkę do badań w celu weryfikacji trendów zmian po przeprowadzeniu zabiegów 
korygujących.","{""lepkość"": ""w_normie"", ""wskaźnik_lepkości"": ""w_normie"", ""klasa_czystości"": ""w_normie"", ""oksydacja"": ""brak_wykrycia"", ""woda"": ""w_normie"", ""metale_zużyciowe"": ""w_normie"", ""pq_indeks"": ""w_normie"", ""stałe_ciała_obce"": ""w_normie""}",2,UWAGA
P1701437,"Poziom fosforu niższy niż w referencji oleju świeżego.  Poziom cząstek 
poszczególnych kategorii zużyciowych oraz cząstek niemetalicznych w optycznej 
analizie cząstek w normie. Właściwości reologiczne (lepkość kinematyczna, 
wskaźnik lepkości w normie). Liczba kwasowa jest większa od liczby zasadowej, 
co oznacza, że rezerwa alkaliczna  została wyczerpana. Stwarza to ryzyko 
rozpoczęcia korozji metali kolorowych. Klasa czystości w normie. Nie 
stwierdzono niepokojącej oksydacji. Zawartość wody w normie. Poziom 
metalicznych produktów zużycia w normie. Zawartość stałych ciał obcych w 
normie. Indeks PQ w normie.

Wnioski i zalecenia:
Ze względu na wyczerpanie rezerwy alkalicznej olej nie kwalifikuje się do 
dalszej eksploatacji. Zalecam wymienić olej na świeży.","{""lepkość"": ""w_normie"", ""wskaźnik_lepkości"": ""w_normie"", ""klasa_czystości"": ""w_normie"", ""oksydacja"": ""brak_wykrycia"", ""woda"": ""w_normie"", ""metale_zużyciowe"": ""w_normie"", ""stałe_ciała_obce"": ""w_normie"", ""pq_indeks"": ""w_normie""}",2,UWAGA
P1701637,"Poziom cząstek poszczególnych kategorii zużyciowych lekko podniesiony. 
Właściwości reologiczne (lepkość kinematyczna, wskaźnik lepkości) w normie. 
Liczba kwasowa i zasadowa w normie. Ich wzajemna relacja wskazuje na dużą 
rezerwę alkaliczną. Klasa czystości w zakresie granicznym. Zawartość wody w 
normie. Poziom metalicznych produktów zużycia w normie. Zawartość stałych ciał  
obcych w normie. Indeks PQ w normie.

Wnioski i zalecenia:
Zalecam wymienić filtry oleju. Proszę obserwować zmiany w kolejnym badaniu. 
Proszę przysłać kolejną próbkę do badań po przeprowadzeniu zabiegów 
korygujących.","{""lepkość"": ""w_normie"", ""wskaźnik_lepkości"": ""w_normie"", ""liczba_kwasowa"": ""w_normie"", ""klasa_czystości"": ""w_zakresie_granicznym"", ""woda"": ""w_normie"", ""metale_zużyciowe"": ""w_normie"", ""stałe_ciała_obce"": ""w_normie"", ""pq_indeks"": ""w_normie""}",0,WSKAZÓWKA
P1701926,"Oznaczona lepkość w normie. Własności dyspergujące pogorszone, ale nie 
krytycznie. Temperatura zapłonu w normie. Zawartość wody w normie. Indeks PQ w 
normie.

Wnioski i zalecenia:
Obserwować zmiany w następnej analizie. Wykonać kolejne badanie zgodnie z 
przyjętym harmonogramem diagnostyki.","{""lepkość"": ""w_normie"", ""temperatura_zapłonu"": ""w_normie"", ""woda"": ""w_normie"", ""pq_indeks"": ""w_normie""}",0,WSKAZÓWKA
P1702107,"Odczyn pH podniesiony, wszystkie pozostałe oznaczone parametry znajdują się w 
dopuszczalnym przedziale.

Zalecenia i wnioski:
Obserwować zmiany w następnej analizie.  Wykonać badanie kolejnej próbki 
zgodnie z przyjętym programem diagnostyki płynu.","{""pozostałe_parametry"": ""w_dopuszczalnym_zakresie"", ""ph"": ""w_dopuszczalnym_zakresie""}",0,WSKAZÓWKA
P1702571,"Odczyn pH podniesiony, wszystkie   pozostałe oznaczone parametry znajdują się w dopuszczalnym przedziale.

Zalecenia i wnioski:Obserwować zmiany w następnej analizie.  Wykonać badanie kolejnej próbki zgodnie z przyjętym programem diagnostyki płynu. ","{""pozostałe_parametry"": ""w_dopuszczalnym_zakresie"", ""ph"": ""w_dopuszczalnym_zakresie""}",1,WSKAZÓWKA
P1702579,"Odczyn pH podniesiony, wszystkie   pozostałe oznaczone parametry znajdują się w dopuszczalnym przedziale.

Zalecenia i wnioski:Obserwować zmiany w następnej analizie.  Wykonać badanie kolejnej próbki zgodnie z przyjętym programem diagnostyki płynu. ","{""pozostałe_parametry"": ""w_dopuszczalnym_zakresie"", ""ph"": ""w_dopuszczalnym_zakresie""}",1,WSKAZÓWKA
P1702773,"Odczyn pH podniesiony, wszystkie   pozostałe oznaczone parametry znajdują się w dopuszczalnym przedziale.
Zalecenia i wnioski:Obserwować zmiany w następnej analizie.  Wykonać badanie kolejnej próbki zgodnie z przyjętym programem diagnostyki płynu. ","{""pozostałe_parametry"": ""w_dopuszczalnym_zakresie"", ""ph"": ""w_dopuszczalnym_zakresie""}",1,WSKAZÓWKA
P1703054,"Oznaczona lepkość w normie. Temperatura zapłonu w normie. Poziom metalicznych produktów zużycia w normie. Nie posiadamy referencji oleju świeżego z tego względu nie można sporządzić komentarza na temat możliwych zmian zawartości dodatków i widma IR (niemożliwe oznaczenie zawartości glikolu, wody oraz oleju napędowego w próbce).

Wnioski i zalecenia:Należy obserwować zmiany w następnej analizie. Prosimy przesłać przy najbliższej okazji próbkę oleju świeżego do badania. Wykonać kolejne badanie zgodnie z przyjętym harmonogramem diagnostyki. ","{""lepkość"": ""w_normie"", ""temperatura_zapłonu"": ""w_normie"", ""metale_zużyciowe"": ""w_normie"", ""woda"": ""nieoznaczono"", ""olej_napędowy"": ""nieoznaczono"", ""glikol"": ""nieoznaczono""}",1,WSKAZÓWKA
P1703620,"Odczyn pH podniesiony, wszystkie   pozostałe oznaczone parametry znajdują się w dopuszczalnym przedziale.

Zalecenia i wnioski:

Obserwować zmiany w następnej analizie.  Wykonać badanie kolejnej próbki zgodnie z przyjętym programem diagnostyki płynu. ","{""pozostałe_parametry"": ""w_dopuszczalnym_zakresie"", ""ph"": ""w_dopuszczalnym_zakresie""}",2,WSKAZÓWKA
P1704085,"Oznaczona lepkość w normie. Własności dyspergujące pogorszone w stosunku do poprzedniego badania. Zawartość wody w normie. Temperatura zapłonu w normie. Indeks PQ w normie.

Wnioski i zalecenia:

Obserwować zmiany w następnej analizie. Wykonać kolejne badanie w terminie przyspieszonym (nie później niż za 200 mth pracy silnika), jeżeli nie zamierzacie Państwo wykonać badań, zalecam w krótkim czasie wymienić olej na świeży.","{""lepkość"": ""w_normie"", ""woda"": ""w_normie"", ""temperatura_zapłonu"": ""w_normie"", ""pq_indeks"": ""w_normie""}",1,WSKAZÓWKA
P1704300,"Odczyn pH podniesiony, wszystkie   pozostałe oznaczone parametry znajdują się w dopuszczalnym przedziale.

Zalecenia i wnioski:

Obserwować zmiany w następnej analizie.  Wykonać badanie kolejnej próbki zgodnie z przyjętym programem diagnostyki płynu. ","{""pozostałe_parametry"": ""w_dopuszczalnym_zakresie"", ""ph"": ""w_dopuszczalnym_zakresie""}",1,WSKAZÓWKA
P1704347,"Odczyn pH podniesiony, wszystkie   pozostałe oznaczone parametry znajdują się w dopuszczalnym przedziale.

Zalecenia i wnioski:

Obserwować zmiany w następnej analizie.  Wykonać badanie kolejnej próbki zgodnie z przyjętym programem diagnostyki płynu. ","{""pozostałe_parametry"": ""w_dopuszczalnym_zakresie"", ""ph"": ""w_dopuszczalnym_zakresie""}",1,WSKAZÓWKA
P1704374,"Oznaczona lepkość w normie - trend stabilny. Własności dyspergujące obniżone - trend stabilny. Temperatura zapłonu w normie. PQ indeks w normie. Zawartość wody w normie - trend stabilny

Wnioski i zalecenia:

Obserwować zmiany w następnej analizie. Wykonać kolejne badanie w terminie przyspieszonym (nie później niż za 200mth), jeżeli nie zamierzacie Państwo wykonać badań, zalecam wymienić olej na świeży.","{""lepkość"": ""w_normie"", ""temperatura_zapłonu"": ""w_normie"", ""pq_indeks"": ""w_normie"", ""woda"": ""w_normie""}",1,WSKAZÓWKA
P1704375,"Oznaczona lepkość w normie - trend stabilny. Własności dyspergujące obniżone - trend stabilny. Temperatura zapłonu w normie. PQ indeks w normie. Zawartość wody w normie - trend stabilny

Wnioski i zalecenia:

Obserwować zmiany w następnej analizie. Wykonać kolejne badanie w terminie przyspieszonym (nie później niż za 250mth), jeżeli nie zamierzacie Państwo wykonać badań, zalecam wymienić olej na świeży.","{""lepkość"": ""w_normie"", ""temperatura_zapłonu"": ""w_normie"", ""pq_indeks"": ""w_normie"", ""woda"": ""w_normie""}",1,WSKAZÓWKA
P1705390,"Odczyn pH podniesiony, wszystkie   pozostałe oznaczone parametry znajdują się w dopuszczalnym przedziale.

Zalecenia i wnioski:Obserwować zmiany w następnej analizie.  Wykonać badanie kolejnej próbki zgodnie z przyjętym programem diagnostyki płynu. ","{""pozostałe_parametry"": ""w_dopuszczalnym_zakresie"", ""ph"": ""w_dopuszczalnym_zakresie""}",1,WSKAZÓWKA
P1705922,"Oznaczona lepkość w normie - trend stabilny. Własności dyspergujące obniżone - trend stabilny. Temperatura zapłonu w normie. PQ indeks w normie. Zawartość wody w normie - wyraźny spadek w stosunku do poprzedniego badania. 

Wnioski i zalecenia:

Obserwować zmiany w następnej analizie. Wykonać kolejne badanie za około 250 mth pracy silnika.","{""lepkość"": ""w_normie"", ""temperatura_zapłonu"": ""w_normie"", ""pq_indeks"": ""w_normie"", ""woda"": ""w_normie""}",1,WSKAZÓWKA
P1705923,"Oznaczona lepkość w normie - trend stabilny. Własności dyspergujące pogorszone - trend stabilny. Temperatura zapłonu w normie. PQ indeks w normie. Zawartość wody w normie - wyraźny spadek w stosunku do poprzedniego badania. 

Wnioski i zalecenia:

Obserwować zmiany w następnej analizie. Wykonać kolejne badanie za około 250 mth pracy silnika.","{""lepkość"": ""w_normie"", ""temperatura_zapłonu"": ""w_normie"", ""pq_indeks"": ""w_normie"", ""woda"": ""w_normie""}",0,WSKAZÓWKA
P1800048,"Odczyn pH podniesiony, wszystkie pozostałe oznaczone parametry znajdują się w dopuszczalnym przedziale.

Zalecenia i wnioski:

Obserwować zmiany w następnej analizie.  Wykonać badanie kolejnej próbki zgodnie z przyjętym programem diagnostyki płynu. ","{""pozostałe_parametry"": ""w_dopuszczalnym_zakresie"", ""ph"": ""w_dopuszczalnym_zakresie""}",1,WSKAZÓWKA
P1800196,"Oznaczona lepkość w normie. Własności dyspergujące lekko obniżone. Indeks PQ informujący o magnetycznych ferrocząstkach w normie. Temperatura zapłonu w normie. Zawartość wody w normie. 

Wnioski i zalecenia:Obserwować zmiany w następnej analizie. Wykonać kolejne badanie zgodnie z przyjętym harmonogramem diagnostyki.","{""lepkość"": ""w_normie"", ""pq_indeks"": ""w_normie"", ""temperatura_zapłonu"": ""w_normie"", ""woda"": ""w_normie""}",0,WSKAZÓWKA
P1800375,"Oznaczona lepkość prezentuje stabilny trend. Własności dyspergujące obniżone. Indeks PQ w normie. Zawartość wody w normie. Temperatura zapłonu w normie.

Wnioski i zalecenia:

Ze względu na pogorszone własności dyspergujące zalecam wymianę oleju na świeży. Wykonać kolejne badanie zgodnie z przyjętym harmonogramem diagnostyki. ","{""pq_indeks"": ""w_normie"", ""woda"": ""w_normie"", ""temperatura_zapłonu"": ""w_normie""}",1,UWAGA
P1800418,"Odczyn pH podniesiony, wszystkie   pozostałe oznaczone parametry znajdują się w dopuszczalnym przedziale.

Zalecenia i wnioski:

Obserwować zmiany w następnej analizie.  Wykonać badanie kolejnej próbki zgodnie z przyjętym programem diagnostyki płynu. ","{""pozostałe_parametry"": ""w_dopuszczalnym_zakresie"", ""ph"": ""w_dopuszczalnym_zakresie""}",0,WSKAZÓWKA
P1800422,"Oznaczona lepkość w normie. Własności dyspergujące pogorszone. Zawartość wody w normie. Temperatura zapłonu w normie. 

Wnioski i zalecenia:

Obserwować zmiany w następnej analizie. Wykonać kolejne badanie za ok. miesiąc od daty pobrania próbki aktualnej.","{""lepkość"": ""w_normie"", ""woda"": ""w_normie"", ""temperatura_zapłonu"": ""w_normie""}",0,WSKAZÓWKA
P1800645,"Dla danej próbki oznaczono zlecone parametry. Indeks PQ w normie. Zawartość wody w normie. Własności dyspergujące pogorszone. 

Wnioski i zalecenia:
Prosimy przy okazji następnych analiz o podanie oznaczenia środka smarnego stosowanego w lokomotywie (producent i nazwa) oraz w miarę możliwości jego czasu pracy oraz dat wymian oleju. Wykonać kolejne badanie zgodnie z przyjętym harmonogramem diagnostyki. ","{""pq_indeks"": ""w_normie"", ""woda"": ""w_normie""}",1,WSKAZÓWKA
P1800646,"Dla danej próbki oznaczono zlecone parametry. Indeks PQ w normie. Zawartość wody w normie. Własności dyspergujące pogorszone. 

Wnioski i zalecenia:
Prosimy przy okazji następnych analiz o podanie oznaczenia środka smarnego stosowanego w lokomotywie (producent i nazwa) oraz w miarę możliwości jego czasu pracy oraz dat wymian oleju. Wykonać kolejne badanie zgodnie z przyjętym harmonogramem diagnostyki. ","{""pq_indeks"": ""w_normie"", ""woda"": ""w_normie""}",0,WSKAZÓWKA
P1800647,"Dla danej próbki oznaczono zlecone parametry. Indeks PQ w normie. Zawartość wody w normie. Własności dyspergujące mocno pogorszone. 

Wnioski i zalecenia:
Prosimy przy okazji następnych analiz o podanie oznaczenia środka smarnego stosowanego w lokomotywie (producent i nazwa) oraz w miarę możliwości jego czasu pracy oraz dat wymian oleju. Pogorszenie własności dyspergujących oznacza osłabienie zdolności oleju do przenoszenia osadów/sadzy co skutkuje nadmiernym osadzaniem się zanieczyszczeń w układzie. Zalecam - jeżeli jeszcze to nie nastąpiło wymianę oleju na świeży oraz przesłanie do badania kolejnej próbki po ok. 250 mth pracy silnika.","{""pq_indeks"": ""w_normie"", ""woda"": ""w_normie""}",1,UWAGA
P1800780,"Dla danej próbki oznaczono zlecone parametry. Poziom cząstek poszczególnych kategorii zużyciowych w normie. Podniesiony poziom ołowiu pochodzi z paliwa lotniczego, jednakże jest to sytuacja normalna dla silników lotniczych. Powiązać wykryte metalu zużyciowe z metalurgią układu olejowego. Czystość oleju na normalnym poziomie dla tego typu maszyn. Indeks PQ informujący o zawartości magnetycznych cząstek zużycia (o wielkości >5um) w normie. 

Wnioski i zalecenia:W celu obserwacji trendu prosimy przesłać do badania kolejną próbkę przy okazji następnego przeglądu serwisowego silnika.  ","{""pq_indeks"": ""w_normie"", ""metale_zużyciowe"": ""w_normie""}",1,WSKAZÓWKA
P1801492,"Oznaczona lepkość w normie. Własności dyspergujące pogorszone. Indeks PQ w normie. Zawartośc wody w normie. Temperatura zapłonu w normie. 

Wnioski i zalecenia:
Obserwować zmiany w następnej analizie. Wykonać kolejne badanie za ok. 250 mth pracy silnika - jeżeli nie zamierzają Państwo w najbliższym czasie badać oleju zalecam wymianę na świeży.","{""lepkość"": ""w_normie"", ""pq_indeks"": ""w_normie"", ""woda"": ""w_normie"", ""temperatura_zapłonu"": ""w_normie""}",1,WSKAZÓWKA
P1801986,"Oznaczona lepkość prezentuje trend spadkowy. Własności dyspergujące na zadowalającym poziomie. Indeks PQ w normie - nie wskazuje na obecność ferromagnetycznych cząstek zużycia. Zawartość wody w normie. Temperatura zapłonu w normie.

Wnioski i zalecenia:
Zweryfikować czy olej o danej lepkości może być eksploatowany -  w przeciwnym wypadku należy wymienić olej na świeży. Obserwować zmiany w następnej analizie. Wykonać kolejne badanie zgodnie z przyjętym harmonogramem diagnostyki. ","{""pq_indeks"": ""w_normie"", ""metale_zużyciowe"": ""w_normie"", ""woda"": ""w_normie"", ""temperatura_zapłonu"": ""w_normie""}",1,WSKAZÓWKA
P1802216,"Lepkość prezentuje stabilny trend, jednak jest nieznacznie poniżej dolnej granicy klasy SAE 40. Poziom oleju napędowego w normie. W próbce nie stwierdzono obecności glikolu. Poziom metalicznych produktów zużycia w normie - informuje o braku intensywnych procesów zużycia/korozji w układzie. Temperatura zapłonu stabilna. 

Wnioski i zalecenia:
Proszę obserwować zmiany w następnej analizie. Wykonać kolejne badanie za ok. 500 mth pracy silnika w celu śledzenia zmian. ","{""olej_napędowy"": ""w_normie"", ""glikol"": ""brak_wykrycia"", ""metale_zużyciowe"": ""w_normie""}",1,WSKAZÓWKA
P1802574,"Lepkość zgodna z klasą SAE 40. Zawartość wody w normie. Zawartość paliwa w oleju w normie. Nie stwierdzono niepokojącej oksydacji. Temperatura zapłonu w normie. Poziom metali zużyciowych w normie - nie wskazuje na intensywne procesy zużycia/korozji w układzie.

Wnioski i Zalecenia:Poziom dodatków wskazuje na olej innego typu i/lub zmieszanie z olejem/smarem innego typu lub inne zanieczyszczenie. Sód może pochodzić również z przecieków układu chłodzenia - zalecam inspekcje. Obserwować zmiany w następnej analizie. Wykonać kolejne badanie zgodnie z przyjętym harmonogramem diagnostyki. ","{""woda"": ""w_normie"", ""paliwo"": ""w_normie"", ""oksydacja"": ""brak_wykrycia"", ""temperatura_zapłonu"": ""w_normie"", ""metale_zużyciowe"": ""w_normie""}",1,WSKAZÓWKA
P1803173,"Oznaczona lepkość mieści się w granicach klasy SAE 40. Własności dyspergujące lekko pogorszone - trend stabilny. Indeks PQ informujący o zawartości ferromagnetycznych cząstek w normie. Zawartość wody w normie. 

Wnioski i zalecenia:
Obserwować zmiany w następnej analizie. Wykonać kolejne badanie zgodnie z przyjętym harmonogramem diagnostyki. Prowadzić ewidencję dot. czasu pracy oraz dat wymian oleju. ","{""pq_indeks"": ""w_normie"", ""woda"": ""w_normie""}",1,WSKAZÓWKA
P1803174,"Oznaczona lepkość mieści się w granicach klasy SAE 40. Własności dyspergujące lekko pogorszone - trend stabilny. Indeks PQ informujący o zawartości ferromagnetycznych cząstek w normie. Zawartość wody w normie. 

Wnioski i zalecenia:
Obserwować zmiany w następnej analizie. Wykonać kolejne badanie zgodnie z przyjętym harmonogramem diagnostyki. Prowadzić ewidencję dot. czasu pracy oraz dat wymian oleju. ","{""pq_indeks"": ""w_normie"", ""woda"": ""w_normie""}",1,WSKAZÓWKA
P1803176,"Oznaczona lepkość w normie. Własności dyspergujące lekko pogorszone. Pozostałość po spopieleniu w normie. Indeks PQ informujący o zawartości ferromagnetycznych cząstek w normie. Zawartość wody w normie. Temperatura zapłonu w normie. 

Wnioski i zalecenia:
Obserwować zmiany w następnej analizie. Wykonać kolejne badanie zgodnie z przyjętym harmonogramem diagnostyki. ","{""lepkość"": ""w_normie"", ""pozostałość_po_spopieleniu"": ""w_normie"", ""pq_indeks"": ""w_normie"", ""woda"": ""w_normie"", ""temperatura_zapłonu"": ""w_normie""}",0,WSKAZÓWKA
P1803177,"Oznaczona lepkość w normie. Własności dyspergujące lekko pogorszone. Pozostałość popiołu niższa niż dla próbki referencyjnej - może wskazywać na obniżony poziom dodatków w oleju. Indeks PQ informujący o zawartości ferromagnetycznych cząstek w normie. Zawartość wody w normie. Temperatura zapłonu w normie. 

Wnioski i zalecenia:
Obserwować zmiany w następnej analizie. Wykonać kolejne badanie zgodnie z przyjętym harmonogramem diagnostyki. ","{""lepkość"": ""w_normie"", ""pq_indeks"": ""w_normie"", ""woda"": ""w_normie"", ""temperatura_zapłonu"": ""w_normie""}",1,WSKAZÓWKA
P1803179,"Oznaczona lepkość w normie. Własności dyspergujące lekko obniżone - trend jest jednak stabilny. Indeks PQ w normie - nie wskazuje na obecność ferromagnetycznych cząstek zużycia. Zawartość wody w normie. Temperatura zapłonu w normie.

Wnioski i zalecenia:
Obserwować zmiany w następnej analizie. Wykonać kolejne badanie zgodnie z przyjętym harmonogramem diagnostyki. ","{""lepkość"": ""w_normie"", ""pq_indeks"": ""w_normie"", ""metale_zużyciowe"": ""w_normie"", ""woda"": ""w_normie"", ""temperatura_zapłonu"": ""w_normie""}",1,WSKAZÓWKA
P1804066,"Oznaczona lepkość w normie. Własności dyspergujące lekko obniżone. Indeks PQ w normie. Zawartość wody w normie. Temperatura zapłonu w normie.

Wnioski i Zalecenia:

Obserwować zmiany w kolejnej analizie. Wykonać kolejne badanie za około 500 mth w celu śledzenia zmian.","{""lepkość"": ""w_normie"", ""pq_indeks"": ""w_normie"", ""woda"": ""w_normie"", ""temperatura_zapłonu"": ""w_normie""}",0,WSKAZÓWKA
P1804074,"Oznaczona lepkość w normie. Poziom własności dyspergujących obniżony. Indeks PQ w normie. Zawartość wody w normie. Temperatura zapłonu w normie.

Wnioski i Zalecenia:

Ze względu na obniżenie własności dyspergujących zalecam wykonanie kolejnego badania w terminie przyspieszonym nie później niż za 250 mth pracy lokomotywy w celu śledzenia zmian. ","{""lepkość"": ""w_normie"", ""pq_indeks"": ""w_normie"", ""woda"": ""w_normie"", ""temperatura_zapłonu"": ""w_normie""}",1,WSKAZÓWKA
P1804369,"Skokowy wzrost zawartości krzemu, osiągnięty poziom mieści się w dopuszczalnym zakresie. Temperatura zapłonu niemożliwa do wykonania ze względu na zawartość wody 936ppm). Pozostałe oznaczone parametry w normie. 

Wnioski i zalecenia:  Zidentyfikować i usunąć przyczynę obecności wody w oleju. Proszę obserwować zmiany w następnej analizie, przeprowadzić kolejne badanie oleju za 500h pracy, licząc od chwili pobrania aktualnej próbki.","{""pozostałe_parametry"": ""w_normie"", ""krzem"": ""w_dopuszczalnym_zakresie""}",1,WSKAZÓWKA
P1804459,"W analizie spektroskopowej zawartości pierwiastków wystąpiła niewielka koncentracja metali zużyciowych (żelazo, chrom, glin, miedź, cynk). Podniesiony poziom ołowiu - ołów pochodzi z paliwa lotniczego i jest to normalna sytuacja dla silników lotniczych. Poziom dodatków uszlachetniających w normie. 

Wnioski i Zalecenia:

Należy obserwować zmiany w następnej analizie. Przeprowadzić kolejne badanie zgodnie z przyjętym harmonogramem diagnostyki olejowej.","{""dodatki_uszlachetniające"": ""w_normie""}",1,WSKAZÓWKA
P1804460,"W analizie spektroskopowej zawartości pierwiastków wystąpiła niewielka koncentracja metali zużyciowych (żelazo, chrom, glin, miedź, cynk). Podniesiony poziom ołowiu - ołów pochodzi z paliwa lotniczego i jest to normalna sytuacja dla silników lotniczych. Poziom dodatków uszlachetniających w normie. 

Wnioski i Zalecenia:

Należy obserwować zmiany w następnej analizie. Przeprowadzić kolejne badanie zgodnie z przyjętym harmonogramem diagnostyki olejowej.","{""dodatki_uszlachetniające"": ""w_normie""}",1,WSKAZÓWKA
P1804580,"Oznaczona lepkość w normie. Temperatura zapłonu w normie. Indeks PQ w normie. Zawartość wody w normie. Własności dyspergujące lekko pogorszone.

Zalecenia i wnioski:Proszę obserwować zmiany w następnej analizie. Wykonać kolejne badanie zgodnie z przyjętym harmonogramem diagnostyki.","{""lepkość"": ""w_normie"", ""temperatura_zapłonu"": ""w_normie"", ""pq_indeks"": ""w_normie"", ""woda"": ""w_normie""}",0,WSKAZÓWKA
P1804819,"Oznaczona lepkość w normie. Własności dyspergujące lekko pogorszone - trend spadkowy. Indeks PQ w normie. Zawartość wody w normie. 

Wnioski i Zalecenia:

Obserwować zmiany w następnej analizie. Przeprowadzić kolejne badanie zgodnie z przyjętym harmonogramem diagnostyki olejowej.","{""lepkość"": ""w_normie"", ""pq_indeks"": ""w_normie"", ""woda"": ""w_normie""}",1,WSKAZÓWKA
P1804820,"Oznaczona lepkość w normie mieści się w granicach klasy SAE 40. Własności dyspergujące obniżone. Indeks PQ w normie. Zawartość wody w normie.

Wnioski i Zalecenia:

Obserwować zmiany w następnej analizie. Przeprowadzić kolejne badanie zgodnie z przyjętym harmonogramem diagnostyki olejowej.","{""lepkość"": ""w_normie"", ""pq_indeks"": ""w_normie"", ""woda"": ""w_normie""}",1,WSKAZÓWKA
P1804821,"Oznaczona lepkość w normie mieści się w granicach klasy SAE 40. Własności dyspergujące lekko obniżone, lecz odnotowano poprawę w stosunku do poprzedniego badania. Indeks PQ w normie. Zawartość wody w normie.

Wnioski i Zalecenia:

Obserwować zmiany w następnej analizie. Przeprowadzić kolejne badanie zgodnie z przyjętym harmonogramem diagnostyki olejowej.","{""lepkość"": ""w_normie"", ""pq_indeks"": ""w_normie"", ""woda"": ""w_normie""}",0,WSKAZÓWKA
P1804822,"Oznaczona lepkość w normie mieści się w granicach klasy SAE 40. Własności dyspergujące lekko pogorszone, lecz odnotowano poprawę w stosunku do poprzedniego badania. Indeks PQ w normie. Zawartość wody w normie.

Wnioski i Zalecenia:

Obserwować zmian w następnej analizie. Przeprowadzić kolejne badanie zgodnie z przyjętym harmonogramem diagnostyki olejowej.","{""lepkość"": ""w_normie"", ""pq_indeks"": ""w_normie"", ""woda"": ""w_normie""}",1,WSKAZÓWKA
P1804850,"Oznaczona lepkość w normie. Własności dyspergujące lekko obniżone. Indeks PQ w normie. Zawartość wody w normie. Temperatura zapłonu w normie.

Wnioski i Zalecenia:

Obserwować zmiany w następnej analizie. Przeprowadzić kolejne badanie zgodnie z przyjętym harmonogramem diagnostyki olejowej.","{""lepkość"": ""w_normie"", ""pq_indeks"": ""w_normie"", ""woda"": ""w_normie"", ""temperatura_zapłonu"": ""w_normie""}",0,WSKAZÓWKA
P1805651,"Odczyn pH podniesiony, wszystkie pozostałe oznaczone parametry znajdują się w dopuszczalnym przedziale.

Zalecenia i wnioski:

Obserwować zmiany w następnej analizie.  Wykonać badanie kolejnej próbki zgodnie z przyjętym programem diagnostyki płynu. ","{""pozostałe_parametry"": ""w_dopuszczalnym_zakresie"", ""ph"": ""w_dopuszczalnym_zakresie""}",1,WSKAZÓWKA
P1901626,"Oznaczona lepkość w normie. Zawartość wody podniesiona, mieści się jednak w zakresie dopuszczalnym.Własności dyspergujące w normie. Indeks PQ w normie.



Wnioski i Zalecenia:

Ze względu na podwyższona zawartość wody i trend wzrostowy zalecam wykonać badania kontrolne w krótkim czasie. ","{""lepkość"": ""w_normie"", ""woda"": ""w_dopuszczalnym_zakresie"", ""pq_indeks"": ""w_normie""}",0,WSKAZÓWKA
P1901750,"Oznaczona lepkość w normie. Rezerwa alkaliczna na bezpiecznym poziomie. Poziom metalicznych produktów zużycia oraz indeks PQ w normie, świadczą o braku intensywnych procesów korozji/zużycia w układzie olejowym. Poziom sodu niezwykle wysoki, możliwe pochodzenie zanieczyszczenie płynem chłodniczym, smarem, zanieczyszczenia z otoczenia. Procedura poboru próbki mogła mieć wpływ na uzyskane rezultaty.

Zalecenia i wnioski:

Proszę niezwłocznie przeprowadzić badanie weryfikujące.  ","{""lepkość"": ""w_normie"", ""rezerwa_alkaliczna"": ""w_zakresie_bezpiecznym"", ""pq_indeks"": ""w_normie"", ""metale_zużyciowe"": ""w_normie""}",1,UWAGA
P1901872,"Oznaczona lepkość w dopuszczalnym zakresie. Rezerwa alkaliczna uległa wyczerpaniu. Poziom metalicznych produktów zużycia w normie. Zawartość wody w normie.



Zalecenia i wnioski:

Olej nie kwalifikuje się do dalszej eksploatacji. Dalsza eksploatacja sprzyja procesom korozji smarowanych elementów. Proszę przysłać kolejną próbkę do badań po wykonaniu działań korygujących.","{""lepkość"": ""w_dopuszczalnym_zakresie"", ""metale_zużyciowe"": ""w_normie"", ""woda"": ""w_normie""}",2,UWAGA
P1902475,"Oznaczona lepkość w normie. Własności dyspergujące na niższym poziomie w stosunku do poprzedniej analizy. Temperatura zapłonu w normie. Zawartość wody w normie. Indeks PQ w normie.

Wnioski i Zalecenia:

Obserwować zmiany w następnej analizie. W celu śledzenia trendów zmian przeprowadzić kolejne badanie za około 250 mth pracy lokomotywy.","{""lepkość"": ""w_normie"", ""temperatura_zapłonu"": ""w_normie"", ""woda"": ""w_normie"", ""pq_indeks"": ""w_normie""}",1,WSKAZÓWKA
P1902782,"Oznaczona lepkość w dopuszczalnym zakresie. Własności dyspergujące lekko pogorszone. Temperatura zapłonu  w normie. Indeks PQ, informujący o zawartości cząstek ferromagnetycznych, w normie. Zawartość wody w normie.



Zalecenia i wnioski:

Proszę obserwować zmiany w następnej analizie. Przysłać kolejną próbkę do badań nie później niż za 500 mth pracy silnika licząc od momentu pobrania próbki aktualnej.","{""lepkość"": ""w_dopuszczalnym_zakresie"", ""temperatura_zapłonu"": ""w_normie"", ""pq_indeks"": ""w_normie"", ""woda"": ""w_normie""}",1,WSKAZÓWKA
P1902822,"Oznaczona lepkość powyżej zakresu typowego dla oleju klasy SAE 15W-40. Temperatura zapłonu w normie. Nie stwierdzono niepokojącego zanieczyszczenia oleju.



Zalecenia i wnioski:

Proszę zweryfikować wymagania producenta silnika dotyczące lepkości eksploatowanego oleju, w razie potrzeby wymienić olej na świeży. Obserwować zmiany w następnej analizie. Przysłać kolejną próbkę do badań zgodnie z przyjętym harmonogramem diagnostyki.","{""temperatura_zapłonu"": ""w_normie""}",1,WSKAZÓWKA
P1902962,"Na widmie w podczerwieni widoczne pozostałości komponentów oleju napędowego. Temperatura zapłonu w zakresie granicznym. Pozostałe oznaczone parametry w akceptowalnym zakresie.



Zalecenia i wnioski:

Proszę obserwować zmiany trendu w następnej analizie. Przysłać kolejną próbkę do badań za około 500mth pracy silnika.  ","{""pozostałe_parametry"": ""w_akceptowalnym_zakresie"", ""temperatura_zapłonu"": ""w_zakresie_granicznym""}",0,WSKAZÓWKA
P1902965,"Na widmie w podczerwieni widoczne pozostałości komponentów oleju napędowego. Temperatura zapłonu w zakresie granicznym. Pozostałe oznaczone parametry w normie.



Zalecenia i wnioski:

Proszę obserwować zmiany trendu w następnej analizie. Przysłać kolejną próbkę do badań za około 500mth pracy silnika.","{""pozostałe_parametry"": ""w_normie"", ""temperatura_zapłonu"": ""w_zakresie_granicznym""}",0,WSKAZÓWKA
P1903044,"Na widmie FTIR widoczne pozostałości paliwa, jednakże lepkość oraz temperatura zapłonu są w normie. Pozostałe parametry w zakresie dopuszczalnym. 

Wnioski i zalecenia:

Obserwować zmiany w następnej analizie. Wykonać kolejne badanie zgodnie z przyjętym harmonogramem diagnostyki. ","{""lepkość"": ""w_normie"", ""temperatura_zapłonu"": ""w_normie""}",0,WSKAZÓWKA
P1903668,"Oznaczona lepkość w normie. Zawartość wody na większym poziomie w stosunku do poprzedniego badania - zalecam dalszą obserwację trendu. Zawartość stałych ciał obcych w normie. Temperatura zapłonu w normie.

Wnioski i Zalecenia:

Obserwować zmiany w następnej analizie. Przeprowadzić kolejne badanie zgodnie z przyjętym harmonogramem diagnostyki olejowej.","{""lepkość"": ""w_normie"", ""stałe_ciała_obce"": ""w_normie"", ""temperatura_zapłonu"": ""w_normie""}",1,WSKAZÓWKA
P1903724,"Zawartość żelaza oraz indeks PQ na wyższym poziomie niż w poprzednim badaniu - zalecana dalsza obserwacja trendu. Poziom pozostałych metalicznych produktów zużycia określony w badaniu pierwiastków (cząstki <5um) w normie. Wysoki poziom ołowiu jest pochodną paliwa lotniczego i jest to sytuacja normalna dla silników lotniczych.

Wnioski i Zalecenia:

Należy obserwować stan pracy silnika. Jeżeli już nie nastąpiła to zalecam przeprowadzić wymianę oleju. Obserwować zmiany w następnej analizie. Proszę przeprowadzić kolejne badanie za około 25h pracy silnika.","{""metale_zużyciowe"": ""w_normie""}",1,WSKAZÓWKA
P1903856,"Własności dyspergujące lekko obniżone. Oznaczona lepkość w normie. Temperatura zapłonu w normie. Zawartość wody w normie. Indeks PQ w normie.

Wnioski i Zalecenia:

Obserwować zmiany w następnej analizie. W celu śledzenia trendów zmian zalecam przeprowadzić kolejne badanie za około 500 mth pracy lokomotywy.","{""lepkość"": ""w_normie"", ""temperatura_zapłonu"": ""w_normie"", ""woda"": ""w_normie"", ""pq_indeks"": ""w_normie""}",1,WSKAZÓWKA
P1904635,"Zawartość paliwa w normie, jednakże na widmie IR widoczne jest zawartość biokomponentów. Pozostałe parametry w normie. 

Wnioski i zalecenia:
Skontrolować układ doprowadzania paliwa do silnika pod kątem ewentualnych nieszczelności. Wykonać kolejne badanie zgodnie z przyjętym harmonogramem diagnostyki. ","{""pozostałe_parametry"": ""w_normie"", ""paliwo"": ""w_normie"", ""biokomponenty"": ""w_normie""}",0,WSKAZÓWKA
P1905088,"Temperatura zapłonu utrzymuje się na stabilnym poziomie. Zawartość wody w normie. Zawartość stałych ciał obcych w normie.  Oznaczona lepkość na nieznacznie niższym poziomie w stosunku do poprzedniej analizy.

Wnioski i Zalecenia:

Poziom parametrów nie zmienił się znacznie w stosunku do poprzedniego badania. Obserwować zmiany w następnej analizie. Przeprowadzić kolejne badanie zgodnie z przyjętym harmonogramem diagnostyki olejowej.","{""woda"": ""w_normie"", ""stałe_ciała_obce"": ""w_normie""}",1,WSKAZÓWKA
P1905629,"Oznaczona lepkość poniżej zakresu akceptowalnego dla oleju klasy SAE 20W-50. Temperatura zapłonu na dopuszczalnym poziomie. Poziom metalicznych produktów zużycia w normie, świadczy o braku intensywnych procesów korozji/zużycia w układzie olejowym.



Zalecenia i wnioski:

W eksploatacji prawdopodobnie jest olej innej klasy niż zadeklarowano w druku próbki lub mieszanina olejów różnych typów. Proszę zweryfikować historię wymian oraz uzupełnień oleju. Jeżeli w użyciu jest faktycznie olej klasy SAE 20W-50 zalecana jest wymiana oleju na świeży (o ile jeszcze nie nastąpiła). Proszę obserwować zmiany w następnej analizie. Przysłać kolejną próbkę do badań zgodnie z przyjętym harmonogramem diagnostyki olejowej.","{""temperatura_zapłonu"": ""w_dopuszczalnym_zakresie"", ""metale_zużyciowe"": ""w_normie""}",1,WSKAZÓWKA
P1905799,"Klasa czystości wskazuje na wysokie zanieczyszczenie oleju. Poziom metalicznych produktów zużycia w normie, trend stabilny. Wysoka zawartość ołowiu jest spowodowana jego obecnością w paliwie i jest to sytuacja normalna dla lotniczych silników tłokowych.

Wnioski i zalecenia:

Olej nie kwalifikuje się do dalszej eksploatacji. Jeżeli jeszcze to nie nastapiło należy wymienić filtry na nowe. Wykonać kolejne badanie zgodnie z przyjętym harmonogramem diagnostyki. ","{""metale_zużyciowe"": ""w_normie""}",1,UWAGA
P1906173,"Na widmie w podczerwieni widoczne pozostałości komponentów oleju napędowego jednak bez korelacji ze spadkiem lepkości ani temperatury zapłonu. Poziom dodatków uszlachetniających niezgodny z referencją oleju świeżego - świadczy, że w eksploatacji jest olej innny niż zdeklarowano w druku próbki lub mieszanina olejów. W porównaniu z poprzednim badaniem nastąpił wzrost zawartości metali zużyciowych: miedzi i żelaza, mieszczą się one jednak w dopuszczalnym zakresie. Pozostałe oznaczone parametry w normie.



Zalecenia i wnioski:

Proszę obserwować zmiany w następnej analizie. Przysłać kolejną próbkę do badań za około 500 mth.","{""pozostałe_parametry"": ""w_normie"", ""żelazo"": ""w_dopuszczalnym_zakresie"", ""miedź"": ""w_dopuszczalnym_zakresie"", ""metale_zużyciowe"": ""w_dopuszczalnym_zakresie""}",1,WSKAZÓWKA
P1906303,"Na widmie w podczerwieni widoczne pozostałości komponentów oleju napędowego. Temperatura zapłonu w zakresie granicznym. Pozostałe oznaczone parametry w akceptowalnym zakresie.



Zalecenia i wnioski:

Proszę obserwować zmiany w następnej analizie. Przysłać kolejną próbkę do badań za około 500mth.","{""pozostałe_parametry"": ""w_akceptowalnym_zakresie"", ""temperatura_zapłonu"": ""w_zakresie_granicznym""}",0,WSKAZÓWKA
P1906394,"Na widmie w podczerwieni widoczne pozostałości komponentów oleju napędowego. Temperatura zapłonu w zakresie granicznym. Pozostałe oznaczone parametry w normie.



Zalecenia i wnioski:

Proszę obserwować zmiany w następnej analizie. Przysłać kolejną próbkę do badań za około 500mth.","{""pozostałe_parametry"": ""w_normie"", ""temperatura_zapłonu"": ""w_zakresie_granicznym""}",0,WSKAZÓWKA
P1906480,"Oznaczona lepkość w normie. Wzajemna relacja liczby kwasowej i liczby zasadowej wskazuje na wyczerpywanie się rezerwy alkalicznej. Zawartość wody w normie. Poziom metalicznych produktów zużycia określony w badaniu pierwiastków (cząstki <5um) w normie.

Wnioski i Zalecenia:

Ze względu na wyczerpywanie się rezerwy alkalicznej zalecam przeprowadzić w niedługim czasie pełnej wymiany oleju. Proszę obserwować zmiany w następnej analizie. Proszę przeprowadzić kolejne badanie po wymianie oleju zgodnie z przyjętym harmonogramem diagnostyki olejowej.","{""lepkość"": ""w_normie"", ""woda"": ""w_normie"", ""metale_zużyciowe"": ""w_normie""}",2,UWAGA
P1906863,"Na widmie w podczerwieni widoczne pozostałości komponentów oleju napędowego. Temperatura zapłonu w zakresie granicznym. Pozostałe oznaczone parametry w normie.



Zalecenia i wnioski:

Proszę obserwować zmiany w następnej analizie. Przysłać kolejną próbkę do badań za około 500 mth.","{""pozostałe_parametry"": ""w_normie"", ""temperatura_zapłonu"": ""w_zakresie_granicznym""}",0,WSKAZÓWKA
P1906913,"Dla danej próbki oznaczyliśmy zlecone parametry. Poziom dodatków uszlachetniających wykazuje niezgodność z referencją oleju świeżego, prawdopodobna przyczyna - zanieczyszczenie olejem innego typu. Poziom oznaczonych metalicznych produktów zużycia w dopuszczalnym zakresie. Ołów pochodzi z paliwa lotniczego i jest to normalna sytuacja dla silników lotniczych. 



Wnioski i zalecenia:
W celu obserwacji zmian trendu zalecane jest wykonanie kolejnego badania zgodnie z przyjętym harmonogramem diagnostyki.   ","{""metale_zużyciowe"": ""w_dopuszczalnym_zakresie""}",1,WSKAZÓWKA
P1907001,"Na widmie IR widoczne są pozostałości biokomponentów. Zawartość paliwa w oleju w normie. W badaniu pierwiastków widoczny jest wyraźny przyrost parametrów zużyciowych. Pozostałe parametry w normie.

Wnioski i Zalecenia:

W celu śledzenia dynamiki przyrostów parametrów zużyciowych proszę przeprowadzić kolejne badanie za około 250 mth pracy lokomotywy.","{""pozostałe_parametry"": ""w_normie"", ""paliwo"": ""w_normie""}",1,WSKAZÓWKA
P1907094,"Zawartość paliwa w oleju w normie. Na widmie IR widoczne są pozostałości biokomponentów. Pozostałe parametry w normie.

Wnioski i Zalecenia:

Obserwować zmiany w następnej analizie. Przeprowadzić kolejne badanie zgodnie z przyjętym harmonogramem diagnostyki olejowej.","{""pozostałe_parametry"": ""w_normie"", ""paliwo"": ""w_normie""}",1,W NORMIE
P1907212,"Dla danej próbki oznaczono zlecone parametry. Stabilny trend zawartości metali zużyciowych. Indeks PQ w normie. 

Wnioski i zalecenia:

Wykonać kolejne badanie zgodnie z przyjętym harmonogramem diagnostyki.  ","{""pq_indeks"": ""w_normie""}",1,WSKAZÓWKA
P1907898,"Lepkość w normie dla klasy SAE 40. Liczba zasadowa w normie - wskazuje na wystarczającą rezerwę alkaliczną oleju. Własności dyspergujące w normie. Temperatura zapłonu w normie. Zawartość wody w normie. Poziom metalicznych produktów zużycia w normie. Nie stwierdzono niepokojącej oksydacji oraz zawartości sadzy w oleju. Poziom dodatków niezgody z posiadaną przez nas referencją oleju świeżego - wskazuje na inny typ oleju lub zmieszanie. 

Wnioski i zalecenia:

Przeanalizować potencjalne możliwości zmieszanie oleju z innym  (np. podczas ewentualnych dolewek). Wykonać kolejne badanie zgodnie z przyjętym harmonogramem diagnostyki. ","{""lepkość"": ""w_normie"", ""liczba_zasadowa"": ""w_normie"", ""temperatura_zapłonu"": ""w_normie"", ""woda"": ""w_normie"", ""metale_zużyciowe"": ""w_normie"", ""oksydacja"": ""brak_wykrycia"", ""sadza"": ""brak_wykrycia""}",0,WSKAZÓWKA
P1908166,"Dla danej próbki oznaczyliśmy zlecone parametry. Poziom dodatków uszlachetniających niezgodny z referencją oleju świeżego, prawdopodobna przyczyna - zanieczyszczenie olejem innego typu. Poziom oznaczonych metalicznych produktów zużycia w dopuszczalnym zakresie. Ołów pochodzi z paliwa lotniczego i jest to normalna sytuacja dla silników lotniczych. Indeks PQ, informujący o zawartości cząstek ferromagnetycznych bez względu na rozmiar, w normie.



Wnioski i zalecenia:
W celu obserwacji zmian trendu zalecane jest wykonanie kolejnego badania zgodnie z przyjętym harmonogramem diagnostyki.   ","{""metale_zużyciowe"": ""w_dopuszczalnym_zakresie"", ""pq_indeks"": ""w_normie""}",1,WSKAZÓWKA
P1908767,"Oznaczona lepkość w normie dla oleju klasy SAE 15W-40. Temperatura zapłonu (met. zamkniętego tygla) obniżona. Liczba zasadowa w normie. Poziom metalicznych produktów zużycia, oznaczony w badaniu pierwiastków (cząstki <5µm), w dopuszczalnym zakresie. Indeks PQ, informujący o zawartości cząstek ferromagnetycznych bez względu na rozmiar, w normie. Poziom dodatków uszlachetniających zgodny z oczekiwanym.



Zalecenia i wnioski:

Obniżona temperatura zapłonu może wskazywać na obecność oleju napędowego w próbce - zalecana jest kontrola układu doprowadzania paliwa do silnika. Ze względu na bezpieczeństwo eksploatacyjne proszę rozważyć wymianę oleju na świeży. Proszę przysłać kolejną próbkę do badań po wykonaniu działań korygujących.  ","{""lepkość"": ""w_normie"", ""liczba_zasadowa"": ""w_normie"", ""metale_zużyciowe"": ""w_dopuszczalnym_zakresie"", ""pq_indeks"": ""w_normie""}",1,UWAGA
P1909144,"Na widmie w podczerwieni widoczne pozostałości komponentów oleju napędowego. Temperatura zapłonu w zakresie granicznym. Pozostałe oznaczone parametry w dopuszczalnym zakresie.



Zalecenia i wnioski:

Proszę obserwować zmiany w następnej analizie. Przysłać kolejną próbkę do badań za około 500mth.","{""pozostałe_parametry"": ""w_dopuszczalnym_zakresie"", ""temperatura_zapłonu"": ""w_zakresie_granicznym""}",0,WSKAZÓWKA
P1909172,"Własności reologiczne (lepkość i wskaźnik lepkości) w normie. Zawartość stałych ciał obcych w normie. Liczba zasadowa w normie. Własności dyspergujące oleju są znacznie obniżone. Temperatura zapłonu w normie. Zawartość wody w normie. Poziom metalicznych produktów zużycia określony w badaniu pierwiastków (cząstki <5um) w normie. Indeks PQ w normie.

Wnioski i Zalecenia:

Ze względu na znacznie pogorszone własności dyspergujące oleju nie kwalifikuje on się do dalszej eksploatacji. Proszę przeprowadzić wymianę oleju. Przeprowadzić kolejne badanie po wykonaniu zabiegów korygujących.","{""lepkość"": ""w_normie"", ""wskaźnik_lepkości"": ""w_normie"", ""stałe_ciała_obce"": ""w_normie"", ""liczba_zasadowa"": ""w_normie"", ""temperatura_zapłonu"": ""w_normie"", ""woda"": ""w_normie"", ""metale_zużyciowe"": ""w_normie"", ""pq_indeks"": ""w_normie""}",2,UWAGA
P1909174,"Własności reologiczne odbiegają od referencji oleju świeżego - możliwy wpływ jest zawartości paliwa. Liczba zasadowa w normie. Własności dyspergujące w normie. Temperatura zapłonu jest niska. W próbce stwierdzono obecność oleju napędowego. Poziom metalicznych produktów zużycia określony w badaniu pierwiastków (cząstki <5um) w normie. Indeks PQ w normie.

Wnioski i Zalecenia:

W celu bezpiecznej eksploatacji zalecanym jest przeprowadzenie wymiany oleju. Zalecanym jest również przeprowadzić inspekcję układu doprowadzania paliwa. Przeprowadzić kolejne badanie po wykonaniu zabiegów korygujących.","{""liczba_zasadowa"": ""w_normie"", ""metale_zużyciowe"": ""w_normie"", ""pq_indeks"": ""w_normie""}",2,UWAGA
P1909956,"Na widmie w podczerwieni widoczne pozostałości komponentów oleju napędowego. Temperatura zapłonu w zakresie granicznym. Pozostałe oznaczone parametry w normie.



Zalecenia i wnioski:

Proszę obserwować zmiany w następnej analizie. Przysłać kolejną próbkę do badań za około 500mth.","{""pozostałe_parametry"": ""w_normie"", ""temperatura_zapłonu"": ""w_zakresie_granicznym""}",0,WSKAZÓWKA
P2000037,"Na widmie w podczerwieni widoczne pozostałości komponentów oleju napędowego. Temperatura zapłonu w zakresie granicznym. Pozostałe oznaczone parametry w normie.



Zalecenia i wnioski:

Proszę obserwować zmiany w następnej analizie. Przysłać kolejną próbkę do badań za około 500mth.","{""pozostałe_parametry"": ""w_normie"", ""temperatura_zapłonu"": ""w_zakresie_granicznym""}",0,WSKAZÓWKA
P2000049,"Na widmie w podczerwieni widoczne pozostałości komponentów oleju napędowego. Temperatura zapłonu w zakresie granicznym. Pozostałe oznaczone parametry w normie.



Zalecenia i wnioski:

Proszę obserwować zmiany w następnej analizie. Przysłać kolejną próbkę do badań za około 500mth.  ","{""pozostałe_parametry"": ""w_normie"", ""temperatura_zapłonu"": ""w_zakresie_granicznym""}",0,WSKAZÓWKA
P2000087,"Na widmie w podczerwieni widoczne pozostałości komponentów oleju napędowego. Temperatura zapłonu w zakresie granicznym. Pozostałe oznaczone parametry w dopuszczalnym zakresie.



Zalecenia i wnioski:

Proszę obserwować zmiany w następnej analizie. Przysłać kolejną próbkę do badań za około 500mth.","{""pozostałe_parametry"": ""w_dopuszczalnym_zakresie"", ""temperatura_zapłonu"": ""w_zakresie_granicznym""}",0,WSKAZÓWKA
P2000098,"Temperatura zapłonu w zakresie granicznym. Pozostałe oznaczone parametry w dopuszczalnym zakresie.



Zalecenia i wnioski:

Proszę obserwować zmiany w następnej analizie. Przysłać kolejną próbkę do badań za około 500mth.   ","{""pozostałe_parametry"": ""w_dopuszczalnym_zakresie"", ""temperatura_zapłonu"": ""w_zakresie_granicznym""}",1,WSKAZÓWKA
P2000099,"Temperatura zapłonu w zakresie granicznym. Pozostałe oznaczone parametry w dopuszczalnym zakresie.



Zalecenia i wnioski:

Proszę obserwować zmiany w następnej analizie. Przysłać kolejną próbkę do badań za około 500mth.   ","{""pozostałe_parametry"": ""w_dopuszczalnym_zakresie"", ""temperatura_zapłonu"": ""w_zakresie_granicznym""}",0,WSKAZÓWKA
P2000102,"Temperatura zapłonu w zakresie granicznym. Pozostałe oznaczone parametry w dopuszczalnym zakresie.



Zalecenia i wnioski:  

Proszę obserwować zmiany w następnej analizie. Przysłać kolejną próbkę do badań za około 500mth.       ","{""pozostałe_parametry"": ""w_dopuszczalnym_zakresie"", ""temperatura_zapłonu"": ""w_zakresie_granicznym""}",0,WSKAZÓWKA
P2000146,"Temperatura zapłonu w zakresie granicznym. Pozostałe oznaczone parametry w dopuszczalnym zakresie.



Zalecenia i wnioski:  

Proszę obserwować zmiany w następnej analizie. Przysłać kolejną próbkę do badań za około 500mth.         ","{""pozostałe_parametry"": ""w_dopuszczalnym_zakresie"", ""temperatura_zapłonu"": ""w_zakresie_granicznym""}",1,WSKAZÓWKA
P2000207,"Oznaczona lepkość wykracza poza granicę klasy SAE 50. Temperatura zapłonu w normie. Poziom metalicznych produktów zużycia określony w badaniu pierwiastków (cząstki <5um) w normie.

Wnioski i Zalecenia:

Proszę zweryfikować informacje dot. oleju będącego w eksploatacji. Proszę obserwować zmiany w następnej analizie. Proszę przeprowadzić kolejne badanie zgodnie z przyjętym harmonogramem diagnostyki olejowej.","{""temperatura_zapłonu"": ""w_normie"", ""metale_zużyciowe"": ""w_normie""}",1,WSKAZÓWKA
P2000693,"Oznaczona lepkość w normie. Wzajemna relacja liczby kwasowej oraz liczby zasadowej wskazuje na wyraźne wyczerpywanie się rezerwy alkalicznej. Poziom metalicznych produktów zużycia w normie. Zawartość chloru mieści się na podobnym poziomie w stosunku do poprzedniej analizy.

Wnioski i Zalecenia:

Ze względu na niski poziom rezerwy alkalicznej olej nie kwalifikuje się do dalszej eksploatacji. Proszę obserwować zmiany w następnej analizie. Należy przeprowadzić kolejne badanie zgodnie z przyjętym harmonogramem diagnostyki olejowej.","{""lepkość"": ""w_normie"", ""metale_zużyciowe"": ""w_normie""}",2,UWAGA
P2001056,"Na widmie IR widoczne są pozostałości biokomponentów. Zawartość paliwa w oleju w normie. Pozostałe parametry w normie.

Wnioski i Zalecenia:

Obserwować zmiany w następnej analizie. Przeprowadzić kolejne badanie zgodnie z przyjętym harmonogramem diagnostyki olejowej.","{""pozostałe_parametry"": ""w_normie"", ""paliwo"": ""w_normie""}",0,WSKAZÓWKA
P2001579,"Ze względu na za małą ilość próbki oznaczenie temperatury zapłonu metodą tygla otwartego było niemożliwe do przeprowadzenia.

Oznaczona lepkość w normie. Liczba zasadowa jest na bardzo dobrym wysokim poziomie. Temperatura zapłonu jest w normie. Zawartość metalicznych produktów zużycia jest na niższym poziomie niż przy ostatniej analizie - prawdopodobnym jest, że oznaczone produkty zużycia są pozostałością z poprzedniego zalania. 

Wnioski i Zalecenia:

Proszę obserwować zmiany w następnej analizie. W celu śledzenia trendów zmian i potwierdzenia diagnostyki proszę przeprowadzić kolejne badanie za około 500 mth pracy lokomotywy,","{""lepkość"": ""w_normie"", ""temperatura_zapłonu"": ""w_normie""}",1,WSKAZÓWKA
P2001748,"Skokowy wzrost zawartości miedzi, mieści się jednak w akceptowalnym zakresie. Pozostałe oznaczone parametry w normie.



Zalecenia i wnioski:

Proszę obserwować zmiany trendu w następnej analizie. Przysłać kolejną próbkę do badań nie później niż za 500mth licząc od momentu pobrania próbki aktualnej.","{""pozostałe_parametry"": ""w_normie"", ""miedź"": ""w_akceptowalnym_zakresie""}",1,WSKAZÓWKA
P2002188,"Oznaczona lepkość w normie. Temperatura zapłonu w normie. Poziom metalicznych produktów zużycia utrzymuje się na stabilnym poziomie w stosunku do poprzedniej analizy. Indeks PQ w normie.

Wnioski i Zalecenia:

Proszę obserwować zmiany w następnej analizie. W celu śledzenia dynamiki parametrów zużyciowych proszę przeprowadzić kolejne badanie za około 250h pracy lokomotywy.","{""lepkość"": ""w_normie"", ""temperatura_zapłonu"": ""w_normie"", ""pq_indeks"": ""w_normie""}",1,WSKAZÓWKA
P2002399,"Oznaczona lepkość w normie dla klasy SAE 40. Zawartość stałych ciał obcych w normie. Temperatura zapłonu w normie. Zawartość wody w normie.

Wnioski i Zalecenia:

Proszę obserwować zmiany w następnej analizie. Proszę przeprowadzić kolejne badanie zgodnie z przyjętym harmonogramem diagnostyki olejowej.","{""lepkość"": ""w_normie"", ""stałe_ciała_obce"": ""w_normie"", ""temperatura_zapłonu"": ""w_normie"", ""woda"": ""w_normie""}",0,WSKAZÓWKA
P2002539,"Na widmie w podczerwieni widoczne pozostałości komponentów oleju napędowego. Temperatura zapłonu w zakresie granicznym. Pozostałe oznaczone parametry w normie.



Zalecenia i wnioski:

Proszę obserwować zmiany w następnej analizie. Wykonać kolejne badanie zgodnie z przyjętym harmonogramem. ","{""pozostałe_parametry"": ""w_normie"", ""temperatura_zapłonu"": ""w_zakresie_granicznym""}",1,WSKAZÓWKA
P2003075,"Oznaczona lepkość w normie. Liczba zasadowa w normie. Własności dyspergujące są w normie. Temperatura zapłonu jest na niskim lecz stabilnym poziomie. Zawartość wody w normie. Poziom metalicznych produktów zużycia określony w badaniu pierwiastków (cząstki <5um) w normie. Indeks PQ w normie.

Wnioski i Zalecenia:

Proszę obserwować zmiany w następnej analizie. Przeprowadzić kolejne badanie zgodnie z przyjętym harmonogramem diagnostyki olejowej.","{""lepkość"": ""w_normie"", ""liczba_zasadowa"": ""w_normie"", ""woda"": ""w_normie"", ""metale_zużyciowe"": ""w_normie"", ""pq_indeks"": ""w_normie""}",1,WSKAZÓWKA
P2003402,"Oznaczona lepkość w normie. Zawartość stałych ciał obcych w normie. Liczba zasadowa w normie. Własności dyspergujące są w normie. Temperatura zapłonu w normie. Zawartość sodu oraz potasu jest wyższa w stosunku do poprzedniej analizy. Zawartość wody w normie. Zawartość ołowiu, miedzi oraz żelaza jest na wyższym poziomie w stosunku do poprzedniej analizy. 

Wnioski i Zalecenia:

Oznaczone poziomy ołowiu oraz miedzi wskazują najprawdopodobniej na postępujące procesy zużyciowe łożyska. Zalecam przeprowadzić inspekcję układu smarnego silnika - proszę szczególnie zwrócić uwagę na stan łożysk silnika. Proszę przeprowadzić również inspekcję układu chłodzenia. Proszę przeprowadzić kolejne badanie po wykonaniu zabiegów korygujących.","{""lepkość"": ""w_normie"", ""stałe_ciała_obce"": ""w_normie"", ""liczba_zasadowa"": ""w_normie"", ""temperatura_zapłonu"": ""w_normie"", ""woda"": ""w_normie""}",1,UWAGA
P2003642,"Lepkość wskazuje na olej klasy SAE 40. Temperatura zapłoni lekko obniżona. NIe stwierdzono obecności glikolu w próbce. Zawartość metali zużyciowych na poziomie akceptowalnym - wyraźny spadek w stosunku do poprzedniego badania.

Wnioski i zalecenia:

Obserwować zmiany w następnej analizie. Wykonać kolejne badanie za ok. 500 mth pracy silnika w celu śledzenia zmian. ","{""lepkość"": ""w_normie"", ""glikol"": ""brak_wykrycia"", ""metale_zużyciowe"": ""w_akceptowalnym_zakresie""}",1,WSKAZÓWKA
P2004025,"Oznaczona lepkość w normie. Zawartość stałych ciał obcych w normie. Liczba zasadowa w normie. Własności dyspergujące są w normie. Temperatura zapłonu w normie. Zawartość sodu oraz potasu jest wyższa w stosunku do poprzedniej analizy. Zawartość wody w normie. Zawartość ołowiu, miedzi oraz żelaza jest na wyższym poziomie w stosunku do poprzedniej analizy. 

Wnioski i Zalecenia:

Oznaczone poziomy ołowiu oraz miedzi wskazują najprawdopodobniej na postępujące procesy zużyciowe łożyska. Zalecam przeprowadzić inspekcję układu smarnego silnika - proszę szczególnie zwrócić uwagę na stan łożysk silnika. Proszę przeprowadzić również inspekcję układu chłodzenia. Proszę przeprowadzić kolejne badanie po wykonaniu zabiegów korygujących.","{""lepkość"": ""w_normie"", ""stałe_ciała_obce"": ""w_normie"", ""liczba_zasadowa"": ""w_normie"", ""temperatura_zapłonu"": ""w_normie"", ""woda"": ""w_normie""}",2,UWAGA
P2004149,"Oznaczona lepkość w normie dla oleju klasy SAE 40. Rezerwa alkaliczna w zakresie granicznym. Poziom metalicznych produktów zużycia, oznaczony w badaniu pierwiastków (cząstki <5µm), w normie. 



Zalecenia i wnioski:

Ze względu na niską wartość liczby zasadowej zalecane jest przygotowanie się do wymiany oleju na świeży w dogodnym dla Państwa terminie. Proszę wykonać kolejne badanie po przeprowadzeniu działań korygujących. ","{""lepkość"": ""w_normie"", ""rezerwa_alkaliczna"": ""w_zakresie_granicznym"", ""metale_zużyciowe"": ""w_normie""}",2,WSKAZÓWKA
P2004387,"Lepkość w trendzie stabilnym. Własności dyspergujące oraz temperatura zapłonu w normie. Zawartość wody w normie. Zawartość metali zużyciowych utrzymuje się w trendzie stabilnym. 

Wnioski i zalecenia:

Zalecamy obserwowanie zmian w kolejnych analizach. Wykonać kolejne badanie za ok. 500 mth pracy silnika. ","{""temperatura_zapłonu"": ""w_normie"", ""woda"": ""w_normie""}",1,WSKAZÓWKA
P2004391,"Oznaczona lepkość w zakresie akceptowalnym dla oleju klasy SAE 15W-40. Temperatura zapłonu w zakresie granicznym. Poziom metalicznych produktów zużycia (oznaczony w badaniu pierwiastków, cząstki <5µm) uległ jedynie nieznacznemu podwyższeniu w porównaniu do poprzedniej analizy. Indeks PQ  (informujący o zawartości cząstek ferromagnetycznych bez względu na rozmiar cząstek) w normie.



Zalecenia i wnioski:

Proszę obserwować zmiany trendu w następnej analizie. Zalecane jest wykonanie kolejnego badania za około 500mth.","{""lepkość"": ""w_akceptowalnym_zakresie"", ""temperatura_zapłonu"": ""w_zakresie_granicznym"", ""pq_indeks"": ""w_normie""}",1,WSKAZÓWKA
P2004688,"Oznaczona lepkość wskazuje na olej klasy SAE 40 - znajduję się w górnej granicy tej klasy. Temperatura zapłonu w normie. Poziom metalicznych produktów zużycia określony w badaniu pierwiastków (cząstki <5um) w normie. 

Wnioski i Zalecenia:

Upewnić się czy olej o danej lepkości może być eksploatowany. Proszę obserwować zmiany w następnej analizie. Przeprowadzić kolejne badanie zgodnie z przyjętym harmonogramem diagnostyki olejowej. ","{""lepkość"": ""w_normie"", ""temperatura_zapłonu"": ""w_normie"", ""metale_zużyciowe"": ""w_normie""}",1,WSKAZÓWKA
P2004791,"Oznaczona lepkość w normie. Temperautra zapłonu nieznacznie obniżona. Zawartość metali zużyciowych w normie. Nie stwierdzono obecności glikolu oraz oleju napędowego w próbce.

Wnioski i zalecenia:

Obserwować zmiany w następnej analizie. Wykonać kolejne badanie zgodnie z harmonogramem. ","{""lepkość"": ""w_normie"", ""metale_zużyciowe"": ""w_normie"", ""olej_napędowy"": ""brak_wykrycia"", ""glikol"": ""brak_wykrycia""}",1,WSKAZÓWKA
P2005445,"Dla danej próbki oznaczono zlecone parametry. Zawartość metali zużyciowych w normie. Podniesiony poziom ołowiu jest pochodną paliwa lotniczego i jest to sytuacja normalna dla lotniczych silników tłokowych. 

Wnioski i zalecenia:

Obserwować zmiany w następnej analizie. Wykonać kolejne badanie zgodnie z przyjętym harmonogramem. ","{""metale_zużyciowe"": ""w_normie""}",0,WSKAZÓWKA
P2005482,"Oznaczona lepkość uległa jedynie niewielkiemu obniżeniu w porównaniu do poprzedniej analizy. Własności dyspergujące w normie. Indeks PQ, informujący o zawartości cząstek ferromagnetycznych, w normie. Zawartość wody na dopuszczalnym poziomie.



Wnioski i zalecenia:

Proszę obserwować zmiany w następnej analizie. Przeprowadzić kolejne badanie zgodnie z przyjętym harmonogramem diagnostyki olejowej.    ","{""pq_indeks"": ""w_normie"", ""woda"": ""w_dopuszczalnym_zakresie""}",0,WSKAZÓWKA
P2005483,"Oznaczona lepkość uległa jedynie niewielkiemu obniżeniu w porównaniu do poprzedniej analizy. Własności dyspergujące w normie. Indeks PQ, informujący o zawartości cząstek ferromagnetycznych, w normie. Zawartość wody na dopuszczalnym poziomie.



Wnioski i zalecenia:

Proszę obserwować zmiany w następnej analizie. Przeprowadzić kolejne badanie zgodnie z przyjętym harmonogramem diagnostyki olejowej.    ","{""pq_indeks"": ""w_normie"", ""woda"": ""w_dopuszczalnym_zakresie""}",1,WSKAZÓWKA
P2005484,"Oznaczona lepkość uległa jedynie niewielkiemu obniżeniu w porównaniu do poprzedniej analizy. Własności dyspergujące w normie. Indeks PQ, informujący o zawartości cząstek ferromagnetycznych, w normie. Zawartość wody na dopuszczalnym poziomie.



Wnioski i zalecenia:

Proszę obserwować zmiany w następnej analizie. Przeprowadzić kolejne badanie zgodnie z przyjętym harmonogramem diagnostyki olejowej.     ","{""pq_indeks"": ""w_normie"", ""woda"": ""w_dopuszczalnym_zakresie""}",2,WSKAZÓWKA
P2005520,"Zawartość żelaza i ołowiu jest na niższym poziomie w stosunku do poprzedniej analizy. Poziom pozostałych metalicznych produktów zużycia w normie. Ołów może pochodzić z paliwa lotniczego, jednak proszę o weryfikację typu stosowanego paliwa.

Wnioski i Zalecenia:

Proszę przeprowadzić kolejne badanie za około 25h pracy silnika w celu oceny dynamiki procesów zużycia.","{""metale_zużyciowe"": ""w_normie""}",0,WSKAZÓWKA
P2005522,"Poziom metalicznych produktów zużycia określony w badaniu pierwiastków (cząstki <5um) w normie. Wysoka zawartość ołowiu pochodzi najprawdopodobniej z paliwa lotniczego i jest to sytuacja normalna.

Wnioski i Zalecenia:

Proszę obserwować zmiany w następnej analizie. Przeprowadzić kolejne badanie zgodnie z przyjętym harmonogramem diagnostyki olejowej.","{""metale_zużyciowe"": ""w_normie""}",1,WSKAZÓWKA
P2005523,"Poziom metalicznych produktów zużycia określony w badaniu pierwiastków (cząstki <5um) w normie. Zawartość ołowiu może pochodzić z paliwa lotniczego i jest to sytuacja normalna. Jeżeli jednak stosowane jest paliwo bezołowiowe (stosunkowo niska zawartość ołowiu) to oznaczona zawartość ołowiu może wskazywać na początki procesów zużycia łożysk silnika.

Wnioski i Zalecenia:

Proszę sprawdzić rodzaj stosowanego paliwa. W przypadku stosowania paliwa bezołowiowego należy przeprowadzić inspekcję diagnostyczną silnika.","{""metale_zużyciowe"": ""w_normie""}",1,WSKAZÓWKA
P2005526,"Poziom metalicznych produktów zużycia określony w badaniu pierwiastków (cząstki <5um) w normie. Zawartość ołowiu może pochodzić z paliwa lotniczego i jest to sytuacja normalna. Jeżeli jednak stosowane jest paliwo bezołowiowe (stosunkowo niska zawartość ołowiu) to oznaczona zawartość ołowiu może wskazywać na początki procesów zużycia łożysk silnika.

Wnioski i Zalecenia:

Proszę sprawdzić rodzaj stosowanego paliwa. W przypadku stosowania paliwa bezołowiowego należy przeprowadzić inspekcję diagnostyczną silnika.","{""metale_zużyciowe"": ""w_normie""}",0,WSKAZÓWKA
P2005654,"Temperatura zapłonu w zakresie granicznym. Pozostałe oznaczone parametry mieszczą się w akceptowalnym zakresie.  



Zalecenia i wnioski:

Proszę obserwować zmiany w następnej analizie, zgodnie z przyjętym harmonogramem diagnostyki olejowej.","{""pozostałe_parametry"": ""w_akceptowalnym_zakresie"", ""temperatura_zapłonu"": ""w_zakresie_granicznym""}",1,WSKAZÓWKA
P2005899,"Lepkość w trendzie stabilnym. Własności dyspergujące oraz temperatura zapłonu w normie. Zawartość wody w normie. Zawartość ołowiu uległa obniżeniu w stosunku do poprzednich analiz, pozostałe metale znajdują się w trendzie stabilnym. 

Wnioski i zalecenia:

Zalecamy obserwowanie zmian w kolejnych analizach. Wykonać kolejne badanie za ok. 500 mth pracy silnika. ","{""temperatura_zapłonu"": ""w_normie"", ""woda"": ""w_normie""}",1,WSKAZÓWKA
P2006269,"Lepkość w normie dla klasy SAE 50. Liczba zasadowa w normie. Zawartość zanieczyszczeń stałych w normie. Temperatura zapłonu w normie. Własności dyspergujące w normie. Zawartość wody w normie. Zawartość metali zuzyciowych w zakresie akceptowalnym.

Wnioski i zalecenia:

Obserwować zmiany w następnej analizie. Wykonać kolejne badanie zgodnie z harmonogramem. ","{""lepkość"": ""w_normie"", ""liczba_zasadowa"": ""w_normie"", ""zanieczyszczenia_stałe"": ""w_normie"", ""temperatura_zapłonu"": ""w_normie"", ""woda"": ""w_normie"", ""metale_zużyciowe"": ""w_akceptowalnym_zakresie""}",1,WSKAZÓWKA
P2006271,"Oznaczona lepkość w zakresie dopuszczalnym dla oleju klasy SAE 50. Temperatura zapłonu w normie. Zawartość stałych zanieczyszczeń w normie. Własności dyspergujące pogorszone. 



Zalecenia i wnioski:

W próbce nie stwierdzono obecności oleju napędowego ani płynu chłodniczego. Ze względu na pogorszone własności dyspergujące zalecane jest przygotowanie się do przeprowadzenia wymiany oleju na świeży w dogodnym dla Państwa terminie.","{""lepkość"": ""w_dopuszczalnym_zakresie"", ""temperatura_zapłonu"": ""w_normie"", ""zanieczyszczenia_stałe"": ""w_normie""}",1,WSKAZÓWKA
P2006681,"Oznaczona lepkość w normie. Temperatura zapłonu w normie. Poziom metalicznych produktów zużycia określony w badaniu pierwiastków (cząstki <5um) w normie. Temperatura zapłonu jest w zakresie akceptowalnym.

Wnioski i Zalecenia:

Proszę obserwować zmiany w następnej analizie. Przeprowadzić proszę kolejne badanie zgodnie z przyjętym harmonogramem diagnostyki olejowej.","{""lepkość"": ""w_normie"", ""temperatura_zapłonu"": ""w_normie"", ""metale_zużyciowe"": ""w_normie""}",1,W NORMIE
P2006689,"Oznaczona lepkość jest w normie. Temperatura zapłonu jest w zakresie akceptowalnym. Zawartość sodu jest na stałym poziomie. Poziom metalicznych produktów zużycia określony w badaniu pierwiastków (cząstki <5um) w normie. 

Wnioski i Zalecenia:

Proszę obserwować zmiany w następnej analizie. Przeprowadzić kolejne badanie zgodnie z przyjętym harmonogramem diagnostyki olejowej.","{""lepkość"": ""w_normie"", ""temperatura_zapłonu"": ""w_akceptowalnym_zakresie"", ""metale_zużyciowe"": ""w_normie""}",1,WSKAZÓWKA
P2006941,"Lepkość w trendzie stabilnym. Własności dyspergujące oraz temperatura zapłonu w normie. Zawartość wody w normie. Metale znajdują się w trendzie stabilnym. 

Wnioski i zalecenia:

Zalecamy obserwowanie zmian w kolejnych analizach. Wykonać kolejne badanie za ok. 500 mth pracy silnika. ","{""temperatura_zapłonu"": ""w_normie"", ""woda"": ""w_normie""}",1,WSKAZÓWKA
P2007402,"Oznaczona lepkość w normie. Zawartość stałych ciał obcych w normie. Liczba zasadowa w normie. Własności dyspergujące w normie. Temperatura zapłonu w normie. Zawartość wody w normie. Zawartość sodu jest na wyższym poziomie w stosunku do poprzednich analiz. Poziom metalicznych produktów zużycia określony w badaniu pierwiastków utrzymuje się na stabilnym poziomie. Indeks PQ w normie.

Wnioski i Zalecenia:

Odnotowano w stosunku do szeregu analiz wzrostowy trend zawartości sodu. Koniecznym jest przeprowadzenie inspekcji układu chłodzenia. Przeprowadzić kolejne badanie po wykonaniu zabiegów korygujących.","{""lepkość"": ""w_normie"", ""stałe_ciała_obce"": ""w_normie"", ""liczba_zasadowa"": ""w_normie"", ""temperatura_zapłonu"": ""w_normie"", ""woda"": ""w_normie"", ""pq_indeks"": ""w_normie""}",2,WSKAZÓWKA
P2007679,"Oznaczona lepkość w normie. Temperatura zapłonu w normie. Poziom metalicznych produktów zużycia jest w normie. Zawartość krzemu wskazuje na kurz/pył z otoczenia, elastyczne uszczelnienia czy materiały montażowe na bazie silikonu.



Wnioski i Zalecenia:



Proszę skontrolować układ doprowadzania powietrza (zablokowane wkłady filtracyjne, zasysanie fałszywego powietrza). Proszę obserwować zmiany w następnej analizie. Przeprowadzić kolejne badanie zgodnie z przyjętym harmonogramem diagnostyki olejowej.","{""lepkość"": ""w_normie"", ""temperatura_zapłonu"": ""w_normie"", ""metale_zużyciowe"": ""w_normie""}",1,WSKAZÓWKA
P2007680,"Oznaczona lepkość w normie. Temperatura zapłonu w normie. Poziom metalicznych produktów zużycia jest w normie.

Wnioski i Zalecenia:

Proszę obserwować zmiany w następnej analizie. Przeprowadzić kolejne badanie zgodnie z przyjętym harmonogramem diagnostyki olejowej.","{""lepkość"": ""w_normie"", ""temperatura_zapłonu"": ""w_normie"", ""metale_zużyciowe"": ""w_normie""}",1,W NORMIE
P2007840,"Oznaczona lepkość w normie. Liczba kwasowa w normie. Liczba zasadowa w normie. Zawartość chloru jest na wyższym, lecz akceptowalnym poziomie. Poziom metalicznych produktów zużycia określony w badaniu pierwiastków (cząstki <5um) w normie.

Wnioski i Zalecenia:

Proszę skontrolować jakość gazu doprowadzanego do komory spalania silnika. Proszę obserwować zmiany w następnej analizie. Przeprowadzić kolejne badanie zgodnie z przyjętym harmonogramem diagnostyki olejowej.","{""lepkość"": ""w_normie"", ""liczba_kwasowa"": ""w_normie"", ""liczba_zasadowa"": ""w_normie"", ""chlor"": ""w_akceptowalnym_zakresie"", ""metale_zużyciowe"": ""w_normie""}",0,WSKAZÓWKA
P2008258,"Na widmie IR widoczne są pozostałości biokomponentów. Zawartość paliwa w normie. Zawartość żelaza wykazuje skokowy wzrost.

Wnioski i Zalecenia:

W niedługim okresie czasu proszę przeprowadzić badanie weryfikujące uzyskane rezultaty.","{""paliwo"": ""w_normie""}",1,UWAGA
P2008437,"Oznaczona lepkość w normie. Temperatura zapłonu w normie. Zawartość sodu jest na stabilnym poziomie. Zawartość miedzi i ołowiu wykazuje wzrost skokowy. Poziom pozostałych metalicznych produktów zużycia jest w normie.

Wnioski i Zalecenia:

Ze względu na oznaczony poziom metali zużyciowych zalecam przeprowadzić inspekcję diagnostyczną silnika. Proszę powiązać wykryte metale zużyciowe z metalurgią układu (np. łożyska ślizgowe). Przeprowadzić kolejne badanie po wykonaniu zabiegów korygujących.","{""lepkość"": ""w_normie"", ""temperatura_zapłonu"": ""w_normie"", ""metale_zużyciowe"": ""w_normie""}",2,UWAGA
P2008495,"Zawartość miedzi wykazuje skokowy wzrost. Poziom pozostałych metalicznych produktów zużycia określony w badaniu pierwiastków (cząstki <5um) w normie. Wysoka zawartość ołowiu pochodzi z paliwa lotniczego i jest to sytuacja normalna.

Wnioski i Zalecenia:

W celu obserwacji dynamiki procesów zużyciowych proszę przeprowadzić kolejne badanie za około 25h pracy silnika.","{""metale_zużyciowe"": ""w_normie""}",1,WSKAZÓWKA
P2008504,"Oznaczona lepkość w normie. Zawartość stałych ciał obcych w normie. Własności dyspergujące są lekko pogorszone. Temperatura zapłonu w normie.

Wnioski i Zalecenia:

Proszę obserwować zmiany w następnej analizie. W celu śledzenia trendów zmian proszę przeprowadzić kolejne badanie za około 500h pracy silnika.","{""lepkość"": ""w_normie"", ""stałe_ciała_obce"": ""w_normie"", ""temperatura_zapłonu"": ""w_normie""}",1,WSKAZÓWKA
P2008768,"Oznaczona lepkość jest w zakresie granicznym między klasą SAE 40, a SAE 50. Zawartość stałych ciał obcych w normie. Liczba zasadowa w normie. Własności dyspergujące w normie. Temperatura zapłonu w normie. Zawartość miedzi i ołowiu jest wyższa niż przy poprzedniej analizie - wartości te jednak korelują z historycznymi wynikami. Poziom pozostałych metalicznych produktów zużycia w normie. Zawartość wody w normie.

Wnioski i Zalecenia:

W celu oceny dynamiki zużycia proszę przeprowadzić kolejną analizę za około 250 mth pracy silnika.","{""lepkość"": ""w_zakresie_granicznym"", ""stałe_ciała_obce"": ""w_normie"", ""liczba_zasadowa"": ""w_normie"", ""temperatura_zapłonu"": ""w_normie"", ""metale_zużyciowe"": ""w_normie"", ""woda"": ""w_normie""}",1,WSKAZÓWKA
P2009507,"Oznaczona lepkość uległa jedynie niewielkiemu obniżeniu w porównaniu do poprzedniej analizy. Własności dyspergujące w normie. Indeks PQ, informujący o zawartości cząstek ferromagnetycznych, w normie. Zawartość wody na dopuszczalnym poziomie.



Wnioski i zalecenia:

Proszę obserwować zmiany w następnej analizie. Przeprowadzić kolejne badanie zgodnie z przyjętym harmonogramem diagnostyki olejowej.     ","{""pq_indeks"": ""w_normie"", ""woda"": ""w_dopuszczalnym_zakresie""}",1,WSKAZÓWKA
P2009725,"Lepkość w normie dla klasy SAE 40. Liczba zasadowa w normie. Temperatura zapłonu w normie. W dalszym ciągu utrzymuje się zwiększona zawartość sodu. Zawartość metali zuzyciowych w stabilnym trendzie. 

Wnioski i zalecenia:

Ze względu na możliwe zanieczyszczenie płynem chłodniczym zalecana jest kontrola układu chłodzenia pod kątem ewentualnych przecieków. Jeżeli jeszcze to nie nastąpiło zalecamy wymianę oleju na świeży. Wykonać kolejne badanie za ok. 250 mth pracy silnika w celu śledzenia zmian. ","{""lepkość"": ""w_normie"", ""liczba_zasadowa"": ""w_normie"", ""temperatura_zapłonu"": ""w_normie""}",2,UWAGA
P2010127,"Zawartość metali zużyciowych w normie - jednakże biorąc pod uwagę stosunkowo krótki czas pracy od wymiany, taki poziom może świadczyć o występujących procesach zużycia w układzie lub występować jako pozostałość po wymianie. Pozostałe parametry w normie. 

Wnioski i zalecenia:

Zalecane kontynuowanie próbkowania co 250 mth pracy w celu ustalenia trendu. ","{""pozostałe_parametry"": ""w_normie"", ""metale_zużyciowe"": ""w_normie""}",0,WSKAZÓWKA
P2010174,"Lepkość w normie oraz temperatura zapłonu w normie - nastąpił jednak spadek w stosunku do poprzedniego badania. Zawartość metali zużyciowych w normie. Własności dyspergujące w normie. Zawartość wody w normie.

Wnioski i zalecenia:

Obniżenie lepkości oraz temperatury zapłonu może świadczyć o zanieczyszczeniu oleju paliwem - zalecana kontrola układu paliwowego pod kątem ewentualnych nieszczelności. Wykonać kolejne badanie zgodnie z przyjętym harmonogramem. ","{""lepkość"": ""w_normie"", ""temperatura_zapłonu"": ""w_normie"", ""metale_zużyciowe"": ""w_normie"", ""woda"": ""w_normie""}",1,WSKAZÓWKA
P2010180,"Lepkość w normie dla klasy SAE 40, widoczny jest jednak trend spadkowy. Stabilny trend zawartości sodu oraz krzemu. Temperatura zapłonu w normie. Nie stwierdzono niepokojącego zanieczyszczenia oleju paliwem. Zawartość metali zużyciowych jest na stabilnym poziomie. 

Wnioski i zalecenia:

Oznaczone parametry znajdują się w stabilnym trendzie. Zalecana obserwacja zmian w kolejnej analizie. Wykonać kolejne badanie za ok. 500 mth pracy silnika. ","{""lepkość"": ""w_normie"", ""temperatura_zapłonu"": ""w_normie""}",1,WSKAZÓWKA
P2010265,"Oznaczona lepkość w zakresie dopuszczalnym dla oleju klasy SAE 40. Wzajemna relacja liczby kwasowej oraz liczby zasadowej świadczy o wyczerpaniu rezerwy alkalicznej oleju oleju. Stwierdzono lekki wzrost oksydacji oleju. Zawartość metalicznych cząstek zużyciowych w normie. Zawartość wody w normie.



Zalecenia i wnioski:

Olej nie kwalifikuje się do dalszej eksploatacji. Proszę wykonać kolejne badanie po przeprowadzeniu wymiany oleju na świeży.","{""lepkość"": ""w_dopuszczalnym_zakresie"", ""metale_zużyciowe"": ""w_normie"", ""woda"": ""w_normie""}",2,UWAGA
P2010378,"Oznaczona lepkość w normie dla oleju klasy SAE 40. W porównaniu do poprzedniej analizy stwierdzono spadek liczby zasadowej jednak rezerwa alkaliczna mieści się jeszcze w bezpiecznym zakresie. Zawartość wody w normie. Zawartość stałych zanieczyszczeń w normie. Zawartość metalicznych cząstek zużyciowych w normie.



Zalecenia i wnioski:

Olej kwalifikuje się do dalszej eksploatacji jednak zalecane jest przeprowadzenie kolejnego badania nie później niż za 250 godzin pracy silnika.","{""lepkość"": ""w_normie"", ""liczba_zasadowa"": ""w_zakresie_bezpiecznym"", ""rezerwa_alkaliczna"": ""w_zakresie_bezpiecznym"", ""woda"": ""w_normie"", ""zanieczyszczenia_stałe"": ""w_normie"", ""metale_zużyciowe"": ""w_normie""}",2,WSKAZÓWKA
P2010845,"Poziom dodatków odbiega od oczekiwanego dla oleju AeroShell W15W50 - w eksploatacji prawdopodobnie jest olej innego typu. Zawartość metalicznych produktów zużycia mieści się w akceptowalnym zakresie. Wysoka zawartość ołowiu pochodzi z paliwa lotniczego i jest to sytuacja normalna dla tłokowych silników lotniczych.





Wnioski i zalecenia:



Proszę obserwować zmiany w następnej analizie, zgodnie z przyjętym harmonogramem diagnostyki.","{""metale_zużyciowe"": ""w_akceptowalnym_zakresie""}",0,WSKAZÓWKA
P2011021,"Lepkość w normie. Temperatura zapłonu w normie. Zawartość metali zużyciowych na stabilnym poziomie. Nie stwierdzono niepokojącego zanieczyszczenia paliwem ani glikolem. Liczba zasadowa w normie. 

Wnioski i zalecenia:

Zalecana obserwacja zmian w kolejnej analizie. Wykonać kolejne badanie za ok.500 mth pracy silnika. ","{""lepkość"": ""w_normie"", ""temperatura_zapłonu"": ""w_normie"", ""paliwo"": ""brak_wykrycia"", ""glikol"": ""brak_wykrycia"", ""liczba_zasadowa"": ""w_normie""}",1,WSKAZÓWKA
P2011340,"Oznaczona lepkość oraz poziom metalicznych produktów zużycia określony w badaniu pierwiastków (cząstki <5um) w normie. Wyniki dodatków uszlachetniających wskazują na olej CAT DEO.

Zalecenia i wnioski:

Proszę zweryfikować informacje nt. zastosowanego oleju. Prowadzić skuteczną ewidencję w zakresie zastosowanych środków smarnych. Proszę obserwować zmiany w następnej analizie. Przeprowadzić kolejne badanie zgodnie z przyjętym harmonogramem diagnostyki olejowej.","{""lepkość"": ""w_normie"", ""metale_zużyciowe"": ""w_normie""}",1,WSKAZÓWKA
P2011399,"Lepkość oraz poziom dodatków uszlachetniających w normie. Krytyczny poziom zawartości krzemu oraz miedzi.

Zalecenia i wnioski:

Źródłem krzemu mogą być zanieczyszczenia z zewnątrz. Zaleca się skontrolowanie układu doprowadzania powietrza oraz wkładów filtracyjnych. Podwyższona miedź może być produktem korozji lub świadczyć o zużyciu elementów układu. W celu śledzenia trendu proszę przeprowadzić kolejne badanie za około 250mth pracy lokomotywy.","{""lepkość"": ""w_normie"", ""dodatki_uszlachetniające"": ""w_normie""}",2,UWAGA
P2011493,"Oznaczona lepkość w zakresie dopuszczalnym dla oleju klasy SAE 40. Temperatura zapłonu w normie. Skokowy wzrost zawartości ołowiu. Poziom pozostałych oznaczonych pierwiastków zużyciowych oraz indeks PQ w normie. W próbce nie stwierdzono obecności oleju napędowego ani płynu chłodniczego.



Zalecenia i wnioski:

Wzrost zawartości ołowiu wskazuje na intensywne procesy zużycia lub/i korozji zachodzące w układzie olejowym (np. łożysk silnika) lub procedura poboru próbki mogła mieć wpływ na wynik badania. Zalecane jest pilne przysłanie próbki kontrolnej w celu weryfikacji wyniku analizy. ","{""lepkość"": ""w_dopuszczalnym_zakresie"", ""temperatura_zapłonu"": ""w_normie"", ""pq_indeks"": ""w_normie"", ""metale_zużyciowe"": ""w_normie"", ""olej_napędowy"": ""brak_wykrycia""}",0,UWAGA
P2011650,"Oznaczona lepkość w normie dla oleju klasy SAE 40. Temperatura zapłonu w zakresie granicznym. Zawartość metalicznych cząstek zużyciowych w normie. W próbce nie stwierdzono obecności paliwa ani płynu chłodniczego.



Zalecenia i wnioski:

Proszę obserwować zmiany w następnej analizie, zalecane jest przeprowadzenie kolejnego badania za około 500mth.","{""lepkość"": ""w_normie"", ""temperatura_zapłonu"": ""w_zakresie_granicznym"", ""metale_zużyciowe"": ""w_normie""}",1,WSKAZÓWKA
P2012407,"Spadkowy trend lepkości oraz temperatury zapłonu - wskazuje na zanieczyszczenie oleju paliwem, nie jest to jednak sytuacja krytyczna. Zawartość metali zużyciowych w normie. 

Wnioski i zalecenia:

Zalecane przeprowadzenie kontroli układu paliwowego pod kątem ewentualnych przecieków. Wykonać kolejne badanie za ok. 250 mth pracy silnika. ","{""metale_zużyciowe"": ""w_normie""}",1,WSKAZÓWKA
P2012972,"Lepkość w normie dla klasy SAE 40. Temperatura zapłonu w normie. Nie stwierdzono niepokojącego zanieczyszczenia oleju paliwem. Zwiększona zawartość sodu wskazuje na możliwe zanieczyszczenie oleju glikolem.

Wnioski i zalecenia:

Skontrolować układ chłodniczy pod kątem ewentualnych przecieków. Wykonać kolejne badanie za ok. 500 mth pracy silnika.","{""lepkość"": ""w_normie"", ""temperatura_zapłonu"": ""w_normie""}",2,WSKAZÓWKA
P2013264,"Oznaczona lepkość w normie. Temperatura zapłonu w zakresie granicznym. Poziom dodatków uszlachetniających w normie. Poziom metalicznych produktów zużycia oznaczony w badaniu pierwiastków (cząstki o rozmiarze <5um) w normie.

Zalecenia i wnioski:

Przeprowadzić kolejne badanie za około 250mth. Proszę obserwować zmiany w następnej analizie. ","{""lepkość"": ""w_normie"", ""temperatura_zapłonu"": ""w_zakresie_granicznym"", ""dodatki_uszlachetniające"": ""w_normie"", ""metale_zużyciowe"": ""w_normie""}",1,WSKAZÓWKA
P2013595,"Oznaczona lepkość w normie. Temperatura zapłonu w normie. Zawartość miedzie lekko podniesiona - zalecane śledzenie trendu zmian. Zawartość pozostałych metali zużyciowych w normie. 

Zalecenia i wnioski : 

Zaleca się obserwować zmiany w kolejnej analizie. Przeprowadzić kolejne badanie zgodnie z przyjętym harmonogramem diagnostyki olejowej.","{""lepkość"": ""w_normie"", ""temperatura_zapłonu"": ""w_normie"", ""metale_zużyciowe"": ""w_normie""}",1,WSKAZÓWKA
P2013737,"Oznaczona lepkość w normie. Na widmie IR widoczne biokomponenty z paliwa. Zawartość żelaza na niepokojącym poziomie.

Zalecenia i wnioski : 

Prosimy o pilne przesłanie próbki weryfikującej oraz przeprowadzeni kontroli wewnętrznej silnika.","{""lepkość"": ""w_normie""}",1,UWAGA
P2013913,"Oznaczona lepkość w normie dla klasy oleju SAE 40. Temperatura zapłonu w normie. Poziom krzemu w akceptowalnym zakresie. Na widmie IR widoczne pozostałości biokomponentów z paliwa, jednak temperatura zapłonu oraz lepkość nie wskazują na przedostawanie się zanieczyszczeń do układu.

Zalecenia i wnioski : 

Proszę przeprowadzić inspekcję układu doprowadzania paliwa do silnika pod kątem możliwych przecieków. Wykonać kolejne badanie zgodnie z przyjętym harmonogramem diagnostyki olejowej.","{""lepkość"": ""w_normie"", ""temperatura_zapłonu"": ""w_normie"", ""krzem"": ""w_akceptowalnym_zakresie""}",1,WSKAZÓWKA
P2014029,"Oznaczona lepkość w normie dla klasy oleju SAE 40. Temperatura zapłonu w normie. Zwartość pierwiastków zużyciowych i metali uszlacheniająccych w normie. Na widmie IR zanotowano pozostałości biokomponentów z paliwa. 

Zalecenia i wnioski : 

Proszę monitorować stan silnika pod kątem przedostawania się paliwa do układu. Obserwować zmiany w następnej analizie. Wykonać kolejne badanie zgodnie z przyjętym harmonogramem diagnostyki olejowej.","{""lepkość"": ""w_normie"", ""temperatura_zapłonu"": ""w_normie"", ""metale_zużyciowe"": ""w_normie""}",0,WSKAZÓWKA
P2014049,"Oznaczona lepkość w normie. Własności dyspergujące w dalszym ciągu obniżone. Temperatura zapłonu w normie. Indeks PQ w normie.

Zalecenia i wnioski : 

Obserwować zmiany w następnej analizie. Wykonać kolejne badanie nie później niż za miesiąc od daty pobrania próbki aktualnej  w celu śledzenia zmian.","{""lepkość"": ""w_normie"", ""temperatura_zapłonu"": ""w_normie"", ""pq_indeks"": ""w_normie""}",1,WSKAZÓWKA
P2014062,"Lepkość w normie. Temperatura zapłonu w normie. Wyraźny wzrost zawartości żelaza - zalecane wykonanie kolejnego badania w terminie przyspieszonym.

Wnioski i zalecenia:

W celu śledzenia trendu zawartości żelaza pod kątem zużywania się elementów silnika, proszę przeprowadzić kolejne badanie po okresie 250mth pracy silnika.","{""lepkość"": ""w_normie"", ""temperatura_zapłonu"": ""w_normie""}",1,UWAGA
P2014063,"Oznaczona lepkość oraz temperatura zapłonu w normie. Zawartość żelaza niższa niż w poprzednim badaniu, jednakże biorąc pod uwagę stosunkowo krótki czas pracy od wymiany oleju zalecane jest wykonanie kolejnego badania w terminie przyspieszonym.

Wnioski i zalecenia:

W celu śledzenia trendu zawartości żelaza zaleca się wykonanie kolejnej analizy oleju w okresie 250mth pracy silnika. ","{""lepkość"": ""w_normie"", ""temperatura_zapłonu"": ""w_normie""}",0,WSKAZÓWKA
P2100219,"Oznaczona lepkość w normie dla klasy oleju SAE 40. Temperatura zapłonu w normie. Zawartość w dalszym ciągu podniesiona. Zawartość metali zużyciowych w trendzie stabilnym. 

Zalecenia i wskazania :

Skontrolować układ chłodniczy pod kątem ewentualnych przecieków. Wykonać kolejne badanie za ok. 500 mth pracy silnika.","{""lepkość"": ""w_normie"", ""temperatura_zapłonu"": ""w_normie""}",1,WSKAZÓWKA
P2100228,"Oznaczona lepkość oraz temperatura zapłonu krytycznie obnożone. Właśności dyspergujące w normie. Zawartość ciał stałych w normie.

Zalecenia i wskazania : 

Wyniki wzkazują na krytyczne zanieczyszczenie paliwem. Zalecana możliwie jak najszybsza wymiana oleju na świeży. Skontrolować układ paliwowy pod kątem występujących przecieków. Wykonać kolejne badanie po przeprowadzeniu zabiegów korygujących. ","{""stałe_ciała_obce"": ""w_normie""}",2,UWAGA
P2100462,"Oznaczona lepkość w zakresie dopuszczalnym dla oleju klasy SAE 15W-40. Temperatura zapłonu w zakresie granicznym. Zawartość metalicznych cząstek zużyciowych na akceptowalnym poziomie. Nie stwierdzono niepokojącego zanieczyszczenia oleju.



Zalecenia i wnioski:

Proszę obserwować zmiany w następnej analizie. Zalecane jest przeprowadzenie kolejnego badania za około 500mth.","{""lepkość"": ""w_dopuszczalnym_zakresie"", ""temperatura_zapłonu"": ""w_zakresie_granicznym"", ""metale_zużyciowe"": ""w_akceptowalnym_zakresie""}",1,WSKAZÓWKA
P2100890,"Oznaczona lepkość w normie dla klasy SAE 40. Temperatura zapłonu w normie. Widoczny wzrost poziomu miedzi w stosunku do poprzedniego badania. Pozostałe parametry w normie.

Zalecenia i wnioski:

Proszę przeprowadzić kolejne badanie za około 250h pracy lokomotywy w celu oceny dynamiki procesów zużyciowych.","{""pozostałe_parametry"": ""w_normie"", ""lepkość"": ""w_normie"", ""temperatura_zapłonu"": ""w_normie""}",1,WSKAZÓWKA
P2101360,"Oznaczona lepkość w normie. Zawartość stałych ciał obcych w normie. Liczba zasadowa w normie. Własności dyspergujące pogorszone. Temperatura zapłonu na poziomie akceptowalnym. Zawartość wody w normie. Poziom metalicznych produktów zużycia oznaczony w badaniu pierwiastków (cząstki o rozmiarze <5um) w normie. Indeks PQ informujący o zawartości cząstek ferromagnetycznych (niezależnie od rozmiaru cząstek) w normie.

Wnioski i zalecenia:

Proszę o przesłanie próbki kontrolnej do analizy. Jeśli nie chcą państwo przeprowadzić badania weryfikacyjnego to zalecam wymianę oleju na świeży.","{""lepkość"": ""w_normie"", ""stałe_ciała_obce"": ""w_normie"", ""liczba_zasadowa"": ""w_normie"", ""temperatura_zapłonu"": ""w_akceptowalnym_zakresie"", ""woda"": ""w_normie"", ""metale_zużyciowe"": ""w_normie"", ""pq_indeks"": ""w_normie""}",1,UWAGA
P2101749,"Lepkość wskazuje na klasę SAE 40. Własności dyspergujące w normie. Temperatura zapłonu w normie. Nie wykryto niepokojącego zanieczyszczenia glikolem ani paliwem.

Wnioski i zalecenia:

Upewnić się czy olej o danej lepkości może być eksploatowany. W przeciwnym wypadku należy wymienić na olej o odpowiedniej lepkości. Wykonać kolejne badanie zgodnie z harmonogramem. ","{""temperatura_zapłonu"": ""w_normie"", ""glikol"": ""brak_wykrycia""}",1,WSKAZÓWKA
P2101750,"Oznaczona lepkość w normie. Liczba zasadowa w normie. Zawartość stałych ciał obcych w normie. Własności dyspergujące pogorszone. Temperatura zapłonu w zakresie akceptowalnym. Zawartość wody w normie. Poziom metalicznych produktów zużycia oznaczony w badaniu pierwiastków (cząstki o rozmiarze <5um) w normie. Indeks PQ w normie. 

Wnioski i zalecenia:

Ze względu na obniżone własności dyspergujące olej nie kwalifikuje się do dalszej eksploatacji - zalecana wymiana oleju na świeży. Przeprowadzić kolejne badanie zgodnie z harmonogramem diagnostyki olejowej. ","{""lepkość"": ""w_normie"", ""liczba_zasadowa"": ""w_normie"", ""stałe_ciała_obce"": ""w_normie"", ""temperatura_zapłonu"": ""w_akceptowalnym_zakresie"", ""woda"": ""w_normie"", ""metale_zużyciowe"": ""w_normie"", ""pq_indeks"": ""w_normie""}",1,UWAGA
P2102204,"Oznaczona lepkość w normie. Liczba zasadowa w normie. Zawartość stałych ciał obcych w normie. Własności dyspergujące w dalszym ciągu pogorszone. Temperatura zapłonu w zakresie akceptowalnym. Zawartość wody w normie. Poziom metalicznych produktów zużycia oznaczony w badaniu pierwiastków (cząstki o rozmiarze <5um) w normie. Indeks PQ w normie. Olej wykazuje wysokie zanieczyszczenie sadzą.

Wnioski i zalecenia:

Ze względu na obniżone własności dyspergujące oraz wysoką zawartość sadzy olej nie kwalifikuje się do dalszej eksploatacji - zalecana wymiana oleju na świeży. Przeprowadzić kolejne badanie zgodnie z harmonogramem diagnostyki olejowej. ","{""lepkość"": ""w_normie"", ""liczba_zasadowa"": ""w_normie"", ""stałe_ciała_obce"": ""w_normie"", ""temperatura_zapłonu"": ""w_akceptowalnym_zakresie"", ""woda"": ""w_normie"", ""metale_zużyciowe"": ""w_normie"", ""pq_indeks"": ""w_normie""}",1,UWAGA
P2102294,"Oznaczona lepkość powyżej wartości dla klasy SAE 40. Stosunek liczny kwasowej do liczby zasadowej wykazuje na wyczerpanie się rezerwy alkalicznej. Zwiększona wartość oksydacji. Nie wykryto niepokojącej nitracji. Zawartość metali zużyciowych w normie.

Zalecenia i wnioski : 

Ze względu na widoczne symptomy postępującej degradacji zalecana jest jak najszybsza wymiana oleju na świeży. Wykonać kolejne badanie po przeprowadzeniu zabiegów korygujących","{""nitracja"": ""brak_wykrycia"", ""metale_zużyciowe"": ""w_normie""}",2,UWAGA
P2102525,"Oznaczona lepkość w normie. Temperatura zapłonu w normie. Odnotowano wzrost zawartości miedzi w stosunku do poprzedniej analizy. Poziom pozostałych metalicznych produktów zużycia w normie.

Wnioski i zalecenia:

W celu obserwacji trendu zawartości miedzi zaleca się przeprowadzić kolejne badanie za około 500mth. Proszę obserwować zmiany w następnej analizie.","{""lepkość"": ""w_normie"", ""temperatura_zapłonu"": ""w_normie"", ""metale_zużyciowe"": ""w_normie""}",1,WSKAZÓWKA
P2102526,"Oznaczona lepkość w normie. Temperatura zapłonu w normie. Poziom metalicznych produktów zużycia oznaczony w badaniu pierwiastków (cząstki o rozmiarze <5um) w normie.

Wnioski i zalecenia:

Przeprowadzić kolejne badanie zgodnie z harmonogramem diagnostyki olejowej. Proszę obserwować zmiany w następnej analizie.","{""lepkość"": ""w_normie"", ""temperatura_zapłonu"": ""w_normie"", ""metale_zużyciowe"": ""w_normie""}",0,WSKAZÓWKA
P2102593,"Oznaczona lepkość w normie dla oleju klasy SAE 15W-40. Temperatura zapłonu w zakresie granicznym. Zawartość stałych zanieczyszczeń w normie. Zawartość wody w normie. Na widmie w podczerwieni nie stwierdzono charakterystycznych zmian świadczących o podwyższonej zawartości płynu chłodniczego w próbce.



Zalecenia i wnioski:

Proszę obserwować zmiany w następnej analizie. Zalecane jest przeprowadzenie kolejnego badania za 500mth. ","{""lepkość"": ""w_normie"", ""temperatura_zapłonu"": ""w_zakresie_granicznym"", ""zanieczyszczenia_stałe"": ""w_normie"", ""woda"": ""w_normie""}",1,WSKAZÓWKA
P2102646,"Dla danej próbki oznaczyliśmy zlecone parametry. Zawartość miedzi w zakresie granicznym. Poziom pozostałych metalicznych produktów zużycia w dopuszczalnym zakresie.

Wnioski i zalecenia:

W celu obserwacji zmian trendu zalecane jest wykonanie kolejnego badania zgodnie z przyjętym harmonogramem diagnostyki.  ","{""miedź"": ""w_zakresie_granicznym"", ""metale_zużyciowe"": ""w_dopuszczalnym_zakresie""}",0,WSKAZÓWKA
P2102648,"Dla danej próbki oznaczyliśmy zlecone parametry. Zawartość miedzi w zakresie granicznym. Poziom pozostałych metalicznych produktów zużycia w dopuszczalnym zakresie.

Wnioski i zalecenia:

W celu obserwacji zmian trendu zalecane jest wykonanie kolejnego badania zgodnie z przyjętym harmonogramem diagnostyki.  ","{""miedź"": ""w_zakresie_granicznym"", ""metale_zużyciowe"": ""w_dopuszczalnym_zakresie""}",1,WSKAZÓWKA
P2103061,"Zawartość dodatków na poziomie oczekiwanym dla tego typu oleju. Podniesiony poziom miedzi, pozostałe metale zużyciowe w normie. Wysoka zawartość ołowiu pochodzi z paliwa lotniczego i jest to sytuacja normalna dla lotniczych silników tłokowych. 

Wnioski i zalecenia:

Powiązać wykryte metale zużyciowe z metalurgią smarowanych elementów (miedź - m.in. łożyska ślizgowe). Zalecana obserwacja zmian w kolejnej analizie. Wykonać kolejne badanie zgodnie z harmonogramem diagnostyki jednostki. ","{""miedź"": ""w_normie""}",2,WSKAZÓWKA
P2103108,"Lepkość obniżona - wskazuje na olej klasy SAE 40. Zawartość zanieczyszczeń stałych w normie. Własności dyspergujące obniżone. Temperatura zapłonu w normie. 

Wnioski i zalecenia:

Upewnić się czy olej o danej klasie lepkości może być eksploatowany. Nie stwierdzono niepokojącego zanieczyszczenia glikolem ani paliwem. Zalecamy wykonanie kolejnego badanie za ok. 250 mth pracy silnika w celu śledzenia zmian. ","{""lepkość"": ""w_normie"", ""zanieczyszczenia_stałe"": ""w_normie"", ""temperatura_zapłonu"": ""w_normie""}",1,WSKAZÓWKA
P2103246,"Oznaczona lepkość w normie dla klasy SAE 40. Liczba kwasowa i zasadowa znajdują się w dopuszczalnych zakresach. Zawartość wody w normie. Poziom metalicznych produktów zużycia określony w badaniu pierwiastków w normie. 

Zalecenia i wnioski:

Olej kwalifikuje się do dalszej eksploatacji jednak zalecane jest przeprowadzenie kolejnego badania nie później niż za 250 godzin pracy silnika.","{""lepkość"": ""w_normie"", ""liczba_kwasowa"": ""w_dopuszczalnym_zakresie"", ""woda"": ""w_normie"", ""metale_zużyciowe"": ""w_normie""}",2,WSKAZÓWKA
P2103247,"Oznaczona lepkość w normie dla klasy SAE 40. Liczba kwasowa i zasadowa znajdują się w dopuszczalnych zakresach. Zawartość wody w normie. Poziom metalicznych produktów zużycia określony w badaniu pierwiastków w normie. 

Zalecenia i wnioski:

Olej kwalifikuje się do dalszej eksploatacji jednak zalecane jest przeprowadzenie kolejnego badania nie później niż za 250 godzin pracy silnika.","{""lepkość"": ""w_normie"", ""liczba_kwasowa"": ""w_dopuszczalnym_zakresie"", ""woda"": ""w_normie"", ""metale_zużyciowe"": ""w_normie""}",2,WSKAZÓWKA
P2103407,"Lepkość wskazuje na olej klasy SAE 40 - trend stabilny. Temperatura zapłonu w normie. Nie stwierdzono zanieczyszczenia glikolem ani olejem napędowym. Zawartość metali zużyciowych w normie. 

Wnioski i zalecenia:

Obserwować zmiany w kolejnej analizie. Upewnić się czy olej o danej lepkości może być eksploatowany. Wykonać kolejne badanie za ok. 500 mth pracy silnika. ","{""lepkość"": ""w_normie"", ""temperatura_zapłonu"": ""w_normie"", ""glikol"": ""brak_wykrycia"", ""metale_zużyciowe"": ""w_normie""}",1,WSKAZÓWKA
P2103775,"Zawartość dodatków na spodziewanym poziomie. Poziom metali zużyciowych w normie, jednak nastąpił lekki wzrost od ostatniego badania. Wyraźnie podniesiona zawartość ołowiu (trend wzrostowy) pochodzi z paliwa lotniczego i jest to sytuacja normalna dla lotniczych silników tłokowych. 

Wnioski i zalecenia:

Proszę upewnić się, że zużycie występujące w silniku, nie stwarza problemów eksploatacyjnych. Obserwować trend zmian w kolejnej analizie. Wykonać kolejne badanie zgodnie z harmonogramem. ","{""metale_zużyciowe"": ""w_normie""}",1,WSKAZÓWKA
P2103970,"Oznaczona lepkość w normie dla oleju klasy SAE 40. Temperatura zapłonu w normie. Zaobserwowano znaczny wzrost zawartości miedzi w stosunku do poprzedniego badania. Poziom pozostałych pierwiastków zużyciowych w normie.

Zalecenia i wnioski:

W celu oceny dynamiki zużywania się elementów smarowanych zawierających w swoim składzie miedź zaleca się przeprowadzenie kolejnego badania po okresie ok. 500mth pracy silnika. Proszę obserwować zmiany w kolejnej analizie.","{""lepkość"": ""w_normie"", ""temperatura_zapłonu"": ""w_normie"", ""metale_zużyciowe"": ""w_normie""}",0,WSKAZÓWKA
P2105019,"Oznaczona lepkość nie mieści się w zakresie typowym dla klasy SAE 40. Rezerwa alkaliczna uległa wyczerpaniu. Stwierdzono wzrost oksydacji i nitracji oleju. Zawartość metalicznych cząstek zużyciowych w normie.

Zalecenia i wnioski : 

Olej nie kwalifikuje się do dalszej eksploatacji. Proszę obserwować zmiany w kolejnym badaniu po przeprowadzeniu wymiany oleju na świeży.","{""lepkość"": ""w_normie"", ""metale_zużyciowe"": ""w_normie""}",2,UWAGA
P2105103,"Oznaczona lepkość w normie dla oleju klasy SAE 40. Zawartość stałych ciał obcych w normie. Liczba zasadowa w normie. Własności dyspergujące lekko obniżone. Temperatura zapłonu w zakresie akceptowalnym. Zawartość wody w normie. Poziom metalicznych produktów zużycia oznaczony w badaniu pierwiastków (cząstki o rozmiarze <5um) w normie. Indeks PQ w normie.

Wnioski i zalecenia:

Ze względu na pogorszone własności dyspergujące zaleca się przeprowadzić kolejne badanie za około 250mth. Proszę obserwować zmiany w następnej analizie. ","{""lepkość"": ""w_normie"", ""stałe_ciała_obce"": ""w_normie"", ""liczba_zasadowa"": ""w_normie"", ""temperatura_zapłonu"": ""w_akceptowalnym_zakresie"", ""woda"": ""w_normie"", ""metale_zużyciowe"": ""w_normie"", ""pq_indeks"": ""w_normie""}",1,WSKAZÓWKA
P2105154,"Lepkość oleju w zakresie typowym dla klasy SAE 40. Temperatura zapłonu w normie. Zawartość metalicznych cząstek zużyciowych w dopuszczalnym zakresie. Na widmie w podczerwieni nie stwierdzono charakterystycznych zmian świadczących o zanieczyszczeniu olejem napędowym lub płynem chłodniczym.



Proszę zweryfikować czy olej o oznaczonej lepkości kwalifikuje się do eksploatacji w danej aplikacji. Stosować olej zgodny z wymaganiami producenta silnika.","{""lepkość"": ""w_normie"", ""temperatura_zapłonu"": ""w_normie"", ""metale_zużyciowe"": ""w_dopuszczalnym_zakresie"", ""płyn_chłodniczy"": ""brak_wykrycia""}",1,WSKAZÓWKA
P2105463,"Oznaczona lepkość poniżej normy dla klasy SAE 40. Zawartość stałych ciał obcych w normie. Temperatura zapłonu w normie. Zawartość wody w normie. Nie stwierdzono niepokojącego zanieczyszczenia glikolem ani paliwem.

Zalecenia i wnioski:

Upewnić się czy olej o danej lepkości może być eksploatowany. Obniżenie lepkości przy jednocześnie utrzymanej temperaturze zapłonu może wskazywać na termiczną degradację lub dolewkę oleju o mniejszej lepkości. Przeprowadzić kolejne badanie zgodnie z przyjętym harmonogramem diagnostyki olejowej.","{""stałe_ciała_obce"": ""w_normie"", ""temperatura_zapłonu"": ""w_normie"", ""woda"": ""w_normie"", ""glikol"": ""brak_wykrycia""}",1,WSKAZÓWKA
P2105659,"Oznaczona lepkość poniżej zakresu dla oleju klasy SAE 40. Temperatura zapłonu w normie. Poziom metali zużyciowych w normie - nie wskazuje na intensywne procesy zużycia/korozji w układzie.

Zalecenia i wnioski:

Upewnić się czy olej o danej lepkości może być eksploatowany. Obniżenie lepkości przy jednocześnie utrzymanej temperaturze zapłonu może wskazywać na termiczną degradację lub dolewkę oleju o mniejszej lepkości. Przeprowadzić kolejne badanie zgodnie z przyjętym harmonogramem diagnostyki olejowej.","{""temperatura_zapłonu"": ""w_normie"", ""metale_zużyciowe"": ""w_normie""}",1,WSKAZÓWKA
P2106572,"Lepkość w normie dla klasy SAE 40. Temperatura zapłonu w normie. Zawartość wody na dopuszczalnym poziomie. W porównaniu do poprzednich badań stwierdzono wzrost zawartości stałych zanieczyszczeń. Na widmie w podczerwieni nie stwierdzono charakterystycznych zmian świadczących o obecności płynu chłodniczego.



Wnioski i zalecenia:

Zalecana jest kontrola stanu i ewentualna wymiana filtrów. Proszę obserwować zmiany w następnej analizie zgodnie z przyjętym harmonogramem. ","{""lepkość"": ""w_normie"", ""temperatura_zapłonu"": ""w_normie"", ""woda"": ""w_dopuszczalnym_zakresie""}",1,WSKAZÓWKA
P2106590,"Oznaczona lepkość znacznie poniżej zakresu dopuszczalnego dla oleju klasy SAE 50 (wskazuje na olej klasy SAE 40). Zawartość stałych ciał obcych w normie. Własności dyspergujące w normie. Temperatura zapłonu w zakresie akceptowalnym.

Wnioski i zalecenia:

Jeżeli olejem eksploatowanym jest rzeczywiście olej klasy SAE 50 to należy bezzwłocznie wymienić olej na świeży, jeśli nie to proszę zweryfikować czy olej o oznaczonej lepkości może być eksploatowany. Wyniki badań nie wskazują na obecność paliwa w oleju. Przeprowadzić kolejne badanie zgodnie z harmonogramem diagnostyki olejowej. Proszę obserwować zmiany w następnej analizie. ","{""lepkość"": ""w_normie"", ""stałe_ciała_obce"": ""w_normie"", ""temperatura_zapłonu"": ""w_akceptowalnym_zakresie""}",1,WSKAZÓWKA
P2106984,"Oznaczona lepkość w normie. Zawartość stałych ciał obcych w normie. Liczba zasadowa w normie. Poziom metalicznych produktów zużycia oznaczony w badaniu pierwiastków (cząstki o rozmiarze <5um) w normie.

Wnioski i zalecenia:

Przeprowadzić kolejne badanie zgodnie z harmonogramem diagnostyki olejowej. Proszę obserwować zmiany w następnej analizie.","{""lepkość"": ""w_normie"", ""stałe_ciała_obce"": ""w_normie"", ""liczba_zasadowa"": ""w_normie"", ""metale_zużyciowe"": ""w_normie""}",0,WSKAZÓWKA
P2107006,"Zawartość dodatków na poziomie oczekiwanym dla tego typu oleju. Podniesiony poziom miedzi, pozostałe metale zużyciowe w normie. Wysoka zawartość ołowiu pochodzi z paliwa lotniczego i jest to sytuacja normalna dla lotniczych silników tłokowych. 

Wnioski i zalecenia:

Powiązać wykryte metale zużyciowe z metalurgią smarowanych elementów (miedź - m.in. łożyska ślizgowe). Zalecana obserwacja zmian w kolejnej analizie. Wykonać kolejne badanie zgodnie z harmonogramem diagnostyki jednostki. ","{""miedź"": ""w_normie""}",1,WSKAZÓWKA
P2107041,"Oznaczona lepkość w normie. Zawartość stałych ciał obcych w normie. Liczba zasadowa w normie. Własności dyspergujące w normie. Temperatura zapłonu w normie. Na widmie IR widoczne zanieczyszczenie sadzą. Zawartość wody w normie. Poziom metalicznych produktów zużycia w normie. 

Wnioski i zalecenia:

Proszę obserwować zmiany w następnej analizie. W celu śledzenia trendu zmian proszę przesłać kolejną próbkę do badania po okresie ok. 500 mth pracy silnika. ","{""lepkość"": ""w_normie"", ""stałe_ciała_obce"": ""w_normie"", ""liczba_zasadowa"": ""w_normie"", ""temperatura_zapłonu"": ""w_normie"", ""woda"": ""w_normie"", ""metale_zużyciowe"": ""w_normie""}",1,WSKAZÓWKA
P2107213,"Oznaczona lepkość w normie. Temperatura zapłonu w normie. Odnotowano wzrost zawartości miedzi w stosunku do poprzedniej analizy. Poziom pozostałych metalicznych produktów zużycia w normie.

Wnioski i zalecenia:

W celu obserwacji trendu zawartości miedzi zaleca się przeprowadzić kolejne badanie za około 500mth. Proszę obserwować zmiany w następnej analizie.","{""lepkość"": ""w_normie"", ""temperatura_zapłonu"": ""w_normie"", ""metale_zużyciowe"": ""w_normie""}",1,WSKAZÓWKA
P2107309,"Oznaczona lepkość w normie dla oleju klasy SAE 40. Temperatura zapłonu w zakresie akceptowalnym. Zawartość sodu w trendzie stabilnym (wskazuje na zanieczyszczenie oleju płynem chłodniczym). Poziom metalicznych produktów zużycia w normie.

Wnioski i zalecenia:

W celu obserwacji zmian zaleca się przeprowadzić kolejne badanie za około 500mth.","{""lepkość"": ""w_normie"", ""temperatura_zapłonu"": ""w_akceptowalnym_zakresie"", ""metale_zużyciowe"": ""w_normie""}",1,WSKAZÓWKA
P2107668,"Oznaczona lepkość w normie dla oleju klasy SAE 50. Temperatura zapłonu w normie. W porównaniu do poprzednich badań stwierdzono lekki wzrost zawartości zanieczyszczeń - sodu oraz krzemu oznaczonych w badaniu pierwiastków (cząstki <5µm). Wzrost zawartości cząstek zużyciowych, nie krytyczny. W próbce nie stwierdzono obecności paliwa ani płynu chłodniczego.



Zalecenia i wnioski:

Proszę obserwować zmiany w następnej analizie, zgodnie z przyjętym harmonogramem diagnostyki.","{""lepkość"": ""w_normie"", ""temperatura_zapłonu"": ""w_normie""}",1,WSKAZÓWKA
P2107673,"Oznaczona lepkość poniżej zakresu dopuszczalnego dla oleju klasy SAE 50 (mieści się w zakresie typowym dla klasy SAE 40). Temperatura zapłonu na akceptowalnym poziomie. Nie stwierdzono niepokojącego zanieczyszczenia oleju (lekko podwyższona zawartość sodu prowdopodobnie jest pozostałością sprzed wymiany). Zawartość cząstek zużyciowych w normie.



Zalecenia i wnioski:

Jeśli oznaczona lepkość spełnia wymagania producenta silnika olej kwalifikuje się do dalszej eksploatacji, w przeciwnym razie wskazana jest wymiana oleju na świeży. Proszę obserwować zmiany w następnych badaniach. ","{""lepkość"": ""w_normie"", ""temperatura_zapłonu"": ""w_akceptowalnym_zakresie"", ""metale_zużyciowe"": ""w_normie""}",0,WSKAZÓWKA
P2107801,"Oznaczona lepkość poniżej zakresu dopuszczalnego dla oleju klasy SAE 50 (mieści się w zakresie typowym dla klasy SAE 40). Temperatura zapłonu w normie. Zawartość stałych zanieczyszczeń w normie. Własności dyspergujące w normie. Nie stwierdzono niepokojącego zanieczyszczenia oleju.



Zalecenia i wnioski:

Jeśli oznaczona lepkość spełnia wymagania producenta silnika olej kwalifikuje się do dalszej eksploatacji, w przeciwnym razie wskazana jest wymiana oleju na świeży. Proszę obserwować zmiany w następnych badaniach. ","{""lepkość"": ""w_normie"", ""temperatura_zapłonu"": ""w_normie"", ""zanieczyszczenia_stałe"": ""w_normie""}",1,WSKAZÓWKA
P2108049,"Lepkość oleju utrzymuje się na stabilnym, niskim poziomie. Temperatura zapłonu na akceptowalnym poziomie. Liczba zasadowa w bezpiecznym zakresie. Własności dyspergujące w normie. Zawartość cząstek zużyciowych w normie. Nie stwierdzono niepokojącego zanieczyszczenia oleju.



Zalecenia i wnioski:

Proszę zweryfikować wymagania producenta silnika dotyczące lepkości eksploatowanego oleju, w razie konieczności przeprowadzić wymianę oleju na świeży. W przypadku dalszego użytkowania oleju zalecana jest obserwacja zmian w kolejnym badaniu nie później niż za 500mth. ","{""temperatura_zapłonu"": ""w_akceptowalnym_zakresie"", ""liczba_zasadowa"": ""w_zakresie_bezpiecznym"", ""metale_zużyciowe"": ""w_normie""}",1,WSKAZÓWKA
P2108081,"Lepkość oleju w zakresie granicznym dla klasy SAE 40. Liczba zasadowa na bezpiecznym poziomie. Zawartość stałych zanieczyszczeń w normie. Na widmie w podczerwieni nie stwierdzono charakterystycznych zmian świadczących o podwyższonej zawartości wody lub płynu chłodniczego. Zawartość metalicznych cząstek zużyciowych w normie.



Zalecenia i wnioski:

Zalecana jest obserwacja zmian w kolejnym badaniu nie później niż za 500mth.","{""lepkość"": ""w_zakresie_granicznym"", ""liczba_zasadowa"": ""w_zakresie_bezpiecznym"", ""zanieczyszczenia_stałe"": ""w_normie"", ""metale_zużyciowe"": ""w_normie""}",0,WSKAZÓWKA
P2108083,"Lepkość oleju w zakresie granicznym dla klasy SAE 40. Liczba zasadowa na bezpiecznym poziomie. Zawartość stałych zanieczyszczeń w normie. Na widmie w podczerwieni nie stwierdzono charakterystycznych zmian świadczących o podwyższonej zawartości wody lub płynu chłodniczego. Zawartość metalicznych cząstek zużyciowych w dopuszczalnym zakresie.



Zalecenia i wnioski:

Zalecana jest obserwacja zmian w kolejnym badaniu nie później niż za 500mth.","{""lepkość"": ""w_zakresie_granicznym"", ""liczba_zasadowa"": ""w_zakresie_bezpiecznym"", ""zanieczyszczenia_stałe"": ""w_normie"", ""metale_zużyciowe"": ""w_dopuszczalnym_zakresie""}",0,WSKAZÓWKA
P2108163,"Oznaczona lepkość w normie dla oleju klasy SAE 40. Temperatura zapłonu w normie. Zawartość cząstek zużyciowych na wysokim poziomie jednak w porównaniu do poprzedniego badania nie stwierdzono przyrostu.



Zalecenia i wnioski:

Wskazana jest intensywna obserwacja zmian w kolejnych badaniach. Zalecamy przeprowadzenie kolejnej analizy nie później niż za 500mth.","{""lepkość"": ""w_normie"", ""temperatura_zapłonu"": ""w_normie""}",1,WSKAZÓWKA
P2108171,"Oznaczona lepkość w zakresie typowym dla klasy SAE 40. Temperatura zapłonu na poziomie akceptowalnym. W porównaniu do poprzedniego badania stwierdzono skokowy wzrost zawartości metalicznych cząstek zużyciowych.Na widmie w podczerwieni nie stwierdzono charakterystycznych zmian świadczących o obecności płynu chłodniczego. 

Zalecenia i wnioski:

Zalecana jest wymiana oleju na świeży o ile jeszcze nie nastąpiła. Proszę obserwować zmiany w kolejnym badaniu za około 500mth. ","{""lepkość"": ""w_normie"", ""temperatura_zapłonu"": ""w_akceptowalnym_zakresie""}",2,WSKAZÓWKA
P2108680,"Oznaczona lepkość w zakresie typowym dla klasy SAE 40. Liczba zasadowa na bezpiecznym poziomie. Zawartość stałych zanieczyszczeń powyżej oczekiwanej. Zawartość cząstek zużyciowych w normie. Na widmie w podczerwieni nie stwierdzono charakterystycznych zmian świadczących o obecności glikolu w próbce.



Zalecenia i wnioski:

Zalecana jest kontrola stanu i ewentualna wymiana filtrów. Proszę obserwować zmiany w kolejnym badaniu zgodnie z przyjętym harmonogramem diagnostyki.","{""lepkość"": ""w_normie"", ""liczba_zasadowa"": ""w_zakresie_bezpiecznym"", ""metale_zużyciowe"": ""w_normie"", ""glikol"": ""brak_wykrycia""}",0,WSKAZÓWKA
P2109451,"Oznaczona lepkość w normie. Zawartość stałych ciał obcych w normie. Liczba zasadowa w normie. Własności dyspergujące w normie. Temperatura zapłonu w normie. Na widmie IR widoczne zanieczyszczenie sadzą - trend wzrostowy. Zawartość wody w normie. Poziom metalicznych produktów zużycia w normie. 

Wnioski i zalecenia:

Proszę obserwować zmiany w następnej analizie. W celu śledzenia trendu zmian proszę przesłać kolejną próbkę do badania po okresie ok. 500 mth pracy silnika. ","{""lepkość"": ""w_normie"", ""stałe_ciała_obce"": ""w_normie"", ""liczba_zasadowa"": ""w_normie"", ""temperatura_zapłonu"": ""w_normie"", ""woda"": ""w_normie"", ""metale_zużyciowe"": ""w_normie""}",1,WSKAZÓWKA
P2109541,"Lepkość oleju w zakresie typowym dla klasy SAE 30. Temperatura zapłonu w zakresie granicznym. Zawartość cząstek zużyciowych w normie. Na widmie w podczerwieni nie stwierdzono charakterystycznych zmian świadczących o podwyższonej zawartości płynu chłodniczego w próbce.



Zalecenia i wnioski:

Nie podaliście Państwo danych dotyczących eksploatowanego oleju (nazwy ani klasy lepkości). Jeśli jest to olej klasy SAE 30, kwalifikuje się on do dalszej eksploatacji. Jeśli w eksploatacji jest olej klasy wyższej (SAE 40 lub SAE 50) wskazane jest przeprowadzenie wymiany oleju na świeży, w tej sytuacji zalecana jest także kontrola układu doprowadzania paliwa do silnika. Proszę wykonać kolejne badanie zgodnie z przyjętym harmonogramem diagnostyki.","{""lepkość"": ""w_normie"", ""temperatura_zapłonu"": ""w_zakresie_granicznym"", ""metale_zużyciowe"": ""w_normie""}",1,WSKAZÓWKA
P2109827,"Stosunek zawartości wody i glikolu w normie. Odczyn pH w normie, nie wskazuje na podwyższone ryzyko intensywnego przebiegu procesów korozji. Rezerwa alkaliczna lekko powyżej oczekiwanej. Zawartość azotynów na dobrym poziomie, wskazuje na właściwy poziom ochrony przed kawitacją erozyjną. Nie stwierdzono niepokojącego zanieczyszczenia mikrobiologicznego. 



Zalecenia i wnioski:

Proszę obserwować zmiany w kolejnym badaniu nie później niż za 1500mth pracy.","{""woda"": ""w_normie"", ""glikol"": ""w_normie"", ""ph"": ""w_normie""}",0,WSKAZÓWKA
P2110025,"Lepkość oleju utrzymuje się na stabilnym, niskim poziomie. Zawartość stałych ciał obcych w normie. Temperatura zapłonu na akceptowalnym poziomie. Liczba zasadowa w bezpiecznym zakresie. Własności dyspergujące w normie. Poziom metalicznych produktów zużycia oznaczony w badaniu pierwiastków (cząstki o rozmiarze <5um) w normie. Indeks PQ w normie.

Zalecenia i wnioski:

Proszę zweryfikować wymagania producenta silnika dotyczące lepkości eksploatowanego oleju, w razie konieczności przeprowadzić wymianę oleju na świeży. W przypadku dalszego użytkowania oleju zalecana jest obserwacja zmian w kolejnym badaniu nie później niż za 500mth. ","{""stałe_ciała_obce"": ""w_normie"", ""temperatura_zapłonu"": ""w_akceptowalnym_zakresie"", ""liczba_zasadowa"": ""w_zakresie_bezpiecznym"", ""metale_zużyciowe"": ""w_normie"", ""pq_indeks"": ""w_normie""}",1,WSKAZÓWKA
P2110782,"Klasa czystości w zakresie akceptowalnym. Zawartość wody w normie.

Zalecenia i wnioski:

Wykonać kolejne badanie zgodnie z harmonogramem diagnostyki. ","{""klasa_czystości"": ""w_akceptowalnym_zakresie"", ""woda"": ""w_normie""}",0,WSKAZÓWKA
P2110865,"Oznaczona lepkość poniżej wartości oczekiwanej. Własności dyspergujące w normie. Temperatura zapłonu w normie. Pozostałość po spopieleniu w normie. Indeks PQ informujący o zawartości cząstek ferromagnetycznych (niezależnie od rozmiaru cząstek) w normie.

Wnioski i zalecenia:

Ze względu na obniżoną lepkość zalecane jest przeprowadzenie wymiany oleju na świeży. Przeprowadzić kolejne badanie zgodnie z harmonogramem diagnostyki olejowej. Proszę obserwować zmiany w następnej analizie.","{""temperatura_zapłonu"": ""w_normie"", ""pozostałość_po_spopieleniu"": ""w_normie"", ""pq_indeks"": ""w_normie""}",1,UWAGA
P2110898,"Poziom metalicznych produktów zużycia oznaczony w badaniu pierwiastków (cząstki o rozmiarze <5 mikronów) w normie. Wysoka zawartość ołowiu pochodzi z paliwa lotniczego i jest to sytuacja normalna dla tłokowych silników lotniczych.

Wnioski i zalecenia:

Przeprowadzić kolejne badanie zgodnie z harmonogramem diagnostyki olejowej. Proszę obserwować zmiany w następnej analizie.","{""metale_zużyciowe"": ""w_normie""}",1,WSKAZÓWKA
P2110947,"Oznaczona lepkość w normie dla oleju klasy SAE 40. Zawartość stałych ciał obcych w normie. Własności dyspergujące w normie. Temperatura zapłonu w zakresie akceptowalnym. 

Wnioski i zalecenia:

Proszę obserwować zmiany w następnej analizie. Wykonać kolejne badanie zgodnie z harmonogramem diagnostyki olejowej. ","{""lepkość"": ""w_normie"", ""stałe_ciała_obce"": ""w_normie"", ""temperatura_zapłonu"": ""w_akceptowalnym_zakresie""}",1,W NORMIE
P2110955,"Zawartość metali zużyciowych w normie - trend stabilny. Podniesiona zawartość ołowiu pochodzi z paliwa lotniczego i jest to sytuacja normalna dla lotniczych silników tłokowych. Wystąpił lekki wzrost zawartości krzemu - możliwe zanieczyszczenia z otoczenia (kurz/pył), zalecana kontrola układu doprowadzania powietrza oraz filtra pod kątem ewentualnych nieszczelności. 

Wnioski i zalecenia:

Oznaczone parametry nie wskazują na niepokojące procesy zużycia zachodzące w silniku. Obserwować zmiany w kolejnych analizach. Przesłać do badania kolejną próbkę zgodnie z harmonogramem. ","{""metale_zużyciowe"": ""w_normie""}",0,WSKAZÓWKA
P2111192,"Zawartość glikolu w normie. Gęstość w normie. Temperatura krystalizacji w normie. Rezerwa alkaliczna w normie. Odczyn pH w normie. Poziom ochrony przed kawitacją erozyjną w normie. Płyn jest znacznie zanieczyszczony i mętny.
Zalecenia i wnioski:
Obserwować zmiany w następnej analizie. Wykonać badanie kontrolne za 1500mth pracy.","{""glikol"": ""w_normie"", ""temperatura_krystalizacji"": ""w_normie"", ""rezerwa_alkaliczna"": ""w_normie"", ""ph"": ""w_normie""}",0,WSKAZÓWKA
P2111197,"Oznaczona lepkość w normie. Temperatura zapłonu w normie. Poziom miedzi utrzymuje się w stabilnym trendzie. Poziom pozostałych metalicznych produktów zużycia w normie.

Wnioski i zalecenia:

W celu obserwacji trendu zawartości miedzi zaleca się przeprowadzić kolejne badanie zgodnie z harmonogramem diagnostyki.","{""lepkość"": ""w_normie"", ""temperatura_zapłonu"": ""w_normie"", ""metale_zużyciowe"": ""w_normie""}",1,WSKAZÓWKA
P2111595,"Lepkość oleju w normie dla klasy SAE 40. Temperatura zapłonu w normie. Zawartość stałych zanieczyszczeń w normie. Zawartość wody w normie. Widmo w podczerwieni wskazuje na wysoką zawartość sadzy w oleju, nie stwierdzono charakterystycznych zmian świadczących o obecności płynu chłodniczego. W badaniu pierwiastków nie stwierdzono niepokojącego zanieczyszczenia oleju. Zawartość cząstek metalicznych w dopuszczalnym zakresie, nie wskazuje na intensywny przebieg procesów korozji lub zużycia w obrębie układu olejowego.



Zalecenia i wnioski:

Zalecana jest kontrola stanu i ewentualna wymiana filtrów. Proszę obserwować zmiany w kolejnym badaniu zgodnie z przyjętym harmonogramem diagnostyki.","{""lepkość"": ""w_normie"", ""temperatura_zapłonu"": ""w_normie"", ""zanieczyszczenia_stałe"": ""w_normie"", ""woda"": ""w_normie"", ""sadza"": ""brak_wykrycia"", ""metale_zużyciowe"": ""w_dopuszczalnym_zakresie""}",1,WSKAZÓWKA
P2111812,"Oznaczona lepkość w normie dla klasy SAE 50. Temperatura zapłonu w normie. W porównaniu do poprzedniego badania nie stwierdzono krytycznego przyrostu zawartości cząstek zużyciowych. Nie stwierdzono podwyższonej zawartości paliwa ani płynu chłodniczego. Widmo w podczerwieni świadczy o wysokiej zawartości sadzy w oleju. 



Zalecenia i wnioski:

Wskazana jest wymiana filtrów. Zalecana jest obserwacja zmian w kolejnym badaniu nie później niż za 500mth.","{""lepkość"": ""w_normie"", ""temperatura_zapłonu"": ""w_normie""}",2,WSKAZÓWKA
P2111858,"Oznaczona lepkość w normie. Temperatura zapłonu w normie. Poziom miedzi utrzymuje się w stabilnym trendzie. Poziom pozostałych metalicznych produktów zużycia w normie.

Wnioski i zalecenia:

W celu obserwacji trendu zawartości miedzi zaleca się przeprowadzić kolejne badanie zgodnie z harmonogramem diagnostyki.","{""lepkość"": ""w_normie"", ""temperatura_zapłonu"": ""w_normie"", ""metale_zużyciowe"": ""w_normie""}",1,WSKAZÓWKA
P2111973,"Zawartość zawartość stałych zanieczyszczeń podwyższona (parametr mieści się w akceptowalnym zakresie). Pozostałe oznaczone parametry w normie.

Zalecenia i wnioski:

Zalecana jest kontrola stanu i ewentualna wymiana filtrów. Proszę obserwować zmiany w kolejnym badaniu zgodnie z przyjętym harmonogramem diagnostyki.    ","{""pozostałe_parametry"": ""w_normie"", ""zanieczyszczenia_stałe"": ""w_akceptowalnym_zakresie""}",0,WSKAZÓWKA
P2112099,"Oznaczona lepkość w normie dla oleju klasy SAE 40. Temperatura zapłonu w normie. Poziom miedzi utrzymuje się w stabilnym trendzie. Pozostałe metale zużyciowe w normie.

Zalecenia i wnioski:

W celu obserwacji trendu miedzi proszę o wykonanie kolejnej analizy w okresie 500mth pracy silnika.","{""lepkość"": ""w_normie"", ""temperatura_zapłonu"": ""w_normie""}",1,WSKAZÓWKA
P2113370,"Oznaczona lepkość lekko poniżej dolnego zakresu granicznego dla oleju klasy SAE 40. Temperatura zapłonu w normie. Nie stwierdzono niepokojącego zanieczyszczenia oleju glikolem czy olejem napędowym. 

Zalecenia i wnioski:

Proszę zweryfikować czy olej o oznaczonej lepkości kwalifikuje się do eksploatacji w danej aplikacji. W razie potrzeby wymienić olej na świeży. Wykonać kolejne badanie po przeprowadzeniu zabiegów korygujących.","{""lepkość"": ""w_zakresie_granicznym"", ""temperatura_zapłonu"": ""w_normie"", ""glikol"": ""brak_wykrycia""}",1,WSKAZÓWKA
P2113407,"Oznaczona lepkość  dla klasy SAE 40 w normie. Temperatura zapłonu w normie. Zawartość miedzi podwyższona w dopuszczalnym limicie. Poziom pozostałych  metalicznych produktów zużycia oznaczony w badaniu pierwiastków (cząstki o rozmiarze <5um) w normie.

Wnioski i zalecenia:

W celu śledzenia trendu zawartości miedzi proszę przeprowadzić kolejne badanie po okresie 500 mth pracy silnika.","{""lepkość"": ""w_normie"", ""temperatura_zapłonu"": ""w_normie"", ""miedź"": ""w_dopuszczalnym_zakresie"", ""metale_zużyciowe"": ""w_normie""}",1,WSKAZÓWKA
P2113645,"Lepkość oleju mieści się w zakresie typowym dla klasy SAE 40. Temperatura zapłonu w normie. W porównaniu do poprzedniej analizy nie stwierdzono niepokojącego przyrostu zawartości cząstek zużyciowych. Zawartość zanieczyszczeń utrzymuje się na stabilnym poziomie. 



Zalecenia i wnioski:

Zalecana jest obserwacja zmian w kolejnym badaniu za około 500mth.","{""lepkość"": ""w_normie"", ""temperatura_zapłonu"": ""w_normie""}",1,WSKAZÓWKA
P2113651,"Oznaczona lepkość w normie. Temperatura zapłonu w normie. Olej wykazuje znaczną obecność nierozproszonej sadzy. Poziom metalicznych produktów zużycia oznaczony w badaniu pierwiastków (cząstki o rozmiarze <5um) w normie. 

Zalecenia i wnioski:

Zalecana wymiana oleju ze względu na obecność sadzy w oleju. Wykonać kolejne badanie zgodnie z założonym harmonogramem.","{""lepkość"": ""w_normie"", ""temperatura_zapłonu"": ""w_normie"", ""metale_zużyciowe"": ""w_normie""}",1,WSKAZÓWKA
P2113797,"Oznaczona lepkość dla klasy SAE 40 w normie. Temperatura zapłonu w normie. Skokowy wzrost zawartości miedzi. Poziom pozostałych metalicznych produktów zużycia ( cząstki orozmiarze <5um) w normie.



Wnioski i zalecenia:

Prosimy o niezwłoczne przesłanie próbki weryfikującej. ","{""lepkość"": ""w_normie"", ""temperatura_zapłonu"": ""w_normie"", ""metale_zużyciowe"": ""w_normie""}",1,UWAGA
P2114333,"Lepkość w dopuszczalnym zakresie. Temperatura zapłonu w normie. Własności dyspergujące w normie. Indeks PQ w normie. Widmie w podczerwieni wskazuje na wysoką zawartość sadzy, nie stwierdzono charakterystycznych zmian świadczących o zanieczyszczeniu oleju wodą lub płynem chłodniczym.



Zalecenia i wnioski:

Zalecana jest kontrola i ewentualna wymiana filtrów. Proszę obserwować zmiany w kolejnym badaniu zgodnie z przyjętym harmonogramem diagnostyki.","{""lepkość"": ""w_dopuszczalnym_zakresie"", ""temperatura_zapłonu"": ""w_normie"", ""pq_indeks"": ""w_normie"", ""płyn_chłodniczy"": ""brak_wykrycia"", ""sadza"": ""brak_wykrycia""}",0,WSKAZÓWKA
P2114419,"Oznaczona lepkość w normie. Zawartość stałych ciał obcych w normie. Rezerwa alkaliczna znajduje się jeszcze w bezpiecznym zakresie. Zawartość wody w normie. Poziom metalicznych produktów zużycia w normie, świadczy o braku intensywnych procesów korozji/zużycia w smarowanym układzie. Nie stwierdzono niepokojącej oksydacji.

Zalecenia i wnioski:

Ze względu na wyczerpywanie się rezerwy alkalicznej zalecam wzmożony monitoring parametrów starzeniowych oleju w następnych analizach. Proszę przysłać kolejną próbkę do badań nie później niż za kwartał licząc od momentu pobrania próbki aktualnej.","{""lepkość"": ""w_normie"", ""stałe_ciała_obce"": ""w_normie"", ""rezerwa_alkaliczna"": ""w_zakresie_bezpiecznym"", ""woda"": ""w_normie"", ""metale_zużyciowe"": ""w_normie"", ""oksydacja"": ""brak_wykrycia""}",0,WSKAZÓWKA
P2114421,"Oznaczona lepkość w normie. Zawartość stałych ciał obcych w normie. Rezerwa alkaliczna znajduje się jeszcze w bezpiecznym zakresie. Zawartość wody w normie. Poziom metalicznych produktów zużycia w normie, świadczy o braku intensywnych procesów korozji/zużycia w smarowanym układzie. Nie stwierdzono niepokojącej oksydacji.

Zalecenia i wnioski:

Ze względu na wyczerpywanie się rezerwy alkalicznej zalecam wzmożony monitoring parametrów starzeniowych oleju w następnych analizach. Proszę przysłać kolejną próbkę do badań nie później niż za kwartał licząc od momentu pobrania próbki aktualnej.","{""lepkość"": ""w_normie"", ""stałe_ciała_obce"": ""w_normie"", ""rezerwa_alkaliczna"": ""w_zakresie_bezpiecznym"", ""woda"": ""w_normie"", ""metale_zużyciowe"": ""w_normie"", ""oksydacja"": ""brak_wykrycia""}",1,WSKAZÓWKA
P2114465,"Lepkość w 100°C w normie dla klasy SAE 40. Temperatura zapłonu na dopuszczalnym poziomie. Zawartość cząstek zużyciowych mieści się w dopuszczalnym zakresie. Widmo w podczerwieni wskazuje na wysoką zawartość sadzy, nie stwierdzono charakterystycznych zmian świadczących o zanieczyszczeniu oleju płynem chłodniczym.



Zalecenia i wnioski:

Zalecana jest kontrola stanu i ewentualna wymiana filtrów. Proszę obserwować zmiany w kolejnym badaniu, zalecane jest przeprowadzenie kolejnej analizy za 500mth.","{""lepkość"": ""w_normie"", ""temperatura_zapłonu"": ""w_dopuszczalnym_zakresie"", ""metale_zużyciowe"": ""w_dopuszczalnym_zakresie"", ""płyn_chłodniczy"": ""brak_wykrycia"", ""sadza"": ""brak_wykrycia""}",1,WSKAZÓWKA
P2114496,"Lepkość w normie dla klasy SAE40. Temperatura zapłonu w normie. W porównaniu do poprzedniego badania nie stwierdzono przyrostu zawartości cząstek zużyciowych. Widmo w podczerwieni wskazuje na wysoką zawartość sadzy, nie stwierdzono charakterystycznych zmian świadczących o zanieczyszczeniu oleju płynem chłodniczym.



Zalecenia i wnioski:

Zalecana jest kontrola stanu i ewentualna wymiana filtrów. Proszę obserwować zmiany w kolejnym badaniu zgodnie z przyjętym harmonogramem diagnostyki.","{""lepkość"": ""w_normie"", ""temperatura_zapłonu"": ""w_normie"", ""płyn_chłodniczy"": ""brak_wykrycia"", ""sadza"": ""brak_wykrycia""}",0,WSKAZÓWKA
P2115298,"Oznaczona lepkość poniżej zakresu typowego dla oleju klasy SAE 50 (mieści się w zakresie typowym dla oleju klasy SAE 40). Temperatura zapłonu na poziomie akceptowalnym. W porównaniu do poprzedniej analizy nie stwierdzono niepokojącego wzrostu zawartości cząstek zużyciowych. Na widmie w podczerwieni nie stwierdzono charakterystycznych zmian wskazujących na podwyższoną zawartość płynu chłodniczego w oleju.  





Zalecenia i wnioski:

Proszę zweryfikować wymagania producenta silnika dotyczące lepkości, w razie konieczności przeprowadzić wymianę oleju na świeży. W przypadku dalszego użytkowania oleju zalecana jest obserwacja zmian w kolejnym badaniu za 500mth.","{""lepkość"": ""w_normie"", ""temperatura_zapłonu"": ""w_akceptowalnym_zakresie""}",1,WSKAZÓWKA
P2115491,"Wyraźny spadek lepkości oraz temperatury zapłonu w stosunku do ostatnich analiz. Zawartość ciał stałych w normie. Własności dyspergujące w normie.

Wnioski i zalecenia:

Uzyskane wyniki wskazują na zanieczyszczenie oleju paliwem. Konieczna jest wymiana oleju na świeży oraz kontrola układu paliwowego pod kątem ewentualnych przecieków. ","{""stałe_ciała_obce"": ""w_normie""}",2,UWAGA
P2115549,"Lepkość oleju w zakresie granicznym dla klasy SAE 40. Temperatura zapłonu w normie. Nie stwierdzono podwyższonej zawartości cząstek metalicznych wskazującej na intensywny przebieg procesów korozji lub zużycia smarowanych elementów. Nie stwierdzono niepokojącego zanieczyszczenia oleju.



Zalecenia i wnioski:

Olej kwalifikuje się do dalszej eksploatacji jednak zalecana jest obserwacja zmian w kolejnym badaniu za 500mth.","{""lepkość"": ""w_zakresie_granicznym"", ""temperatura_zapłonu"": ""w_normie""}",0,WSKAZÓWKA
P2115552,"Lepkość oleju w zakresie granicznym dla klasy SAE 40. Temperatura zapłonu w normie. W porównaniu do poprzednich badań nie stwierdzono krytycznego wzrostu zawartości cząstek zużyciowych (mieści się ona w zakresie akceptowalnym). Na widmie w podczerwieni nie stwierdzono charakterystycznych zmian świadczących o zanieczyszczeniu oleju płynem chłodniczym.



Zalecenia i wnioski:

Olej kwalifikuje się do dalszej eksploatacji. Zalecane jest wykonanie kolejnego badania za 500mth. ","{""lepkość"": ""w_zakresie_granicznym"", ""temperatura_zapłonu"": ""w_normie"", ""płyn_chłodniczy"": ""brak_wykrycia""}",1,WSKAZÓWKA
P2115603,"Lepkość w normie dla klasy SAE 40. Temperatura zapłonu w normie. Zawartość ciał stałych w zakresie akceptowalnym. Zawartość wody w normie. 

Wnioski i zalecenia:

Zalecana kontrola stanu filtra. Wykonać kolejne badanie zgodnie z harmonogramem. ","{""lepkość"": ""w_normie"", ""temperatura_zapłonu"": ""w_normie"", ""stałe_ciała_obce"": ""w_akceptowalnym_zakresie"", ""woda"": ""w_normie""}",1,W NORMIE
P2115645,"Dodatki uszlachetniające na oczekiwanym poziomie. Oznaczona lepkość w normie dla oleju klasy SAE 40. Temperatura zapłonu w zakresie granicznym. Poziom metalicznych produktów zużycia określony w badaniu pierwiastków (cząstki <5um) w normie. Indeks PQ w normie.

Wnioski i Zalecenia:

Proszę obserwować zmiany trendu w następnej analizie. Zalecane jest wykonanie kolejnego badania za około 500mth. ","{""lepkość"": ""w_normie"", ""temperatura_zapłonu"": ""w_zakresie_granicznym"", ""metale_zużyciowe"": ""w_normie"", ""pq_indeks"": ""w_normie""}",0,WSKAZÓWKA
P2115646,"Lepkość w normie dla oleju klasy SAE 40. Temperatura zapłonu na akceptowalnym poziomie. Nie stwierdzono podwyższonej zawartości cząstek zużyciowych. Widmo w podczerwieni wskazuje na podwyższoną zawartość sadzy w oleju, nie stwierdzono charakterystycznych zmian świadczących o zanieczyszczeniu oleju płynem chłodniczym.



Zalecenia i wnioski:

Zalecana jest kontrola stanu i ewentualna wymiana filtrów. Proszę obserwować zmiany w następnej analizie zgodnie z przyjętym harmonogramem diagnostyki.","{""lepkość"": ""w_normie"", ""temperatura_zapłonu"": ""w_akceptowalnym_zakresie"", ""płyn_chłodniczy"": ""brak_wykrycia"", ""sadza"": ""brak_wykrycia""}",1,WSKAZÓWKA
P2115904,"Oznaczona lepkość na poziomie akceptowalnym w trendzie malejącym. Własności dyspergujące pogorszone. Temperatura zapłonu w dopuszczalnym zakresie. Widmo w podczerwieni wskazuje na wysoką zawartość sadzy. Zawartość wody w normie. Indeks PQ w normie.

Wnioski i zalecenia: 

Ze względu na pogorszone parametry oleju zalecana jest wymiana oleju na świeży. Przeprowadzić kolejne badanie zgodnie z harmonogramem diagnostyki olejowej. Proszę obserwować zmiany w następnej analizie.","{""lepkość"": ""w_akceptowalnym_zakresie"", ""temperatura_zapłonu"": ""w_dopuszczalnym_zakresie"", ""woda"": ""w_normie"", ""pq_indeks"": ""w_normie""}",1,UWAGA
P2116385,"Lepkość na granicy zakresów typowych dla klasy SAE 40 i SAE 50. Temperatura zapłonu na dopuszczalnym poziomie. Liczba zasadowa na bezpiecznym poziomie. Własności dyspergujące w normie. Zawartości cząstek zużyciowych na akceptowalnym poziomie. Zawartość wody w normie. Zawartość stałych zanieczyszczeń w normie. Na widmie w podczerwieni nie stwierdzono charakterystycznych zmian świadczących o zanieczyszczeniu oleju płynem chłodniczym.



Zalecenia i wnioski:

Proszę obserwować zmiany w kolejnej analizie. Zalecana jest wykonanie kolejnego badania za 500mth.","{""temperatura_zapłonu"": ""w_dopuszczalnym_zakresie"", ""liczba_zasadowa"": ""w_zakresie_bezpiecznym"", ""metale_zużyciowe"": ""w_akceptowalnym_zakresie"", ""woda"": ""w_normie"", ""zanieczyszczenia_stałe"": ""w_normie"", ""płyn_chłodniczy"": ""brak_wykrycia""}",1,WSKAZÓWKA
P2116603,"Oznaczona lepkość dla klasy SAE 40 w normie. Temperatura zapłonu w normie. Poziom metalicznych produktów zużycia oznaczony w badaniu pierwiastków (cząstki o rozmiarze <5 um) w normie. 

Wnioski i zalecenia: 

Zawartość miedzi  znajduje się w zakresie akceptowalnym, jednak jest to powiązane z małą ilością godzin oleju będącego w eksploatacji. W porównaniu z poprzednimi  badaniami zauważa się stała dynamikę przyrostu miedzi. Proszę rozważyć podjęcie akcji serwisowej.  

Proszę obserwować zmiany w następnej analizie. Wykonać kolejne badanie zgodnie z przyjętym harmonogramem diagnostyki.","{""lepkość"": ""w_normie"", ""temperatura_zapłonu"": ""w_normie"", ""metale_zużyciowe"": ""w_normie""}",1,WSKAZÓWKA
P2117009,"Oznaczona lepkość dla klasy SAE 40 w normie. Temperatura zapłonu w normie. Poziom metalicznych produktów zużycia oznaczony w badaniu pierwiastków (cząstki o rozmiarze <5 um) w normie.

Wnioski i zalecenia: 

Zawartość miedzi  znajduje się w zakresie akceptowalnym, jednak jest to powiązane z mniejszą ilością godzin oleju będącego w eksploatacji. W porównaniu z poprzednimi  badaniami zauważa się stała dynamikę przyrostu miedzi. W celu śledzenia trendu zawartości miedzi proszę wykonać kolejne badanie po 500 mth pracy lokomotywy. Proszę obserwować zmiany w następnej analizie.","{""lepkość"": ""w_normie"", ""temperatura_zapłonu"": ""w_normie"", ""metale_zużyciowe"": ""w_normie""}",1,WSKAZÓWKA
P2117010,"Oznaczona lepkość dla klasy SAE 40 w normie. Temperatura zapłonu w normie. Poziom metalicznych produktów zużycia oznaczony w badaniu pierwiastków (cząstki o rozmiarze <5 um) w normie.

Wnioski i zalecenia: 

Zawartość miedzi  znajduje się w zakresie akceptowalnym, jednak jest to powiązane z mniejszą ilością godzin oleju będącego w eksploatacji. W porównaniu z poprzednimi  badaniami zauważa się stała dynamikę przyrostu miedzi. W celu śledzenia trendu zawartości miedzi proszę wykonać kolejne badanie po 500 mth pracy lokomotywy. Proszę obserwować zmiany w następnej analizie.","{""lepkość"": ""w_normie"", ""temperatura_zapłonu"": ""w_normie"", ""metale_zużyciowe"": ""w_normie""}",1,WSKAZÓWKA
P2117069,"Lepkość w zakresie granicznym dla klasy SAE 50. Temperatura zapłonu w normie. Zawartość cząstek zużyciowych w normie. Na widmie w podczerwieni nie stwierdzono charakterystycznych zmian świadczących o zanieczyszczeniu oleju płynem chłodniczym.



Zalecenia i wnioski:

Zalecana jest obserwacja zmian w kolejnym badaniu za 500mth. ","{""lepkość"": ""w_zakresie_granicznym"", ""temperatura_zapłonu"": ""w_normie"", ""metale_zużyciowe"": ""w_normie"", ""płyn_chłodniczy"": ""brak_wykrycia""}",0,WSKAZÓWKA
P2117087,"Oznaczona lepkość dla klasy SAE 40 w normie. Temperatura zapłonu w normie. Skokowy wzrost zawartość miedzi. Poziom pozostałych  metalicznych produktów zużycia ( cząstki o rozmiarze <5um) w normie.

Wnioski i zalecenia:



Skokowy wzrost zawartości miedzi może wskazywać na zwiększone zużycie elementów w obrębie układu smarnego. Zalecana jest kontrola układu  ukierunkowana na identyfikację źródła podwyższonej miedzi. W celu śledzenia dynamiki zużycia wykonać kolejne badanie za 500mth. Proszę obserwować zmiany w następnej analizie. ","{""lepkość"": ""w_normie"", ""temperatura_zapłonu"": ""w_normie"", ""metale_zużyciowe"": ""w_normie""}",2,UWAGA
P2117456,"Oznaczona lepkość poniżej dolnego zakresu granicznego dla oleju klasy SAE 40. Zawartość stałych ciał obcych w normie. Liczba zasadowa w normie. Własności dyspergujące w bezpiecznym zakresie. Temperatura zapłonu w normie. Zawartość wody w normie. Poziom metalicznych produktów zużycia oznaczony w badaniu pierwiastków (cząstki o rozmiarze <5um) w normie. Indeks PQ w normie.

Zalecenia i wnioski:

Proszę się upewnić, że olej o danej lepkości może być eksploatowany, w przeciwnym wypadku wymienić na świeży. Obserwować zmiany w kolejnej analizie, zgodnie z harmonogramem diagnostyki.","{""lepkość"": ""w_zakresie_granicznym"", ""stałe_ciała_obce"": ""w_normie"", ""liczba_zasadowa"": ""w_normie"", ""temperatura_zapłonu"": ""w_normie"", ""woda"": ""w_normie"", ""metale_zużyciowe"": ""w_normie"", ""pq_indeks"": ""w_normie""}",1,WSKAZÓWKA
P2117489,"Oznaczona lepkość lekko poniżej zakresu dla oleju klasy SAE 40. Na widmie IR widoczne zmiany związane z oksydacją oleju. Temperatura zapłonu w normie. Poziom metalicznych produktów zużycia w normie. Indeks PQ w normie. 

Zalecenia i wnioski:

Skontrolować wymagania producenta urządzenia dot. zakresu dopuszczalnej  lepkości oleju, w razie potrzeby wymienić olej. Przeprowadzić kolejne badanie zgodnie z harmonogramem diagnostyki.","{""temperatura_zapłonu"": ""w_normie"", ""metale_zużyciowe"": ""w_normie"", ""pq_indeks"": ""w_normie""}",1,WSKAZÓWKA
P2117540,"Lepkość w zakresie dopuszczalnym dla klasy SAE 30. Liczba zasadowa mieści się w bezpiecznym zakresie. Nie stwierdzono niepokojąco podwyższonej zawartości cząstek zużyciowych. Na widmie w podczerwieni nie stwierdzono charakterystycznych zmian świadczących o zanieczyszczeniu oleju płynem chłodniczym. Lekki wzrost zawartości stałych zanieczyszczeń.



Zalecenia i wnioski:

Zalecana jest kontrola stanu i ewentualna wymiana filtrów. Proszę obserwować zmiany w kolejnym badaniu zgodnie z przyjętym harmonogramem diagnostyki.","{""lepkość"": ""w_dopuszczalnym_zakresie"", ""liczba_zasadowa"": ""w_zakresie_bezpiecznym"", ""płyn_chłodniczy"": ""brak_wykrycia""}",0,WSKAZÓWKA
P2117541,"Lepkość w zakresie granicznym dla klasy SAE 40. Liczba zasadowa mieści się w bezpiecznym zakresie. Nie stwierdzono podwyższonej zawartości cząstek zużyciowych. Na widmie w podczerwieni nie stwierdzono charakterystycznych zmian świadczących o zanieczyszczeniu oleju płynem chłodniczym. Lekki wzrost zawartości stałych zanieczyszczeń.



Zalecenia i wnioski:

Zalecana jest kontrola stanu i ewentualna wymiana filtrów. Proszę obserwować zmiany w kolejnym badaniu zgodnie z przyjętym harmonogramem diagnostyki.    ","{""lepkość"": ""w_zakresie_granicznym"", ""liczba_zasadowa"": ""w_zakresie_bezpiecznym"", ""płyn_chłodniczy"": ""brak_wykrycia""}",0,WSKAZÓWKA
P2117757,"Lepkość w normie dla klasy SAE40, jednak w trendzie malejącym. Temperatura zapłonu w normie. Poziom metalicznych produktów zużycia wykazuje trend stabilny. Widmo w podczerwieni wskazuje na wysoką zawartość sadzy, nie stwierdzono charakterystycznych zmian świadczących o zanieczyszczeniu oleju płynem chłodniczym.

Zalecenia i wnioski:

Zalecana jest kontrola stanu i ewentualna wymiana filtrów. Proszę obserwować zmiany w kolejnym badaniu zgodnie z przyjętym harmonogramem diagnostyki.","{""lepkość"": ""w_normie"", ""temperatura_zapłonu"": ""w_normie"", ""płyn_chłodniczy"": ""brak_wykrycia"", ""sadza"": ""brak_wykrycia""}",1,WSKAZÓWKA
P2117909,"Oznaczona lepkość poniżej oczekiwanego poziomu. Własności dyspergujące w normie. Temperatura zapłonu w normie. Pozostałość po spopieleniu w normie. Indeks PQ w normie.

Zalecenia i wnioski:

Proszę się upewnić, że olej o danej lepkości może być eksploatowany, w przeciwnym wypadku zaleca się jego wymianę na świeży. Przeprowadzić kolejne badanie zgodnie z harmonogramem diagnostyki olejowej. Proszę obserwować zmiany w następnej analizie.","{""temperatura_zapłonu"": ""w_normie"", ""pozostałość_po_spopieleniu"": ""w_normie"", ""pq_indeks"": ""w_normie""}",1,WSKAZÓWKA
P2200002,"Oznaczona lepkość dla klasy SAE 40 w normie. Temperatura zapłonu w normie. Poziom metalicznych produktów zużycia oznaczony w badaniu pierwiastków (cząstki o rozmiarze <5 um) w normie.

Wnioski i zalecenia: 

Zawartość miedzi  znajduje się w zakresie akceptowalnym, jednak jest to powiązane z  bardzo małą ilością godzin oleju będącego w eksploatacji. W porównaniu z poprzednimi  badaniami  można wywnioskować, że wartość ta może podnieść  się w niedługim czasie

W celu obserwacji trendu zaleca się przeprowadzić kolejne badanie za 500mth. Proszę obserwować zmiany w następnej analizie.","{""lepkość"": ""w_normie"", ""temperatura_zapłonu"": ""w_normie"", ""metale_zużyciowe"": ""w_normie""}",1,WSKAZÓWKA
P2200229,"Oznaczona lepkość dla klasy SAE 40 w normie. Temperatura zapłonu w normie. Skokowy wzrost zawartość miedzi. Poziom pozostałych  metalicznych produktów zużycia ( cząstki o rozmiarze <5um) w normie.

Wnioski i zalecenia:



Skokowy wzrost zawartości miedzi może wskazywać na zwiększone zużycie elementów w obrębie układu smarnego. Zalecana jest kontrola układu  ukierunkowana na identyfikację źródła podwyższonej miedzi. W celu śledzenia dynamiki zużycia wykonać kolejne badanie za 500mth. Proszę obserwować zmiany w następnej analizie. ","{""lepkość"": ""w_normie"", ""temperatura_zapłonu"": ""w_normie"", ""metale_zużyciowe"": ""w_normie""}",2,UWAGA
P2200234,"Oznaczona lepkość w normie dla klasy SAE 40. Temperatura zapłonu w normie. Poziom metalicznych produktów zużycia oznaczony w badaniu pierwiastków (cząstki o rozmiarze <5 um) w normie.

Wnioski i zalecenia: 

Zawartość miedzi  znajduje się w zakresie akceptowalnym, jednak jest to powiązane z  bardzo małą ilością godzin oleju będącego w eksploatacji. W porównaniu z poprzednimi  badaniami  można wywnioskować, że wartość ta może podnieść  się w niedługim czasie

W celu obserwacji trendu zaleca się przeprowadzić kolejne badanie za 500mth. Proszę obserwować zmiany w następnej analizie.","{""lepkość"": ""w_normie"", ""temperatura_zapłonu"": ""w_normie"", ""metale_zużyciowe"": ""w_normie""}",0,WSKAZÓWKA
P2200478,"Lepkość w zakresie akceptowalnym dla klasy SAE 40. Liczba zasadowa na bezpiecznym poziomie. W porównaniu do poprzedniego badania stwierdzono wzrost zawartosci stałych zanieczyszczeń. Zawartość cząstek zużyciowych w normie. Na widmie w podczerwieni nie stwierdzono charakterystycznych zmian świadczących o zanieczyszczeniu oleju płynem chłodniczym.



Zalecenia i wnioski:

Zalecana jest kontrola stanu i ewentualna wymiana filtrów. Proszę obserwować zmiany w kolejnym badaniu zgodnie z przyjętym harmonogramem diagnostyki.     ","{""lepkość"": ""w_akceptowalnym_zakresie"", ""liczba_zasadowa"": ""w_zakresie_bezpiecznym"", ""metale_zużyciowe"": ""w_normie"", ""płyn_chłodniczy"": ""brak_wykrycia""}",0,WSKAZÓWKA
P2200612,"Lepkość oleju w dolnym zakresie granicznym dla klasy SAE 40. Temperatura zapłonu na poziomie akceptowalnym. Rezerwa alkaliczna mieści się w dopuszczalnym zakresie. Własności dyspergujące w normie. Zawartość stałych zanieczyszczeń w normie. Zawartość wody w normie. Zawartość cząstek zużyciowych w normie.

Zalecenia i wnioski:

W celu obserwacji zmian zalecamy przeprowadzenie kolejnego badania po ok. 500mth pracy silnika.","{""lepkość"": ""w_zakresie_granicznym"", ""temperatura_zapłonu"": ""w_akceptowalnym_zakresie"", ""rezerwa_alkaliczna"": ""w_dopuszczalnym_zakresie"", ""zanieczyszczenia_stałe"": ""w_normie"", ""woda"": ""w_normie"", ""metale_zużyciowe"": ""w_normie""}",0,WSKAZÓWKA
P2200702,"Oznaczona lepkość wskazuje na olej klasy SAE 40 (znajduje się poza zakresem lepkościowym dla oleju klasy SAE 50). Temperatura zapłonu w normie. Poziom metalicznych produktów zużycia oznaczony w badaniu pierwiastków (cząstki o rozmiarze <5 mikronów) w normie.

Wnioski i zalecenia:

Zweryfikować zalecenia producenta dotyczące lepkości, jeśli jest nie zgodna to wymienić olej na świeży. Przeprowadzić kolejne badanie zgodnie z harmonogramem diagnostyki olejowej. Proszę obserwować zmiany w następnej analizie.","{""lepkość"": ""w_normie"", ""temperatura_zapłonu"": ""w_normie"", ""metale_zużyciowe"": ""w_normie""}",0,WSKAZÓWKA
P2200766,"Oznaczona lepkość w normie dla klasy SAE 40. Temperatura zapłonu w normie.  Podwyższona zawartość miedzi poza dopuszczalnym limitem. Poziom pozostałych  metalicznych produktów zużycia ( cząstki o rozmiarze <5um) w normie.

Wnioski i zalecenia:

 Ze względu na podwyższoną  zawartość miedzi zaleca się kontrolę elementów układu smarnego  ukierunkowaną na weryfikację źródła podwyższonej miedzi. Proszę obserwować zmiany w następnej analizie. Przeprowadzić kolejne badanie za 500 mth  ","{""lepkość"": ""w_normie"", ""temperatura_zapłonu"": ""w_normie"", ""miedź"": ""w_dopuszczalnym_zakresie"", ""metale_zużyciowe"": ""w_normie""}",2,UWAGA
P2200869,"Oznaczona lepkość w normie dla klasy SAE 40. Temperatura zapłonu w normie. Poziom metalicznych produktów zużycia oznaczony w badaniu pierwiastków (cząstki o rozmiarze <5 um) w normie.

Wnioski i zalecenia: 

Zawartość miedzi  znajduje się w zakresie akceptowalnym, jednak jest to powiązane z małą ilością godzin oleju będącego w eksploatacji. W celu obserwacji trendu zaleca się przeprowadzić kolejne badanie za 500mth. Proszę obserwować zmiany w następnej analizie.","{""lepkość"": ""w_normie"", ""temperatura_zapłonu"": ""w_normie"", ""metale_zużyciowe"": ""w_normie""}",0,WSKAZÓWKA
P2201016,"W stosunku do  poprzedniej analizy nastąpił wyraźny spadek lepkości oraz temperatury zapłonu. Liczba zasadowa w normie. Zawartość ciał stałych w normie. Własności dyspergujące w normie. Zawartość wody w normie, nie stwierdzono obecności glikolu. Metale zużyciowe w stabilnym trendzie.

Wnioski i zalecenia:

Ze względu na niską lepkość oraz temperaturę zapłonu zalecamy wymianę oleju na świeży oraz kontrolę układu paliwowego pod kątem możliwych przecieków. Wykonać kolejne badanie po przeprowadzeniu zabiegów korygujących. ","{""liczba_zasadowa"": ""w_normie"", ""stałe_ciała_obce"": ""w_normie"", ""glikol"": ""brak_wykrycia""}",2,UWAGA
P2201018,"W stosunku do  poprzedniej analizy nastąpił wyraźny spadek lepkości oraz temperatury zapłonu. Liczba zasadowa w normie. Zawartość ciał stałych w normie. Własności dyspergujące w normie. Zawartość wody w normie, nie stwierdzono obecności glikolu. Metale zużyciowe w stabilnym trendzie. Olej jest silnie obciążony sadzą.

Wnioski i zalecenia:

Ze względu na niską lepkość oraz temperaturę zapłonu i wysoką zawartość sadzy zalecamy wymianę oleju na świeży oraz kontrolę układu paliwowego pod kątem możliwych przecieków. Wykonać kolejne badanie po przeprowadzeniu zabiegów korygujących. ","{""liczba_zasadowa"": ""w_normie"", ""stałe_ciała_obce"": ""w_normie"", ""glikol"": ""brak_wykrycia""}",2,UWAGA
P2201502,"Oznaczona lepkość w normie dla oleju klasy SAE 40. Zawartość cząstek zużyciowych zmalała w stosunku do poprzedniej analizy - wartości mieszczą się w zakresach granicznych. Widmo w podczerwieni świadczy o wysokiej zawartości sadzy w oleju.

Zalecenia i wnioski:

Zalecana jest kontrola stanu i ewentualna wymiana filtrów. Olej kwalifikuje się do dalszej eksploatacji jednak wskazana jest obserwacja zmian w kolejnym badaniu nie później niż za 500mth. ","{""lepkość"": ""w_normie""}",1,WSKAZÓWKA
P2201590,"Oznaczona lepkość w normie dla klasy SAE 40. Temperatura zapłonu w normie. Poziom metalicznych produktów zużycia oznaczony w badaniu pierwiastków (cząstki o rozmiarze <5 um) w normie.

Wnioski i zalecenia: 

Zawartość miedzi  znajduje się w zakresie akceptowalnym, jednak jest to powiązane z małą ilością godzin oleju będącego w eksploatacji. W celu obserwacji dynamiki zużycia zaleca się przeprowadzić kolejne badanie za 500mth. Proszę obserwować zmiany w następnej analizie.","{""lepkość"": ""w_normie"", ""temperatura_zapłonu"": ""w_normie"", ""metale_zużyciowe"": ""w_normie""}",0,WSKAZÓWKA
P2201732,"Lepkość w zakresie typowym dla klasy SAE 30. Temperatura zapłonu w normie. Nie stwierdzono niepokojąco podwyższonej zawartości cząstek zużyciowych. Na widmie w podczerwieni nie stwierdzono charakterystycznych zmian świadczących o zanieczyszczeniu oleju płynem chłodniczym.



Zalecenia i wnioski:

Proszę zweryfikować wymagania producenta silnika dotyczące lepkości eksploatowanego oleju. Jeżeli lepkość spełnia wymagania olej kwalifikuje się do dalszej eksploatacji, w przeciwnym razie proszę przeprowadzić wymianę oleju na świeży. Zalecana jest obserwacja zmian w kolejnym badaniu zgodnie z przyjętym harmonogramem diagnostyki.","{""lepkość"": ""w_normie"", ""temperatura_zapłonu"": ""w_normie"", ""płyn_chłodniczy"": ""brak_wykrycia""}",1,WSKAZÓWKA
P2201935,"Oznaczona lepkość w normie dla klasy SAE 40. Temperatura zapłonu w normie.  Podwyższona zawartość miedzi poza dopuszczalnym limitem. Poziom pozostałych  metalicznych produktów zużycia ( cząstki o rozmiarze <5um) w normie.

Wnioski i zalecenia:

Ze względu na podwyższoną  zawartość miedzi zaleca się kontrolę elementów układu smarnego  ukierunkowaną na weryfikację źródła podwyższonej miedzi. Proszę obserwować zmiany w następnej analizie. Przeprowadzić kolejne badanie za 500 mth  ","{""lepkość"": ""w_normie"", ""temperatura_zapłonu"": ""w_normie"", ""miedź"": ""w_dopuszczalnym_zakresie"", ""metale_zużyciowe"": ""w_normie""}",2,UWAGA
P2202025,"Oznaczona lepkość  dla klasy SAE 40 w normie. Temperatura zapłonu w normie. Zawartość miedzi podwyższona w dopuszczalnym limicie. Poziom pozostałych  metalicznych produktów zużycia oznaczony w badaniu pierwiastków (cząstki o rozmiarze <5um) w normie.

Wnioski i zalecenia:

W celu dalszego  śledzenia trendu zawartości miedzi proszę przeprowadzić kolejne badanie za 500 mth pracy silnika.","{""lepkość"": ""w_normie"", ""temperatura_zapłonu"": ""w_normie"", ""miedź"": ""w_dopuszczalnym_zakresie"", ""metale_zużyciowe"": ""w_normie""}",1,WSKAZÓWKA
P2202377,"Oznaczona lepkość w normie dla klasy SAE 40. Temperatura zapłonu w normie. Poziom metalicznych produktów zużycia oznaczony w badaniu pierwiastków (cząstki o rozmiarze <5 um) w normie.

Wnioski i zalecenia: 

Zawartość metali zużyciowych  znajduje się w zakresie normalnym, jednak jest to powiązane z  bardzo małą ilością godzin oleju będącego w eksploatacji. W celu obserwacji dynamiki zużycia zaleca się przeprowadzić kolejne badanie za 250 mth. Proszę obserwować zmiany w następnej analizie.","{""lepkość"": ""w_normie"", ""temperatura_zapłonu"": ""w_normie"", ""metale_zużyciowe"": ""w_normie""}",1,WSKAZÓWKA
P2202574,"Oznaczona lepkość dla klasy SAE 40 w normie. Temperatura zapłonu w normie. Poziom metalicznych produktów zużycia ( cząstki o rozmiarze <5um) w normie.

Wnioski i zalecenia:

Zachowana stała dynamika przyrostu miedzi. W celu dalszego śledzenia trendu przeprowadzić kolejne badanie za 500mth. Proszę obserwować zmiany w następnej analizie. ","{""lepkość"": ""w_normie"", ""temperatura_zapłonu"": ""w_normie"", ""metale_zużyciowe"": ""w_normie""}",0,WSKAZÓWKA
P2202582,"Oznaczona lepkość w normie dla oleju klasy SAE 40. Temperatura zapłonu w zakresie dopuszczalnym. Widmo w podczerwieni świadczy o bardzo wysokiej zawartości sadzy. Poziom metalicznych produktów zużycia oznaczony w badaniu pierwiastków (cząstki o rozmiarze <5 um) w normie.

Wnioski i zalecenia: 

Zalecana jest kontrola stanu i ewentualna wymiana filtrów. Proszę obserwować zmiany w kolejnym badaniu zgodnie z przyjętym harmonogramem diagnostyki.    ","{""lepkość"": ""w_normie"", ""temperatura_zapłonu"": ""w_dopuszczalnym_zakresie"", ""metale_zużyciowe"": ""w_normie""}",1,WSKAZÓWKA
P2202657,"Oznaczona lepkość w normie dla klasy SAE 40. Temperatura zapłonu w normie. Poziom metalicznych produktów zużycia oznaczony w badaniu pierwiastków (cząstki o rozmiarze <5 um) w normie.

Wnioski i zalecenia: 

Zawartość miedzi  znajduje się w zakresie akceptowalnym, jednak jest to powiązane z bardzo małą ilością godzin oleju będącego w eksploatacji. W celu obserwacji dynamiki zużycia zaleca się przeprowadzić kolejne badanie za 500mth. Proszę obserwować zmiany w następnej analizie.","{""lepkość"": ""w_normie"", ""temperatura_zapłonu"": ""w_normie"", ""metale_zużyciowe"": ""w_normie""}",1,WSKAZÓWKA
P2203056,"Oznaczona lepkość dla klasy SAE 40 w normie. Temperatura zapłonu w normie. Poziom metalicznych produktów zużycia ( cząstki o rozmiarze <5um) w normie.

Wnioski i zalecenia:

Zachowana stała dynamika przyrostu miedzi. W celu dalszego śledzenia trendu przeprowadzić kolejne badanie za 500mth. Proszę obserwować zmiany w następnej analizie. ","{""lepkość"": ""w_normie"", ""temperatura_zapłonu"": ""w_normie"", ""metale_zużyciowe"": ""w_normie""}",1,WSKAZÓWKA
P2203137,"Oznaczona lepkość w normie dla klasy SAE 40. Temperatura zapłonu w normie. Zzawartość miedzi w zakresie dopuszczalnym. Poziom pozostałych metalicznych produktów zużycia oznaczony w badaniu pierwiastków (cząstki o rozmiarze <5 um) w normie.

Wnioski i zalecenia: 

Zawartość miedzi  znajduje się  na poziomie akceptowalnym, jednak jest to powiązane z małą ilością godzin oleju będącego w eksploatacji. W celu obserwacji dynamiki zużycia zaleca się przeprowadzić kolejne badanie po 500mth. Proszę obserwować zmiany w następnej analizie.","{""lepkość"": ""w_normie"", ""temperatura_zapłonu"": ""w_normie"", ""miedź"": ""w_dopuszczalnym_zakresie"", ""metale_zużyciowe"": ""w_normie""}",1,WSKAZÓWKA
P2203324,"Lepkość w zakresie akceptowalnym dla klasy SAE 40. Liczba zasadowa lekko poniżej wartości oczekiwanej, jednak mieści się w bezpiecznym zakresie. Zawartość stałych zanieczyszczeń w dopuszczalnym zakresie. Nie stwierdzono krytycznie podwyższonej zawartości cząstek zużyciowych. Na widmie w podczerwieni nie stwierdzono charakterystycznych zmian świadczących o zanieczyszczeniu oleju płynem chłodniczym.



Zalecenia i wnioski:

Olej kwalifikuje sie do dalszej eksploatacji jednak zalecana jest obserwacja zmian w kolejnym badaniu za 500mth.","{""lepkość"": ""w_akceptowalnym_zakresie"", ""liczba_zasadowa"": ""w_zakresie_bezpiecznym"", ""zanieczyszczenia_stałe"": ""w_dopuszczalnym_zakresie"", ""płyn_chłodniczy"": ""brak_wykrycia""}",1,WSKAZÓWKA
P2203326,"Lepkość w zakresie akceptowalnym dla klasy SAE 40. Liczba zasadowa lekko poniżej wartości oczekiwanej, jednak mieści się w bezpiecznym zakresie. Zawartość stałych zanieczyszczeń w dopuszczalnym zakresie. Nie stwierdzono krytycznie podwyższonej zawartości cząstek zużyciowych. Na widmie w podczerwieni nie stwierdzono charakterystycznych zmian świadczących o zanieczyszczeniu oleju płynem chłodniczym.



Zalecenia i wnioski:

Olej kwalifikuje sie do dalszej eksploatacji jednak zalecana jest obserwacja zmian w kolejnym badaniu za 500mth.  ","{""lepkość"": ""w_akceptowalnym_zakresie"", ""liczba_zasadowa"": ""w_zakresie_bezpiecznym"", ""zanieczyszczenia_stałe"": ""w_dopuszczalnym_zakresie"", ""płyn_chłodniczy"": ""brak_wykrycia""}",1,WSKAZÓWKA
P2203350,"Lepkość w normie dla klasy SAE 40, trend stabilny. Temperatura zapłonu w normie. Poziom metalicznych produktów zużycia wykazuje trend stabilny. Widmo w podczerwieni wskazuje na wysoką zawartość sadzy, nie stwierdzono charakterystycznych zmian świadczących o zanieczyszczeniu oleju płynem chłodniczym.

Zalecenia i wnioski:

Zalecana jest kontrola stanu i ewentualna wymiana filtrów. Proszę obserwować zmiany w kolejnym badaniu zgodnie z przyjętym harmonogramem diagnostyki.","{""lepkość"": ""w_normie"", ""temperatura_zapłonu"": ""w_normie"", ""płyn_chłodniczy"": ""brak_wykrycia"", ""sadza"": ""brak_wykrycia""}",1,WSKAZÓWKA
P2203508,"Lepkość w zakresie typowym dla klasy SAE 30. Liczba zasadowa na bezpiecznym poziomie. Zawartość stałych zanieczyszczeń w normie. W porównaniu do poprzednich badań nastąpił lekki wzrost zawartości ołowiu. Pozostałe oznaczone pierwiastki zużyciowe w normie. Na widmie w podczerwieni nie stwierdzono charakterystycznych zmian świadczących o zanieczyszczeniu oleju płynem chłodniczym.



Zalecenia i wnioski:

Zalecana jest obserwacja zmian w kolejnym badaniu za 500mth.","{""lepkość"": ""w_normie"", ""liczba_zasadowa"": ""w_zakresie_bezpiecznym"", ""zanieczyszczenia_stałe"": ""w_normie"", ""metale_zużyciowe"": ""w_normie"", ""płyn_chłodniczy"": ""brak_wykrycia""}",1,WSKAZÓWKA
P2203830,"Lepkość w zakresie typowym dla klasy SAE 30. Liczba zasadowa na bezpiecznym poziomie. Zawartość stałych zanieczyszczeń w normie. W porównaniu do poprzedniego badania nastąpił lekki wzrost zawartości ołowiu. Pozostałe oznaczone pierwiastki zużyciowe w normie. Na widmie w podczerwieni nie stwierdzono charakterystycznych zmian świadczących o obecności glikolu w próbce.



Zalecenia i wnioski:

Wszystkie oznaczone parametry mieszczą się w akceptowalnych zakresach jednak ze względu na stwierdzony wzrost poziomu ołowiu zalecane jest przeprowadzenie kolejnego badania po 500mth w celu obserwacji zmian trendu.","{""lepkość"": ""w_normie"", ""liczba_zasadowa"": ""w_zakresie_bezpiecznym"", ""zanieczyszczenia_stałe"": ""w_normie"", ""metale_zużyciowe"": ""w_normie"", ""glikol"": ""brak_wykrycia""}",0,WSKAZÓWKA
P2204305,"Lepkość w zakresie dopuszczalnym dla klasy SAE 40. Liczba zasadowa mieści się w bezpiecznym zakresie. Nie stwierdzono niepokojąco podwyższonej zawartości cząstek zużyciowych. Na widmie w podczerwieni nie stwierdzono charakterystycznych zmian świadczących o zanieczyszczeniu oleju płynem chłodniczym. Lekki wzrost zawartości stałych zanieczyszczeń.



Zalecenia i wnioski:

Zalecana jest kontrola stanu i ewentualna wymiana filtrów. Proszę obserwować zmiany w kolejnym badaniu zgodnie z przyjętym harmonogramem diagnostyki.","{""lepkość"": ""w_dopuszczalnym_zakresie"", ""liczba_zasadowa"": ""w_zakresie_bezpiecznym"", ""płyn_chłodniczy"": ""brak_wykrycia""}",0,WSKAZÓWKA
P2204306,"Lepkość w zakresie dopuszczalnym dla klasy SAE 40. Liczba zasadowa na bezpiecznym poziomie. Nie stwierdzono niepokojąco podwyższonej zawartości cząstek zużyciowych. Na widmie w podczerwieni nie stwierdzono charakterystycznych zmian świadczących o zanieczyszczeniu oleju płynem chłodniczym. Stwierdzono wzrost zawartości stałych zanieczyszczeń.



Zalecenia i wnioski:

Zalecana jest kontrola stanu i ewentualna wymiana filtrów. Proszę obserwować zmiany w kolejnym badaniu zgodnie z przyjętym harmonogramem diagnostyki.","{""lepkość"": ""w_dopuszczalnym_zakresie"", ""liczba_zasadowa"": ""w_zakresie_bezpiecznym"", ""płyn_chłodniczy"": ""brak_wykrycia""}",1,WSKAZÓWKA
P2204385,"Oznaczona lepkość wskazuje na olej klasy SAE 50. Temperatura zapłonu w normie. Poziom pozostałych metalicznych produktów zużycia mieści się w zakresie akceptowalnym.

Zalecenia i wnioski:

Proszę zweryfikować zalecenie producenta dot. lepkości, jeśli jest niezgodna to należy wymienić olej na świeży. Wykonać kolejne badanie zgodnie z harmonogramem diagnostyki.","{""lepkość"": ""w_normie"", ""temperatura_zapłonu"": ""w_normie"", ""metale_zużyciowe"": ""w_akceptowalnym_zakresie""}",0,WSKAZÓWKA
P2204389,"Lepkość w normie dla klasy SAE 40. Temperatura zapłonu w normie. Nie wykryto zanieczyszczenia glikolem. Zawartość metali w trendzie stabilnym, nie sugeruje niepokojących procesów zużycia w układzie.

Wnioski i zalecenia:

Wykonać kolejne badanie nie później niż za 500 mth pracy jednostki. ","{""lepkość"": ""w_normie"", ""temperatura_zapłonu"": ""w_normie"", ""glikol"": ""brak_wykrycia""}",1,WSKAZÓWKA
P2205216,"Oznaczona lepkość dla klasy SAE 40 w normie. Temperatura zapłonu w normie. Zawartość miedzi podwyższona w dopuszczalnym limicie. Poziom pozostałych  metalicznych produktów zużycia oznaczony w badaniu pierwiastków w normie.

Wnioski i zalecenia:

W celu śledzenia trendu zawartości miedzi proszę przeprowadzić kolejne badanie po okresie 500 mth pracy silnika.","{""lepkość"": ""w_normie"", ""temperatura_zapłonu"": ""w_normie"", ""miedź"": ""w_dopuszczalnym_zakresie"", ""metale_zużyciowe"": ""w_normie""}",1,WSKAZÓWKA
P2205219,"Oznaczona lepkość  dla klasy SAE 40 w normie. Temperatura zapłonu w normie. Zawartość miedzi w zakresie dopuszczalnym. Poziom pozostałych  metalicznych produktów zużycia oznaczony w badaniu pierwiastków w normie.

Wnioski i zalecenia:

W celu dalszego śledzenia trendu zawartości miedzi proszę przeprowadzić kolejne badanie po 500mth. Proszę obserwować zmiany w następnej analizie.","{""lepkość"": ""w_normie"", ""temperatura_zapłonu"": ""w_normie"", ""miedź"": ""w_dopuszczalnym_zakresie"", ""metale_zużyciowe"": ""w_normie""}",1,WSKAZÓWKA
P2205308,"Lepkość w zakresie granicznym dla klasy SAE 50. Temperatura zapłonu na dopuszczalnym poziomie. Własności dyspergujące w normie. W porównaniu do poprzedniego badania nastąpił skokowy wzrost zawartości stałych zanieczyszczeń. Na widmie w podczerwieni nie stwierdzono charakterystycznych zmian świadczących o zanieczyszczeniu oleju płynem chłodniczym. 



Zalecenia i wnioski:

Zalecana jest kontrola stanu i ewentualna wymiana filtrów. Proszę obserwować zmiany w kolejnym badaniu. Zalecane jest przeprowadzenie kolejnej analizy po 500mth. ","{""lepkość"": ""w_zakresie_granicznym"", ""temperatura_zapłonu"": ""w_dopuszczalnym_zakresie"", ""płyn_chłodniczy"": ""brak_wykrycia""}",1,WSKAZÓWKA
P2205655,"Lepkość w zakresie dopuszczalnym dla klasy SAE 40. Liczba zasadowa mieści się w bezpiecznym zakresie. Nie stwierdzono niepokojąco podwyższonej zawartości cząstek zużyciowych. Na widmie w podczerwieni nie stwierdzono charakterystycznych zmian świadczących o zanieczyszczeniu oleju płynem chłodniczym. W porównaniu do poprzednich badań stwierdzono lekki wzrost zawartości stałych zanieczyszczeń.



Zalecenia i wnioski:

Zalecana jest kontrola stanu i ewentualna wymiana filtrów. Proszę obserwować zmiany w kolejnym badaniu zgodnie z przyjętym harmonogramem diagnostyki.    ","{""lepkość"": ""w_dopuszczalnym_zakresie"", ""liczba_zasadowa"": ""w_zakresie_bezpiecznym"", ""płyn_chłodniczy"": ""brak_wykrycia""}",0,WSKAZÓWKA
P2205656,"Lepkość w zakresie dopuszczalnym dla klasy SAE 40. Liczba zasadowa mieści się w bezpiecznym zakresie. Nie stwierdzono niepokojąco podwyższonej zawartości cząstek zużyciowych. Na widmie w podczerwieni nie stwierdzono charakterystycznych zmian świadczących o zanieczyszczeniu oleju płynem chłodniczym. W porównaniu do poprzednich badań stwierdzono lekki wzrost zawartości stałych zanieczyszczeń.



Zalecenia i wnioski:

Zalecana jest kontrola stanu i ewentualna wymiana filtrów. Proszę obserwować zmiany w kolejnym badaniu zgodnie z przyjętym harmonogramem diagnostyki.","{""lepkość"": ""w_dopuszczalnym_zakresie"", ""liczba_zasadowa"": ""w_zakresie_bezpiecznym"", ""płyn_chłodniczy"": ""brak_wykrycia""}",0,WSKAZÓWKA
P2205657,"Lepkość w zakresie dopuszczalnym dla klasy SAE 40. Liczba zasadowa na akceptowalnym poziomie. Nie stwierdzono niepokojąco podwyższonej zawartości cząstek zużyciowych. Na widmie w podczerwieni nie stwierdzono charakterystycznych zmian świadczących o zanieczyszczeniu oleju płynem chłodniczym. W porównaniu do poprzednich badań stwierdzono lekki wzrost zawartości stałych zanieczyszczeń.



Zalecenia i wnioski:

Zalecana jest kontrola stanu i ewentualna wymiana filtrów. Proszę obserwować zmiany w kolejnym badaniu zgodnie z przyjętym harmonogramem diagnostyki.","{""lepkość"": ""w_dopuszczalnym_zakresie"", ""liczba_zasadowa"": ""w_akceptowalnym_zakresie"", ""płyn_chłodniczy"": ""brak_wykrycia""}",1,WSKAZÓWKA
P2205658,"Lepkość w zakresie dopuszczalnym dla klasy SAE 40. Liczba zasadowa mieści się w bezpiecznym zakresie. Nie stwierdzono niepokojąco podwyższonej zawartości cząstek zużyciowych. Na widmie w podczerwieni nie stwierdzono charakterystycznych zmian świadczących o zanieczyszczeniu oleju płynem chłodniczym. W porównaniu do poprzednich badań stwierdzono wzrost zawartości stałych zanieczyszczeń.



Zalecenia i wnioski:

Zalecana jest kontrola stanu i ewentualna wymiana filtrów. Proszę obserwować zmiany w kolejnym badaniu zgodnie z przyjętym harmonogramem diagnostyki.","{""lepkość"": ""w_dopuszczalnym_zakresie"", ""liczba_zasadowa"": ""w_zakresie_bezpiecznym"", ""płyn_chłodniczy"": ""brak_wykrycia""}",0,WSKAZÓWKA
P2205659,"Lepkość w zakresie dopuszczalnym dla klasy SAE 40. Liczba zasadowa mieści się w bezpiecznym zakresie. Nie stwierdzono niepokojąco podwyższonej zawartości cząstek zużyciowych. Na widmie w podczerwieni nie stwierdzono charakterystycznych zmian świadczących o zanieczyszczeniu oleju płynem chłodniczym. W porównaniu do poprzednich badań stwierdzono lekki wzrost zawartości stałych zanieczyszczeń.



Zalecenia i wnioski:

Zalecana jest kontrola stanu i ewentualna wymiana filtrów. Proszę obserwować zmiany w kolejnym badaniu zgodnie z przyjętym harmonogramem diagnostyki.","{""lepkość"": ""w_dopuszczalnym_zakresie"", ""liczba_zasadowa"": ""w_zakresie_bezpiecznym"", ""płyn_chłodniczy"": ""brak_wykrycia""}",0,WSKAZÓWKA
P2205912,"Oznaczona lepkość w normie dla klasy SAE 40. Temperatura zapłonu w normie. Zawartość miedzi poza dopuszczalnym limitem. Poziom pozostałych  metalicznych produktów zużycia  w normie.

Wnioski i zalecenia:

Ze względu na podwyższoną  zawartość miedzi zaleca się kontrolę elementów układu smarnego ukierunkowaną na weryfikację źródła podwyższonej miedzi. Proszę obserwować zmiany w następnej analizie. Przeprowadzić kolejne badanie za 500 mth  ","{""lepkość"": ""w_normie"", ""temperatura_zapłonu"": ""w_normie"", ""miedź"": ""w_dopuszczalnym_zakresie"", ""metale_zużyciowe"": ""w_normie""}",2,UWAGA
P2205961,"Oznaczona lepkość lekko poniżej zakresu dla oleju klasy SAE 50. Temperatura zapłonu w zakresie akceptowalnym. Zawartość metalicznych produktów zużycia w normie.

Wnioski i zalecenia: 

Proszę upewnić się, że olej o danej lepkości może być eksploatowany, w przeciwnym wypadku wymienić na świeży. Obserwować zmiany w następnej analizie. Wykonać kolejne badanie zgodnie z harmonogramem diagnostyki.","{""temperatura_zapłonu"": ""w_akceptowalnym_zakresie"", ""metale_zużyciowe"": ""w_normie""}",0,WSKAZÓWKA
P2206050,"Własności reologiczne (lepkość oraz wskaźnik lepkości) w normie. Temperatura zapłonu w zakresie akceptowalnym. Poziom metalicznych produktów zużycia w normie.

Zalecenia i wnioski:

Przeprowadzić kolejne badanie zgodnie z harmonogramem diagnostyki olejowej. Proszę obserwować zmiany w następnej analizie.","{""lepkość"": ""w_normie"", ""wskaźnik_lepkości"": ""w_normie"", ""temperatura_zapłonu"": ""w_akceptowalnym_zakresie"", ""metale_zużyciowe"": ""w_normie""}",2,W NORMIE
P2206511,"Oznaczona lepkość poniżej zakresu dla oleju klasy SAE 50. Temperatura zapłonu w zakresie akceptowalnym. Zawartość stałych ciał obcych w normie. Własności dyspergujące na poziomie dopuszczalnym.

Zalecanie i wnioski:

Proszę upewnić się, że olej o danej lepkości może być eksploatowany, w przeciwnym wypadku wymienić na świeży. Obserwować zmiany w kolejnej analizie, zgodnie z harmonogramem diagnostyki.","{""temperatura_zapłonu"": ""w_akceptowalnym_zakresie"", ""stałe_ciała_obce"": ""w_normie""}",1,WSKAZÓWKA
P2206881,"Lepkość w zakresie granicznym dla klasy SAE 40. Temperatura zapłonu na poziomie akceptowalnym. Zawartość stałych zanieczyszczeń w normie. Zawartość wody w normie. Na widmie w podczerwieni nie stwierdzono charakterystycznych zmian świadczących o zanieczyszczeniu oleju płynem chłodniczym.



Zalecenia i wnioski:

Wskazana jest obserwacja zmian w kolejnym badaniu za 500mth.","{""lepkość"": ""w_zakresie_granicznym"", ""temperatura_zapłonu"": ""w_akceptowalnym_zakresie"", ""zanieczyszczenia_stałe"": ""w_normie"", ""woda"": ""w_normie"", ""płyn_chłodniczy"": ""brak_wykrycia""}",1,WSKAZÓWKA
P2206901,"Lepkość w zakresie typowym dla klasy SAE 40. Temperatura zapłonu na dopuszczalnym poziomie. Nie podaliście Państwo typu eksploatowanego oleju z tego powodu nie możemy porównać liczby zasadowej z wartością tego parametru w oleju świeżym jednak oznaczona wartość mieści się w bezpiecznym zakresie. Własności dyspergujące na bezpiecznym poziomie. Zawartość stałych zanieczyszczeń w normie. Skokowy wzrost zawartości ołowiu. Zawartość pozostałych oznaczonych pierwiastków zużyciowych mieści się w dopuszczalnym zakresie. Na widmie w podczerwieni nie stwierdzono charakterystycznych zmian świadczących o zanieczyszczeniu oleju płynem chłodzącym. Zawartość wody w normie.



Zalecenia i wnioski:

Podwyższony poziom ołowiu może świadczyć o intensywnym przebiegu procesów korozji/zużycia smarowanych elementów. Zalecany jest pilny pobór próbki kontrolnej w celu weryfikacji uzyskanego wyniku analizy. ","{""lepkość"": ""w_normie"", ""temperatura_zapłonu"": ""w_dopuszczalnym_zakresie"", ""liczba_zasadowa"": ""w_zakresie_bezpiecznym"", ""zanieczyszczenia_stałe"": ""w_normie"", ""metale_zużyciowe"": ""w_dopuszczalnym_zakresie"", ""płyn_chłodniczy"": ""brak_wykrycia"", ""woda"": ""w_normie""}",2,UWAGA
P2206952,"Lepkość wskazuje na olej klasy SAE 40. Temperatura zapłonu w normie. Nie stwierdzono niepokojącego zanieczyszczenia glikolem ani paliwem. Zawartość metali zużyciowych w normie. 

Wnioski i zalecenia:

Upewnić się czy olej o danej lepkości może być eksploatowany. Wykonać kolejne badanie zgodnie z przyjętym harmonogramem. ","{""lepkość"": ""w_normie"", ""temperatura_zapłonu"": ""w_normie"", ""glikol"": ""brak_wykrycia"", ""metale_zużyciowe"": ""w_normie""}",1,WSKAZÓWKA
P2206959,"Lepkość zgodna z klasą SAE 40. Temperatura zapłonu w normie. Nie stwierdzono niepokojącego zanieczyszczenia glikolem ani paliwem. Zawartość żelaza wyraźnie wyższa niż w poprzednich analizach - wskazuje na potencjalne zużycie smarowanych elementów.

Wnioski i zalecenia:

Zalecana kontrola silnika pod kątem możliwych objawów zużycia. Zalecane wykonanie kolejnego badania w terminie przyspieszonym nie później niż 250 mth pracy. ","{""temperatura_zapłonu"": ""w_normie"", ""glikol"": ""brak_wykrycia""}",1,UWAGA
P2207187,"Lepkość oleju w zakresie dopuszczalnym dla klasy SAE 40. Temperatura zapłonu w normie. Zawartość cząstek zużyciowych na dopuszczalnym poziomie. Na widmie w podczerwieni nie stwierdzono charakterystycznych zmian świadczących o zanieczyszczeniu oleju płynem chłodniczym. Widmo w podczerwieni wskazuje na wysoką zawartość sadzy w oleju.



Zalecenia i wnioski:

Proszę obserwować zmiany w kolejnym badaniu zgodnie z przyjętym harmonogramem diagnostyki. Zalecana jest kontrola stanu i ewentualna wymiana filtrów. ","{""lepkość"": ""w_dopuszczalnym_zakresie"", ""temperatura_zapłonu"": ""w_normie"", ""metale_zużyciowe"": ""w_dopuszczalnym_zakresie"", ""płyn_chłodniczy"": ""brak_wykrycia""}",1,WSKAZÓWKA
P2207625,"Lepkość w zakresie typowym dla klasy SAE 40. Temperatura zapłonu na dopuszczalnym poziomie. W porównaniu do poprzedniego badania nie stwierdzono przyrostu zawartości cząstek zużyciowych, nie stwierdzono przyrostu zawartości krzemu. Na widmie w podczerwieni nie stwierdzono charakterystycznych zmian świadczących o zanieczyszczeniu oleju płynem chłodzącym.



Zalecenia i wnioski:

Zalecana jest obserwacja zmian w kolejnym badaniu za 500mth.","{""lepkość"": ""w_normie"", ""temperatura_zapłonu"": ""w_dopuszczalnym_zakresie"", ""płyn_chłodniczy"": ""brak_wykrycia""}",1,WSKAZÓWKA
P2207632,"Lepkość w normie dla klasy SAE 50. Temperatura zapłonu na akceptowalnym poziomie. Zawartości cząstek zużyciowych w normie. Na widmie w podczerwieni stwierdzono charakterystyczne zmiany świadczące o zanieczyszczeniu oleju płynem chłodniczym lub wodą.



Zalecenia i wnioski:

Wskazana jest reakcja serwisowa - kontrola układu chłodzenia. Proszę wykonać kolejne badanie po przeprowadzeniu działań korygujących.","{""lepkość"": ""w_normie"", ""temperatura_zapłonu"": ""w_akceptowalnym_zakresie"", ""metale_zużyciowe"": ""w_normie""}",1,UWAGA
P2207756,"Oznaczona lepkość w normie dla oleju klasy SAE 40. Zawartość cząstek zużyciowych na podobnym poziomie jak w poprzedniej analizie. Widmo w podczerwieni świadczy o wysokiej zawartości sadzy w oleju.

Zalecenia i wnioski:

Zalecana jest kontrola stanu i ewentualna wymiana filtrów. Olej kwalifikuje się do dalszej eksploatacji jednak wskazana jest obserwacja zmian w kolejnym badaniu nie później niż za 500mth. ","{""lepkość"": ""w_normie""}",1,WSKAZÓWKA
P2208128,"Oznaczona lepkość w normie dla oleju klasy SAE 40. Temperatura zapłonu w normie. Poziom metalicznych produktów zużycia oznaczony w badaniu pierwiastków w normie.

Wnioski i zalecenia: 

Zawartość sodu i miedzi znajduje się w zakresie normalnym, jednak jest to powiązane z  bardzo małą ilością mth przepracowanego oleju. W celu obserwacji dynamiki zużycia zaleca się przeprowadzić kolejne badanie za 500 mth. Proszę obserwować zmiany w następnej analizie.","{""lepkość"": ""w_normie"", ""temperatura_zapłonu"": ""w_normie"", ""metale_zużyciowe"": ""w_normie""}",0,WSKAZÓWKA
P2208198,"Lepkość poniżej zakresu typowego dla klasy SAE 50 (mieści się w zakresie typowym dla klasy SAE 40). Temperatura zapłonu na dopuszczalnym poziomie. Zawartość cząstek zużyciowych mieści się w dopuszczalnym zakresie. Na widmie w podczerwieni nie stwierdzono charakterystycznych zmian świadczących o zanieczyszczeniu oleju płynem chłodzącym. 



Zalecenia i wnioski:

Proszę zweryfikować wymagania producenta silnika dotyczące lepkości eksploatowanego oleju, w razie konieczności przeprowadzić wymianę oleju na świeży. W przypadku dalszej eksploatacji oleju zalecana jest obserwacja zmian w kolejnym badaniu za 500mth.","{""lepkość"": ""w_normie"", ""temperatura_zapłonu"": ""w_dopuszczalnym_zakresie"", ""metale_zużyciowe"": ""w_dopuszczalnym_zakresie"", ""płyn_chłodniczy"": ""brak_wykrycia""}",1,WSKAZÓWKA
P2209560,"Lepkość w zakresie dopuszczalnym dla klasy SAE 40. Temperatura zapłonu w zakresie dopuszczalnym. Liczba zasadowa na bezpiecznym poziomie. Własności dyspergujące w normie. W porównaniu do poprzedniego badania nie stwierdzono znaczącego przyrostu cząstek zużyciowych. Zawartość stałych zanieczyszczeń w normie. Zawartość wody w normie. Na widmie w podczerwieni nie stwierdzono charakterystycznych zmian świadczących o zanieczyszczeniu oleju płynem chłodniczym, widmo wskazuje na podwyższoną zawartość sadzy. 

Zalecenia i wnioski:

Proszę obserwować zmiany w następnej analizie po 500mth.","{""lepkość"": ""w_dopuszczalnym_zakresie"", ""temperatura_zapłonu"": ""w_dopuszczalnym_zakresie"", ""liczba_zasadowa"": ""w_zakresie_bezpiecznym"", ""zanieczyszczenia_stałe"": ""w_normie"", ""woda"": ""w_normie"", ""płyn_chłodniczy"": ""brak_wykrycia"", ""sadza"": ""brak_wykrycia""}",1,WSKAZÓWKA
P2210217,"Lepkość w 100°C niemożliwa do oznaczenia zgodnie z PN-EN ISO 3104 ze względu na niestabilność próbki w tej temperaturze. Temperatura zapłonu w normie. Rezerwa alkaliczna mieści się w bezpiecznym zakresie. Zawartość wody na akceptowalnym poziomie (0,05%). Zawartość cząstek zużyciowych na dopuszczalnym poziomie.



Zalecenia i wnioski:

Ze względu na przekroczenia parametrów dopuszczalnych, olej nie kwalifikuje się do dalszej eksploatacji. Należy niezwłocznie podjąć działania korygujące polegające na wymianie oleju na świeży (zgodny z instrukcją obsługi) oraz poinformowanie serwisu o przeprowadzonej wymianie lub przeprowadzenie wymiany oleju pod nadzorem przedstawiciela serwisu.","{""temperatura_zapłonu"": ""w_normie"", ""rezerwa_alkaliczna"": ""w_zakresie_bezpiecznym"", ""woda"": ""w_akceptowalnym_zakresie"", ""metale_zużyciowe"": ""w_dopuszczalnym_zakresie""}",1,UWAGA
P2210229,"Oznaczona lepkość wskazuje na olej klasy SAE 40, jest niezgodna deklarowanym przez Państwa olejem klasy SAE 50. Temperatura zapłonu w normie. Nie stwierdzono zanieczyszczenia glikolem ani olejem napędowym. Zawartość metali zużyciowych w zakresie akceptowalnym.

Wnioski i zalecenia:

Obserwować zmiany w kolejnej analizie. Upewnić się czy olej o danej lepkości może być eksploatowany. Przeprowadzić kolejne badanie zgodnie z harmonogramem diagnostyki olejowej.","{""lepkość"": ""w_normie"", ""temperatura_zapłonu"": ""w_normie"", ""glikol"": ""brak_wykrycia"", ""metale_zużyciowe"": ""w_akceptowalnym_zakresie""}",1,WSKAZÓWKA
P2210366,"Oznaczona lepkość dla oleju  klasy SAE 40 w normie. Temperatura zapłonu w normie. Wyraźny wzrost zawartości miedzi w stosunku do poprzednich badań. Poziom pozostałych metalicznych produktów zużycia oznaczony w badaniu pierwiastków w normie.

Wnioski i zalecenia:

 Podwyższona zawartość miedzi wskazuje na zwiększone zużycie/ korozję elementów w obrębie układu smarnego. Zalecana kontrola stanu smarowanych elementów układu. Proszę obserwować zmiany w następnej analizie. W celu śledzenia dynamiki zużycia zaleca się wykonanie kolejnego badania po 500mth pracy silnika.","{""lepkość"": ""w_normie"", ""temperatura_zapłonu"": ""w_normie"", ""metale_zużyciowe"": ""w_normie""}",2,UWAGA
P2210368,"Lepkość w zakresie granicznym dla klasy SAE 50. Temperatura zapłonu w normie. Nie stwierdzono niepokojąco podwyższonej zawartości cząstek zużyciowych. Na widmie w podczerwieni nie stwierdzono charakterystycznych zmian wskazujących na podwyższoną zawartość płynu chłodniczego w oleju.  





Zalecenia i wnioski:

Oznaczone parametry mieszczą się w akceptowalnych zakresach jednak zalecana jest obserwacja zmian w kolejnym badaniu za 500mth.","{""lepkość"": ""w_zakresie_granicznym"", ""temperatura_zapłonu"": ""w_normie""}",1,WSKAZÓWKA
P2210504,"Oznaczona lepkość dla klasy SAE 40 w normie. Temperatura zapłonu w normie. Zawartość miedzi w trendzie stabilnym (biorąc pod uwagę ilość mth). Poziom pozostałych metalicznych produktów zużycia (cząstki o rozmiarze <5um) w normie.




Wnioski i zalecenia:




Obserwować zmiany w kolejnej analizie w badaniu za 500mth.","{""lepkość"": ""w_normie"", ""temperatura_zapłonu"": ""w_normie"", ""metale_zużyciowe"": ""w_normie""}",0,WSKAZÓWKA
P2210573,"Oznaczona lepkość w normie dla oleju klasy SAE 30. Wzajemny stosunek liczby zasadowej oraz liczby kwasowej świadczy o rezerwie alkalicznej na bezpiecznym poziomie. Zawartość stałych ciał obcych w normie. Temperatura zapłonu w zakresie akceptowalnym. Poziom metalicznych produktów zużycia oznaczony w badaniu pierwiastków (cząstki o rozmiarze <5 mikronów) w normie. Indeks PQ informujący o zawartości cząstek ferromagnetycznych (niezależnie od ich rozmiaru) w normie.

Wnioski i zalecenia:

Wyniki badań nie wskazują na obecność paliwa w oleju. W celu obserwacji zmian proszę przysłać kolejną próbkę za około 250mth.","{""lepkość"": ""w_normie"", ""liczba_kwasowa"": ""w_zakresie_bezpiecznym"", ""liczba_zasadowa"": ""w_zakresie_bezpiecznym"", ""stałe_ciała_obce"": ""w_normie"", ""temperatura_zapłonu"": ""w_akceptowalnym_zakresie"", ""metale_zużyciowe"": ""w_normie"", ""pq_indeks"": ""w_normie""}",1,WSKAZÓWKA
P2210649,"Oznaczona lepkość wskazuje na olej klasy SAE 30. Temperatura zapłonu w normie. Poziom metalicznych produktów zużycia oznaczony w badaniu pierwiastków w normie.

Wnioski i zalecenia: 

Proszę zweryfikować czy olej o danej lepkości może być eksploatowany w układzie, w przeciwnym wypadku wymienić olej na świeży. W przypadku dalszej eksploatacji oleju przeprowadzić kolejne badanie po 500 mth pracy silnika.","{""lepkość"": ""w_normie"", ""temperatura_zapłonu"": ""w_normie"", ""metale_zużyciowe"": ""w_normie""}",2,WSKAZÓWKA
P2210661,"Lepkość w normie dla klasy SAE 40. Temperatura zapłonu w normie. Zawartość sodu podwyższona, nie stwierdzono przyrostu zawartości w porównaniu do poprzedniego badania, prawdopodobnie jest to pochodna zanieczyszczenia oleju wodą lub płynem chłodniczym lub zanieczyszczenie pyłem z otoczenia. Zawartość cząstek zużyciowych w dopuszczalnym zakresie, trend stabilny.



Zalecenia i wnioski:

Wskazana jest obserwacja układu olejowego pod kątem występowania emulsji olejowo-glikolowej. Proszę obserwować zmiany w kolejnym badaniu nie później niż za 500mth.","{""lepkość"": ""w_normie"", ""temperatura_zapłonu"": ""w_normie"", ""płyn_chłodniczy"": ""brak_wykrycia"", ""metale_zużyciowe"": ""w_dopuszczalnym_zakresie""}",1,WSKAZÓWKA
P2210681,"Oznaczona lepkość znajduje się powyżej zakresu lepkościowego dla klasy SAE 40, wskazuje na klasę SAE 50. Zawartość stałych ciał obcych w normie. Własności dyspergujące w normie. Temperatura zapłonu w normie.

Wnioski i zalecenia:

Proszę zweryfikować wymagania producenta silnika dotyczące lepkości eksploatowanego oleju, w razie konieczności przeprowadzić wymianę oleju na świeży. Przeprowadzić kolejne badanie zgodnie z harmonogramem diagnostyki olejowej. Proszę obserwować zmiany w następnej analizie.","{""stałe_ciała_obce"": ""w_normie"", ""temperatura_zapłonu"": ""w_normie""}",1,WSKAZÓWKA
P2210682,"Oznaczona lepkość znajduje się poniżej klasy SAE 50, wskazuje na olej klasy SAE 40. Zawartość stałych ciał obcych w normie. Własności dyspergujące w normie. Temperatura zapłonu w normie.

Wnioski i zalecenia:

Proszę zweryfikować wymagania producenta silnika dotyczące lepkości eksploatowanego oleju, w razie konieczności przeprowadzić wymianę oleju na świeży. Przeprowadzić kolejne badanie zgodnie z harmonogramem diagnostyki olejowej. Proszę obserwować zmiany w następnej analizie.","{""lepkość"": ""w_normie"", ""stałe_ciała_obce"": ""w_normie"", ""temperatura_zapłonu"": ""w_normie""}",1,WSKAZÓWKA
P2210720,"Lepkość w normie dla klasy SAE 40. Temperatura zapłonu w normie. Liczba zasadowa w bezpiecznym zakresie. Własności dyspergujące lekko pogorszone. Zawartość stałych zanieczyszczeń w normie. Nie stwierdzono niepokojąco podwyższonej zawartości cząstek zużyciowych. Zawartość wody w dopuszczalnym zakresie. Nie stwierdzono zanieczyszczenia oleju płynem chłodzącym. 



Zalecenia i wnioski:

Proszę obserwować zmiany w kolejnym badaniu. Zalecane jest przeprowadzenie kolejnej analizy po 500 mth.","{""lepkość"": ""w_normie"", ""temperatura_zapłonu"": ""w_normie"", ""liczba_zasadowa"": ""w_zakresie_bezpiecznym"", ""zanieczyszczenia_stałe"": ""w_normie"", ""woda"": ""w_dopuszczalnym_zakresie"", ""płyn_chłodniczy"": ""brak_wykrycia""}",1,WSKAZÓWKA
P2210882,"Oznaczona lepkość wskazuje na olej klasy SAE 40, trend spadkowy. Temperatura zapłonu w zakresie akceptowalnym. Zawartość ołowiu w zakresie dopuszczalnym. Poziom pozostałych metalicznych produktów zużycia oznaczony w badaniu pierwiastków w normie. 

Wnioski i zalecenia: 

Zweryfikować czy olej o danej lepkości może być eksploatowany, w przeciwnym wypadku wymienić na świeży. Przy dalszej eksploatacji zalecane wykonanie kolejnego badania po 500 mth.","{""lepkość"": ""w_normie"", ""temperatura_zapłonu"": ""w_akceptowalnym_zakresie"", ""ołów"": ""w_dopuszczalnym_zakresie"", ""metale_zużyciowe"": ""w_normie""}",1,WSKAZÓWKA
P2211066,"Lepkość w normie dla klasy SAE 40. Rezerwa alkaliczna zmalała w stosunku do poprzedniej analizy, jednak mieście się jeszcze w bezpiecznym zakresie. Zawartość wody w normie. Nie stwierdzono niepokojąco podwyższonej zawartości cząstek zużyciowych.

Zalecenia i wnioski:

Olej kwalifikuje się do dalszej eksploatacji. Zalecane jest przysłanie kolejnej próbki do badania nie później niż później niż za miesiąc od daty pobrania próbki aktualnej.","{""lepkość"": ""w_normie"", ""rezerwa_alkaliczna"": ""w_zakresie_bezpiecznym"", ""woda"": ""w_normie""}",0,WSKAZÓWKA
P2211151,"Lepkość w zakresie granicznym klasy SAE 40. Temperatura zapłonu na poziomie akceptowalnym. Nie podaliście Państwo typu eksploatowanego oleju z tego powodu nie możemy porównać liczby zasadowej z wartością tego parametru w oleju świeżym. Własności dyspergujące na bezpiecznym poziomie. Zawartość stałych zanieczyszczeń w normie. Zawartość wody w normie. Nie stwierdzono zanieczyszczenia oleju płynem chłodniczym. Skokowy wzrost indeksu PQ (informującego o zawartości cząstek ferromagnetycznych bez względu na rozmiar) oraz zawartości miedzi (oznaczonej w badaniu pierwiastków, cząstki <5µm). Pozostałe oznaczone pierwiastki zużyciowe na akceptowalnym poziomie.



Zalecenia i wnioski:

Wyniki przeprowadzonych badań wskazują na intensywny przebieg procesów zużycia w obrębie układu olejowego. Proszę o pilne przysłanie próbki weryfikacyjnej w celu potwierdzenia wyników oznaczeń.","{""lepkość"": ""w_zakresie_granicznym"", ""temperatura_zapłonu"": ""w_akceptowalnym_zakresie"", ""zanieczyszczenia_stałe"": ""w_normie"", ""woda"": ""w_normie"", ""płyn_chłodniczy"": ""brak_wykrycia"", ""metale_zużyciowe"": ""w_akceptowalnym_zakresie""}",2,UWAGA
P2211305,"Oznaczona lepkość w normie dla klasy SAE 40. Temperatura zapłonu w normie. Zawartość miedzi w zakresie akceptowalnym przy mniejszej ilości mth. Poziom pozostałych metalicznych produktów zużycia oznaczony w badaniu pierwiastków w normie.

Wnioski i zalecenia:

W celu dalszego śledzenia trendu zawartości pierwiastków zużyciowych, zalecane jest wykonanie kolejnego badania po 500 mth pracy silnika. ","{""lepkość"": ""w_normie"", ""temperatura_zapłonu"": ""w_normie"", ""miedź"": ""w_akceptowalnym_zakresie"", ""metale_zużyciowe"": ""w_normie""}",1,WSKAZÓWKA
P2211512,"Oznaczona lepkość znajduje się w górnym zakresie granicznym dla klasy SAE 40. Temperatura zapłonu w normie. Poziom metalicznych produktów zużycia w normie. Widmo w podczerwieni świadczy o wysokiej zawartości sadzy w oleju. Nie stwierdzono innego niepokojącego zanieczyszczenia oleju.

Zalecenia i wnioski:

Zalecana jest kontrola stanu i ewentualna wymiana filtru oleju. Proszę obserwować zmiany w następnym badaniu zgodnie z przyjętym harmonogramem diagnostyki.","{""lepkość"": ""w_zakresie_granicznym"", ""temperatura_zapłonu"": ""w_normie"", ""metale_zużyciowe"": ""w_normie""}",0,WSKAZÓWKA
P2211513,"Oznaczona lepkość w normie dla klasy SAE 40. Temperatura zapłonu w normie. Poziom metalicznych produktów zużycia w normie. Widmo w podczerwieni świadczy o wysokiej zawartości sadzy w oleju. Nie stwierdzono innego niepokojącego zanieczyszczenia oleju.

Zalecenia i wnioski:

Zalecana jest kontrola stanu i ewentualna wymiana filtru oleju. Proszę obserwować zmiany w następnym badaniu zgodnie z przyjętym harmonogramem diagnostyki.","{""lepkość"": ""w_normie"", ""temperatura_zapłonu"": ""w_normie"", ""metale_zużyciowe"": ""w_normie""}",1,WSKAZÓWKA
P2211579,"Lepkość w zakresie granicznym dla oleju klasy SAE 40. Temperatura zapłonu w normie. Nie podaliście Państwo typu eksploatowanego oleju z tego powodu nie możemy porównać liczby zasadowej z wartością tego parametru w oleju świeżym jednak oznaczona wartość mieści się w bezpiecznym zakresie. Własnosci dyspergujące w zakresie granicznym. Poziom metalicznych produktów zużycia oznaczony w badaniu pierwiastków (cząstki o rozmiarze <5 mikronów) w normie. Indeks PQ informujący o zawartości cząstek ferromagnetycznych (niezależnie od rozmiaru cząstek) w normie. Zawartość wody w normie. Na widmie w podczerwieni nie stwierdzono charakterystycznych zmian świadczących o zanieczyszczeniu oleju płynem chłodzącym.



Wnioski i zalecenia:

Proszę obserwować zmiany w następnej analizie. Zalecane jest przeprowadzenie kolejnego badania za 500mth. ","{""lepkość"": ""w_zakresie_granicznym"", ""temperatura_zapłonu"": ""w_normie"", ""liczba_zasadowa"": ""w_zakresie_bezpiecznym"", ""metale_zużyciowe"": ""w_normie"", ""pq_indeks"": ""w_normie"", ""woda"": ""w_normie"", ""płyn_chłodniczy"": ""brak_wykrycia""}",0,WSKAZÓWKA
P2211614,"Lepkość w zakresie typowym dla klasy SAE 40. Temperatura zapłonu w normie. Zawartość żelaza podwyższona, nie krytycznie, w porównaniu do poprzedniej analizy nie stwierdzono wzrostu zawartości. Pozostałe oznaczone pierwiastki zużyciowe w normie. Na widmie w podczerwieni nie stwierdzono charakterystycznych zmian świadczących o zanieczyszczeniu oleju płynem chłodniczym.



Zalecenia i wnioski:

Olej kwalifikuje się do dalszej eksploatacji. Proszę obserwować zmiany w kolejnym badaniu. Zalecane jest przeprowadzenie kolejnego badania za 500mth.","{""lepkość"": ""w_normie"", ""temperatura_zapłonu"": ""w_normie"", ""metale_zużyciowe"": ""w_normie"", ""płyn_chłodniczy"": ""brak_wykrycia""}",1,WSKAZÓWKA
P2211814,"Lepkość w zakresie typowym dla klasy SAE 40. Własności dyspergujące w zakresie granicznym. Temperatura zapłonu w normie. Indeks PQ w normie.



Wnioski i zalecenia:

Proszę obserwować zmiany w następnej analizie. Zalecane jest przeprowadzenie kolejnego badania za 500mth.","{""lepkość"": ""w_normie"", ""temperatura_zapłonu"": ""w_normie"", ""pq_indeks"": ""w_normie""}",1,WSKAZÓWKA
P2211827,"Oznaczony poziom miedzi mieści się w dopuszczalnym zakresie jednak wartość parametru w odniesieniu do przebiegu od wymiany wskazuje na zachowaną dynamikę przebiegu procesów zużycia lub/i korozji. Pozostałe oznaczone parametry w normie.



Zalecenia i wnioski:

Proszę obserwować zmiany w kolejnym badaniu nie później niż za 500mth. ","{""pozostałe_parametry"": ""w_normie"", ""miedź"": ""w_dopuszczalnym_zakresie""}",0,WSKAZÓWKA
P2211990,"Lepkość w normie dla klasy SAE 40. Temperatura zapłonu na dopuszczalnym poziomie. Liczba zasadowa na bezpiecznym poziomie. Własności dyspergujące obniżone. Zawartość cząstek zużyciowych na dopuszczalnym poziomie. Zawartość stałych zanieczyszczeń w normie. Zawartość wody w normie. Nie stwierdzono zanieczyszczenia oleju płynem chłodniczym.



Zalecenia i wnioski:

Proszę obserwować zmiany w kolejnym badaniu. Zalecane jest przeprowadzenie kolejnej analizy za 500mth. ","{""lepkość"": ""w_normie"", ""temperatura_zapłonu"": ""w_dopuszczalnym_zakresie"", ""liczba_zasadowa"": ""w_zakresie_bezpiecznym"", ""metale_zużyciowe"": ""w_dopuszczalnym_zakresie"", ""zanieczyszczenia_stałe"": ""w_normie"", ""woda"": ""w_normie"", ""płyn_chłodniczy"": ""brak_wykrycia""}",1,WSKAZÓWKA
P2211995,"Oznaczona lepkość dla klasy SAE 40 w normie. Temperatura zapłonu w normie. Wyraźny wzrost zawartości miedzi i ołowiu.  Poziom  pozostałych metalicznych produktów zużycia oznaczonych w badaniu pierwiastków w normie.

Wnioski i zalecenia:

Powiązać proszę wykryte metale zużyciowe z metalurgią układu(zużycie/korozja elementów smarowanych). Zalecana  kontrola stanu smarowanych elementów układu. W celu weryfikacji dynamiki zużycia proszę wykonać kolejne badanie po 500 mth pracy silnika.","{""lepkość"": ""w_normie"", ""temperatura_zapłonu"": ""w_normie"", ""metale_zużyciowe"": ""w_normie""}",1,UWAGA
P2212688,"Oznaczone własności reologiczne w normie dla klasy oleju 10W40. Poziom dodatków uszlachetniających, widmo w podczerwieni FIR, wykazują istotne różnice w odniesieniu do próbki referencyjnej (oleju świeżego) Motul 5100 4T 10W40. Liczba kwasowa znacznie powyżej oczekiwanej dla wskazanego czasu pracy oraz wartości oleju świeżego. Poziom zanieczyszczeń (krzem i sód) na akceptowalnym poziomie. Poziom metalicznych produktów zużycia na poziomie akceptowalnym.
Zalecenia i wnioski:
Wyniki badań wskazują iż olej pobrany z silnika nie jest tożsamy z próbką oleju świeżego Motul 5100 4T 10W40. Powyższe wskazuje iż olej nie został wymieniony lub zastosowano olej innego typu lub wymiana została przeprowadzona niepoprawnie.","{""lepkość"": ""w_normie"", ""krzem"": ""w_akceptowalnym_zakresie"", ""metale_zużyciowe"": ""w_akceptowalnym_zakresie""}",1,WSKAZÓWKA
P2212714,"Lepkość w zakresie dopuszczalnym dla klasy SAE 40. Temperatura zapłonu w normie. Liczba zasadowa na bezpiecznym poziomie. Własności dyspergujące obniżone. Zawartość cząstek zużyciowych na dopuszczalnym poziomie. Zawartość stałych zanieczyszczeń w normie. Zawartość wody w normie. Nie stwierdzono zanieczyszczenia oleju płynem chłodniczym.



Zalecenia i wnioski:

Proszę obserwować zmiany w kolejnym badaniu. Zalecane jest przeprowadzenie kolejnej analizy za 500mth.","{""lepkość"": ""w_dopuszczalnym_zakresie"", ""temperatura_zapłonu"": ""w_normie"", ""liczba_zasadowa"": ""w_zakresie_bezpiecznym"", ""metale_zużyciowe"": ""w_dopuszczalnym_zakresie"", ""zanieczyszczenia_stałe"": ""w_normie"", ""woda"": ""w_normie"", ""płyn_chłodniczy"": ""brak_wykrycia""}",1,WSKAZÓWKA
P2212909,"Lepkość w zakresie typowym dla klasy SAE 40. Temperatura zapłonu w normie. Własności dyspergujące w normie. Nie podaliście Państwo nazwy eksploatowanego oleju z tego powodu nie możemy porównać liczby zasadowej z wartością tego parametru w oleju świeżym jednak oznaczona wartość mieści się w bezpiecznym zakresie. Zawartość stałych ciał obcych w normie. Zawartość wody w normie. Zawartości cząstek zużyciowych mieści się w akceptowalnym zakresie, stwierdzono skokowy wzrost zawartości ołowiu.



Wnioski i zalecenia:

Wszystkie oznaczone parametry mieszczą się w dopuszczalnych zakresach jednak zalecana jest obserwacja zmian w następnym badaniu nie później niż po 500mth. ","{""lepkość"": ""w_normie"", ""temperatura_zapłonu"": ""w_normie"", ""liczba_zasadowa"": ""w_zakresie_bezpiecznym"", ""stałe_ciała_obce"": ""w_normie"", ""woda"": ""w_normie"", ""ołów"": ""w_akceptowalnym_zakresie"", ""metale_zużyciowe"": ""w_akceptowalnym_zakresie""}",1,WSKAZÓWKA
P2213557,"Lepkość w 100°C niemożliwa do oznaczenia zgodnie z PN-EN ISO 3104 ze względu na stan próbki. Temperatura zapłonu w normie. Liczba kwasowa powyżej wartości oczekiwanej jednak relacja liczby kwasowej do liczby zasadowej wskazuje na rezerwę alkaliczną na akceptowalnym poziomie. Zawartość wody (0,13%) na akceptowalnym poziomie. Indeks PQ (informujący o zawartości cząstek ferromagnetycznych bez względu na rozmiar) w normie. Zawartość cząstek zużyciowych (oznaczona w badaniu pierwiastków, cząstki <5µm) w normie. Widmo w podczerwieni mało czytelne ze względu na zawartość sadzy. 



Zalecenia i wnioski:

Ze względu na przekroczenia parametrów dopuszczalnych, olej nie kwalifikuje się do dalszej eksploatacji. Należy niezwłocznie podjąć działania korygujące polegające na wymianie oleju na świeży (zgodny z instrukcją obsługi) oraz poinformowanie serwisu o przeprowadzonej wymianie lub przeprowadzenie wymiany oleju pod nadzorem przedstawiciela serwisu.   ","{""temperatura_zapłonu"": ""w_normie"", ""liczba_kwasowa"": ""w_akceptowalnym_zakresie"", ""liczba_zasadowa"": ""w_akceptowalnym_zakresie"", ""woda"": ""w_akceptowalnym_zakresie"", ""pq_indeks"": ""w_normie"", ""metale_zużyciowe"": ""w_normie""}",1,UWAGA
P2213715,"Lepkość w normie dla klasy SAE 40. Rezerwa alkaliczna oleju na akceptowalnym poziomie. Nie stwierdzono krytycznie podwyższonej nitracji, sulfacji ani oksydacji. Nie stwierdzono niepokojąco podwyższonej zawartości cząstek metalicznych wskazującej na intensywny przebieg procesów korozji lub zużycia smarowanych elementów.  





Wnioski i zalecenia:

Olej kwalifikuje się do dalszej eksploatacji jednak w trosce o bezpieczeństwo eksploatacyjne zalecana jest obserwacja zmian w kolejnym badaniu nie później niż za 500 h.","{""lepkość"": ""w_normie"", ""rezerwa_alkaliczna"": ""w_akceptowalnym_zakresie"", ""oksydacja"": ""brak_wykrycia"", ""nitracja"": ""brak_wykrycia"", ""sulfacja"": ""brak_wykrycia""}",0,WSKAZÓWKA
P2214069,"Lepkość mieści się w zakresie typowym dla klasy SAE 40. Rezerwa alkaliczna na akceptowalnym poziomie. Poziom metalicznych produktów zużycia oznaczony w badaniu pierwiastków (cząstki o rozmiarze <5 mikronów) w normie.

Zalecenia i wnioski:

Odnotowano znaczy spadek pierwiastków zużyciowych, najprawdopodobniej jest to spowodowane miejscem lub/i sposobem poboru próbki. Zalecane jest przeprowadzenie kolejnego badania za około kwartał. Proszę obserwować zmiany w następnej analizie.","{""lepkość"": ""w_normie"", ""rezerwa_alkaliczna"": ""w_akceptowalnym_zakresie"", ""metale_zużyciowe"": ""w_normie""}",1,WSKAZÓWKA
P2214071,"Oznaczona lepkość jest obniżona dla oleju klasy SAE 40, wskazuje na olej klasy SAE 30. Temperatura zapłonu w normie. Liczba zasadowa na bezpiecznym poziomie. Zawartość stałych zanieczyszczeń na dopuszczalnym poziomie. Zawartość cząstek zużyciowych w normie.

Zalecenia i wnioski:

Zweryfikować informacje dot. eksploatowanego środka smarnego, zalecana jest wymiana oleju na świeży jeśli jeszcze nie nastąpiła. Przeprowadzić kolejne badanie zgodnie z harmonogramem diagnostyki olejowej. Proszę obserwować zmiany w następnej analizie. ","{""lepkość"": ""w_normie"", ""temperatura_zapłonu"": ""w_normie"", ""liczba_zasadowa"": ""w_zakresie_bezpiecznym"", ""zanieczyszczenia_stałe"": ""w_dopuszczalnym_zakresie"", ""metale_zużyciowe"": ""w_normie""}",1,WSKAZÓWKA
P2214503,"Odnotowano spadek lepkości w stosunku do poprzedniego badania, oznaczona lepkość mieści się w klasie SAE 30. Temperatura zapłonu w normie. W porównaniu do poprzedniego badania nie stwierdzono znaczącego wzrostu zawartości cząstek zużyciowych. Nie stwierdzono zanieczyszczenia oleju płynem chłodniczym. 

Zalecenia i wnioski:

Proszę zweryfikować wymagania producenta silnika dotyczące lepkości eksploatowanego oleju, w razie konieczności przeprowadzić wymianę oleju na świeży. W przypadku dalszego użytkowania oleju zalecana jest obserwacja zmian w kolejnym badaniu za 500mth.   ","{""temperatura_zapłonu"": ""w_normie"", ""płyn_chłodniczy"": ""brak_wykrycia""}",1,WSKAZÓWKA
P2214771,"Oznaczona lepkość w zakresie granicznym klasy SAE 40. Własności dyspergujące pogorszone. Temperatura zapłonu na dopuszczalnym poziomie. Indeks PQ w normie. Widmo w podczerwieni mało czytelne ze względu na zawartość sadzy, jednak nie stwierdzono zamian świadczących na obecność płynu chłodniczego.



Wnioski i zalecenia:

Zalecana jest obserwacja zmian w kolejnym badaniu po 500mth. ","{""lepkość"": ""w_zakresie_granicznym"", ""temperatura_zapłonu"": ""w_dopuszczalnym_zakresie"", ""pq_indeks"": ""w_normie"", ""sadza"": ""brak_wykrycia""}",1,WSKAZÓWKA
P2215294,"Oznaczona lepkość znajduje się poniżej klasy SAE 50, wskazuje na olej klasy SAE 40. Zawartość stałych ciał obcych w normie. Własności dyspergujące w normie. Temperatura zapłonu w normie.

Wnioski i zalecenia:

Proszę zweryfikować wymagania producenta silnika dotyczące lepkości eksploatowanego oleju, w razie konieczności przeprowadzić wymianę oleju na świeży. Przeprowadzić kolejne badanie zgodnie z harmonogramem diagnostyki olejowej. Proszę obserwować zmiany w następnej analizie.","{""lepkość"": ""w_normie"", ""stałe_ciała_obce"": ""w_normie"", ""temperatura_zapłonu"": ""w_normie""}",1,WSKAZÓWKA
P2215295,"Oznaczona lepkość znajduje się poniżej klasy SAE 50, wskazuje na olej klasy SAE 40. Zawartość stałych ciał obcych w normie. Własności dyspergujące w normie. Temperatura zapłonu w normie.

Wnioski i zalecenia:

Proszę zweryfikować wymagania producenta silnika dotyczące lepkości eksploatowanego oleju, w razie konieczności przeprowadzić wymianę oleju na świeży. Przeprowadzić kolejne badanie zgodnie z harmonogramem diagnostyki olejowej. Proszę obserwować zmiany w następnej analizie.","{""lepkość"": ""w_normie"", ""stałe_ciała_obce"": ""w_normie"", ""temperatura_zapłonu"": ""w_normie""}",1,WSKAZÓWKA
P2215882,"Lepkość w zakresie granicznym dla klasy SAE 40. Temperatura zapłonu w normie. Nie stwierdzono niepokojąco podwyższonej zawartości cząstek zużyciowych. Nie stwierdzono zanieczyszczenia oleju płynem chłodniczym.





Zalecenia i wnioski:

Oznaczone parametry mieszczą się w akceptowalnych zakresach. Olej kwalifikuje się do dalszej eksploatacji jednak zalecana jest obserwacja zmian w kolejnym badaniu po 500mth.","{""lepkość"": ""w_zakresie_granicznym"", ""temperatura_zapłonu"": ""w_normie"", ""płyn_chłodniczy"": ""brak_wykrycia""}",0,WSKAZÓWKA
P2216342,"Lepkość w zakresie typowym dla klasy SAE 40. Temperatura zapłonu w normie. Zawartość ołowiu lekko podwyższona, nie stwierdzono przyrostu w porównaniu do poprzedniego badania. Zawartość pozostałych oznaczonych pierwiastków zużyciowych w normie. Nie stwierdzono zanieczyszczenia oleju płynem chłodniczym.



Zalecenia i wnioski:

Oznaczone parametry mieszczą się w akceptowalnych zakresach jednak zalecana jest obserwacja zmian w kolejnym badaniu po 500mth.","{""lepkość"": ""w_normie"", ""temperatura_zapłonu"": ""w_normie"", ""metale_zużyciowe"": ""w_normie"", ""płyn_chłodniczy"": ""brak_wykrycia""}",1,WSKAZÓWKA
P2216392,"Lepkość w normie dla oleju klasy SAE 40. Temperatura zapłonu na akceptowalnym poziomie. Nie stwierdzono podwyższonej zawartości cząstek zużyciowych. Widmo w podczerwieni wskazuje na podwyższoną zawartość sadzy w oleju, nie stwierdzono charakterystycznych zmian świadczących o zanieczyszczeniu oleju płynem chłodniczym.

Zalecenia i wnioski:

Zalecana jest kontrola stanu i ewentualna wymiana filtrów. Proszę obserwować zmiany w następnej analizie zgodnie z przyjętym harmonogramem diagnostyki.","{""lepkość"": ""w_normie"", ""temperatura_zapłonu"": ""w_akceptowalnym_zakresie"", ""płyn_chłodniczy"": ""brak_wykrycia"", ""sadza"": ""brak_wykrycia""}",1,WSKAZÓWKA
P2216757,"Lepkość w zakresie typowym dla klasy SAE 40. Temperatura zapłonu w normie. Zawartość cząstek zużyciowych mieści się w dopuszczalnym zakresie. Widmo w podczerwieni świadczy o wysokiej zawartości sadzy w oleju. W badaniu pierwiastków nie stwierdzono podwyższonej zawartości pierwiastków wskazujących na zanieczyszczenie oleju płynem chłodniczym. 



Zalecenia i wnioski:

Zalecana jest kontrola stanu i ewentualna wymiana filtru oleju. Proszę obserwować zmiany w kolejnym badaniu zgodnie z przyjętym harmonogramem diagnostyki.","{""lepkość"": ""w_normie"", ""temperatura_zapłonu"": ""w_normie"", ""metale_zużyciowe"": ""w_dopuszczalnym_zakresie"", ""płyn_chłodniczy"": ""brak_wykrycia""}",1,WSKAZÓWKA
P2216862,"Lepkość w normie dla klasy SAE 40. Temperatura zapłonu w normie. Własności dyspergujące na akceptowalnym poziomie. Liczba zasadowa na dopuszczalnym poziomie, trend malejący. Zawartość stałych ciał obcych w normie. Podwyższony poziom krzemu, nie stwierdzono przyrostu zawartości w porównaniu do poprzedniego badania. Zawartość wody w normie. Nie stwierdzono zanieczyszczenia oleju płynem chłodzącym. Zawartość cząstek zużyciowych utrzymuje się na stabilnym poziomie.



Wnioski i zalecenia:

Olej kwalifikuje się do dalszej eksploatacji jednak zalecana jest obserwacja zmian w kolejnym badaniu po 500mth. ","{""lepkość"": ""w_normie"", ""temperatura_zapłonu"": ""w_normie"", ""liczba_zasadowa"": ""w_dopuszczalnym_zakresie"", ""stałe_ciała_obce"": ""w_normie"", ""woda"": ""w_normie"", ""płyn_chłodniczy"": ""brak_wykrycia""}",1,WSKAZÓWKA
P2217570,"Lepkość w normie dla klasy SAE 40. Temperatura zapłonu w normie. Liczba zasadowa w normie. Własności dyspergujące obniżone. Zawartość stałych zanieczyszczeń w normie. Nie stwierdzono niepokojąco podwyższonej zawartości cząstek zużyciowych. Zawartość wody w dopuszczalnym zakresie. Nie stwierdzono zanieczyszczenia oleju płynem chłodzącym. 

Zalecenia i wnioski:

Proszę obserwować zmiany w kolejnym badaniu. Zalecane jest przeprowadzenie kolejnej analizy za 500mth.","{""lepkość"": ""w_normie"", ""temperatura_zapłonu"": ""w_normie"", ""liczba_zasadowa"": ""w_normie"", ""zanieczyszczenia_stałe"": ""w_normie"", ""woda"": ""w_dopuszczalnym_zakresie"", ""płyn_chłodniczy"": ""brak_wykrycia""}",1,WSKAZÓWKA
P2217694,"Oznaczona lepkość w normie. Temperatura zapłonu w normie dla tego typu aplikacji. Zawartość żealaza jest podniesiona - odnotowano znaczny przyrost w stosunku do poprzedniej analizy. Poziom pozostałych metalicznych produktów zużycia oznaczony w badaniu pierwiastków (cząstki o rozmiarze <5 mikronów) w normie. 

Wnioski i zalecenia:

Ze względu na podniesioną zawartość żelaza zalecane jest skontrolowanie układu pod kątem podwyższonego zużycia. Zalecane jest również przeprowadzenie kolejnego badania nie później niż za 25 godzin nalotu.","{""lepkość"": ""w_normie"", ""temperatura_zapłonu"": ""w_normie"", ""metale_zużyciowe"": ""w_normie""}",2,UWAGA
P2217722,"Oznaczona lepkość dla klasy SAE 40 w normie. Temperatura zapłonu w normie.  Zawartość miedzi w trendzie stabilnym. Poziom pozostałych metalicznych produktów zużycia oznaczony w badaniu pierwiastków w normie.

Wnioski i zalecenia:

Proszę obserwować zmiany trendu w następnej analizie. Przeprowadzić kolejne badanie zgodnie z harmonogramem diagnostyki olejowej.","{""lepkość"": ""w_normie"", ""temperatura_zapłonu"": ""w_normie"", ""metale_zużyciowe"": ""w_normie""}",1,WSKAZÓWKA
P2217776,"Oznaczona lepkość dla klasy SAE 40 w normie. Temperatura zapłonu w normie. Zawartość miedzi podwyższona - w dopuszczalnym limicie. Poziom pozostałych  metalicznych produktów zużycia oznaczony w badaniu pierwiastków w normie.

Wnioski i zalecenia:

W celu śledzenia trendu zawartości miedzi zaleca się przeprowadzenie kolejnego  badania za 500mth. Proszę obserwować zmiany w następnej analizie. ","{""lepkość"": ""w_normie"", ""temperatura_zapłonu"": ""w_normie"", ""miedź"": ""w_dopuszczalnym_zakresie"", ""metale_zużyciowe"": ""w_normie""}",1,WSKAZÓWKA
P2218032,"Oznaczona lepkość w normie dla klasy SAE 40. Rezerwa alkaliczna w zakresie akceptowalnym. Nie stwierdzono podwyższonej zawartości cząstek metalicznych wskazującej na intensywny przebieg procesów korozji lub zużycia w obrębie smarowanego układu. Nie stwierdzono niepokojąco podwyższonej oksydacji, sulfacji ani nitracji.

Zalecenia i wnioski:

Oznaczone parametry mieszczą się w dopuszczalnych zakresach - olej kwalifikuje się do dalszej eksploatacji. Zaleca się jednak obserwację rezerwy alkalicznej w następnym badaniu nie później niż za miesiąc od daty pobrania próbki aktualnej.","{""lepkość"": ""w_normie"", ""rezerwa_alkaliczna"": ""w_akceptowalnym_zakresie"", ""oksydacja"": ""brak_wykrycia"", ""nitracja"": ""brak_wykrycia"", ""sulfacja"": ""brak_wykrycia""}",0,WSKAZÓWKA
P2219129,"Lepkość w zakresie typowym dla klasy SAE 40. Temperatura zapłonu na dopuszczalnym poziomie. Oznaczone dodatki oraz widmo w podczerwieni nie są typowe dla zdeklarowanego w druku próbki oleju Lotos Oil Superol Falco CD 15W-40, sugerują, że w eksploatacji jest olej innego typu lub mieszanina olejów. Nie stwierdzono niepokojąco podwyższonej zawartości cząstek zużyciowych. Na widmie w podczerwieni nie stwierdzono charakterystycznych zmian świadczących o zanieczyszczeniu oleju płynem chłodzącym. 





Zalecenia i wnioski:

Zalecana jest obserwacja zmian w kolejnym badaniu po 500mth.","{""lepkość"": ""w_normie"", ""temperatura_zapłonu"": ""w_dopuszczalnym_zakresie"", ""płyn_chłodniczy"": ""brak_wykrycia""}",1,WSKAZÓWKA
P2219378,"Zawartość cząstek zużyciowych mieści się w dopuszczalnym zakresie jednak zestawienie oznaczonych poziomów pierwiastków z krótkim czasem od wymiany oleju wskazuje na intensywny przebieg procesów zużycia.



Zalecenia i wnioski:

Proszę obserwować zmiany w kolejnym badaniu nie później niż po 25h nalotu. ","{""metale_zużyciowe"": ""w_dopuszczalnym_zakresie""}",1,WSKAZÓWKA
P2219703,"Lepkość w zakresie granicznym dla klasy SAE 40. Temperatura zapłonu w normie. Zawartość wody (0,02%) w normie. Indeks PQ (informujący o zawartości cząstek ferromagnetycznych bez względu na rozmiar) w normie. Zawartość cząstek zużyciowych (oznaczona w badaniu pierwiastków, cząstki <5µm) mieści się w dopuszczalnym zakresie. Na widmie w podczerwieni nie stwierdzono charakterystycznych zmian świadczących o zanieczyszczeniu oleju płynem chłodniczym, nie stwierdzono podwyższonej zawartości sadzy. 

Wnioski i zalecenia:

Proszę zweryfikować wymagania dotyczące lepkości eksploatowanego oleju. Jeżeli lepkość spełnia wymagania olej kwalifikuje się do dalszej eksploatacji - w tej sytuacji proszę obserwować zmiany oraz przeprowadzić wymianę oleju zgodnie z przyjętym harmonogramem. W przeciwnym razie należy niezwłocznie podjąć działania korygujące polegające na wymianie oleju na świeży (zgodny z instrukcją obsługi) oraz poinformowanie serwisu o przeprowadzonej wymianie lub przeprowadzenie wymiany oleju pod nadzorem przedstawiciela serwisu.","{""lepkość"": ""w_zakresie_granicznym"", ""temperatura_zapłonu"": ""w_normie"", ""woda"": ""w_normie"", ""pq_indeks"": ""w_normie"", ""metale_zużyciowe"": ""w_dopuszczalnym_zakresie"", ""płyn_chłodniczy"": ""brak_wykrycia"", ""sadza"": ""brak_wykrycia""}",1,WSKAZÓWKA
P2219725,"Oznaczona lepkość obniżona dla oleju klasy SAE 50, wskazuje na olej klasy SAE 40. Zawartość ciał stałych w normie. Własności dyspergujące w normie. Temperatura zapłonu w zakresie dopuszczalnym.

Wnioski i zalecenia:

Proszę zweryfikować wymagania producenta silnika dotyczące lepkości eksploatowanego oleju, w razie konieczności przeprowadzić wymianę oleju na świeży. W przypadku dalszej eksploatacji oleju, przeprowadzić kolejne badanie oleju za 500mth pracy, licząc od chwili pobrania aktualnej próbki.","{""lepkość"": ""w_normie"", ""stałe_ciała_obce"": ""w_normie"", ""temperatura_zapłonu"": ""w_dopuszczalnym_zakresie""}",1,WSKAZÓWKA
P2219726,"Oznaczona lepkość obniżona dla oleju klasy SAE 50, wskazuje na olej klasy SAE 40. Zawartość ciał stałych w normie. Własności dyspergujące w normie. Temperatura zapłonu w normie. 

Wnioski i zalecenia:

Proszę zweryfikować wymagania producenta silnika dotyczące lepkości eksploatowanego oleju, w razie konieczności przeprowadzić wymianę oleju na świeży. W przypadku dalszej eksploatacji oleju, przeprowadzić kolejne badanie oleju zgodnie z przyjętym harmonogramem diagnostyki olejowej. ","{""lepkość"": ""w_normie"", ""stałe_ciała_obce"": ""w_normie"", ""temperatura_zapłonu"": ""w_normie""}",1,WSKAZÓWKA
P2220002,"Oznaczona lepkość wskazuje na olej klasy SAE 30. Temperatura zapłonu w dopuszczalnym zakresie. Poziom metalicznych produktów zużycia oznaczony w badaniu pierwiastków (cząstki o rozmiarach <5um) w normie. Na widmie w podczerwieni nie stwierdzono charakterystycznych zmian świadczące o podwyższonej zawartości glikolu w dostarczonej próbce.

Wnioski i zalecenia:

Skontrolować wymagania producenta urządzenia dot. zakresu dopuszczalnej lepkości oleju, w razie potrzeby wymienić olej. W razie dalszej eksploatacji przeprowadzić kolejne badanie oleju za 500mth pracy.","{""lepkość"": ""w_normie"", ""temperatura_zapłonu"": ""w_dopuszczalnym_zakresie"", ""metale_zużyciowe"": ""w_normie"", ""glikol"": ""brak_wykrycia""}",2,WSKAZÓWKA
P2220144,"Lepkość w normie dla oleju klasy SAE 40. Temperatura zapłonu na akceptowalnym poziomie. Nie stwierdzono podwyższonej zawartości cząstek zużyciowych. Widmo w podczerwieni wskazuje na podwyższoną zawartość sadzy w oleju, nie stwierdzono charakterystycznych zmian świadczących o zanieczyszczeniu oleju płynem chłodniczym.

Zalecenia i wnioski:

Zalecana jest kontrola stanu i ewentualna wymiana filtrów. Proszę obserwować zmiany w następnej analizie zgodnie z przyjętym harmonogramem diagnostyki.","{""lepkość"": ""w_normie"", ""temperatura_zapłonu"": ""w_akceptowalnym_zakresie"", ""płyn_chłodniczy"": ""brak_wykrycia"", ""sadza"": ""brak_wykrycia""}",1,WSKAZÓWKA
P2220265,"Oznaczona lepkość kinematyczna oleju lekko poniżej zakresu klasy SAE 50. Temperatura zapłonu w normie. Poziom metalicznych produktów zużycia oznaczony w badaniu pierwiastków (cząstki o rozmiarach <5um) w normie.

Wskazówki i zalecenia:

Skontrolować wymagania producenta urządzenia dot. zakresu dopuszczalnej lepkości oleju, w razie potrzeby wymienić olej.","{""temperatura_zapłonu"": ""w_normie"", ""metale_zużyciowe"": ""w_normie""}",1,WSKAZÓWKA
P2300133,"Oznaczona lepkość kinematyczna w normie dla oleju klasy SAE 40. Temperatura zapłonu w zakresie akceptowalnym. Poziom metalicznych produktów zużycia oznaczony w badaniu pierwiastków (cząstki o rozmiarach <5um) w normie.

Zalecenia i wnioski:

Widmo w podczerwieni FTIR wskazuje na wysoką zawartość sadzy. Przeprowadzić kontrolę i w razie potrzeby wymianę wkładów filtracyjnych. Proszę obserwować zmiany w następnej analizie. Wykonać kolejne badanie zgodnie z przyjętym harmonogramem diagnostyki olejowej.","{""lepkość"": ""w_normie"", ""temperatura_zapłonu"": ""w_akceptowalnym_zakresie"", ""metale_zużyciowe"": ""w_normie""}",1,WSKAZÓWKA
P2300134,"Lepkość poniżej dolnego zakresu granicznego dla oleju klasy SAE 40. Temperatura zapłonu w normie. Nie stwierdzono niepokojącego zanieczyszczenia oleju płynem chłodniczym. Zawartość metali zużyciowych w normie.

Wnioski i zalecenia:

Proszę zweryfikować wymagania producenta silnika dotyczące lepkości eksploatowanego oleju, w razie konieczności przeprowadzić wymianę oleju na świeży. W przypadku dalszego użytkowania oleju zalecana jest obserwacja zmian w kolejnym badaniu nie później niż za 500mth. ","{""lepkość"": ""w_zakresie_granicznym"", ""temperatura_zapłonu"": ""w_normie"", ""płyn_chłodniczy"": ""brak_wykrycia"", ""metale_zużyciowe"": ""w_normie""}",1,WSKAZÓWKA
P2300908,"Oznaczona lepkość wskazuje na olej klasy SAE 40. Temperatura zapłonu na dopuszczalnym poziomie. Zawartość cząstek zużyciowych mieści się w dopuszczalnym zakresie, w porównaniu do poprzednich analiz stwierdzono wzrost zawartości ołowiu i miedzi. Zawartość sodu w trendzie malejącym. Nie stwierdzono niepokojącego zanieczyszczenia oleju.

Zalecenia i wnioski:

Proszę przeprowadzić kontrolę szczelności pod względem dostawania się płynu chłodniczego do układu. W celu obserwacji trendu przyrostu cząstek zużyciowych zalecam wykonanie następnego badania po 500mth.","{""lepkość"": ""w_normie"", ""temperatura_zapłonu"": ""w_dopuszczalnym_zakresie"", ""miedź"": ""w_dopuszczalnym_zakresie"", ""ołów"": ""w_dopuszczalnym_zakresie"", ""metale_zużyciowe"": ""w_dopuszczalnym_zakresie""}",1,WSKAZÓWKA
P2301123,"Oznaczona lepkość poniżej dolnej wartości granicznej dla klasy SAE 40 - trend stabilny. Temperatura zapłonu w normie. Na widmie IR zaobserwowano odchylenia od referencji oleju świeżego oraz zmiany mogące świadczyć o degradacji bazy olejowej. Poziom metalicznych produktów zużycia w normie. 

Zalecenia i wnioski:

Ze względu na oznaki starzenia się oleju oraz obniżoną lepkość proszę upewnić się, że olej nadaje się do dalszej eksploatacji. Proszę przesłać próbkę do badania za ok 250 mth pracy silnika. Obserwować zmiany w kolejnym badaniu.","{""temperatura_zapłonu"": ""w_normie"", ""metale_zużyciowe"": ""w_normie""}",0,WSKAZÓWKA
P2301343,"Oznaczona lepkość w zakresie granicznym dla oleju klasy SAE 40. Temperatura zapłonu w normie. Poziom miedzi lekko. Poziom pozostałych metalicznych produktów zużycia oznaczony w badaniu pierwiastków (cząstki o rozmiarach <5um) w normie.

Wnioski i zalecenia: 

Proszę obserwować zmiany w następnej analizie.Proszę przeprowadzić następne badanie za 500 mth.","{""lepkość"": ""w_zakresie_granicznym"", ""temperatura_zapłonu"": ""w_normie"", ""metale_zużyciowe"": ""w_normie""}",1,WSKAZÓWKA
P2301930,"Lepkość w zakresie typowym dla klasy SAE 40. Temperatura zapłonu w normie. Liczba zasadowa na bezpiecznym poziomie. Własności dyspergujące w normie. Zawartość stałych zanieczyszczeń w normie. Zawartość wody w akceptowalnym zakresie. Poziom metalicznych produktów zużycia w normie. Na widmie w podczerwieni zaobserwowano zmiany świadczące o znacznym zanieczyszczeniu oleju sadzą.

Zalecenia i wnioski:

Proszę obserwować zmiany w kolejnym badaniu za 500mth. Przeprowadzić kontrolę wkładów filtracyjnych i wymienić je w razie potrzeby. Wysłać kolejną próbkę do badania ","{""lepkość"": ""w_normie"", ""temperatura_zapłonu"": ""w_normie"", ""liczba_zasadowa"": ""w_zakresie_bezpiecznym"", ""zanieczyszczenia_stałe"": ""w_normie"", ""woda"": ""w_akceptowalnym_zakresie"", ""metale_zużyciowe"": ""w_normie""}",1,WSKAZÓWKA
P2303106,"Oznaczona lepkość znajduje się poniżej normy dla oleju klasy SAE 50, wskazuje na olej klasy SAE 40. Zawartość stałych ciał obcych w normie. Własności dyspergujące w normie. Temperatura zapłonu w normie.

Wnioski i zalecenia:

Proszę zweryfikować wymagania producenta silnika dotyczące lepkości eksploatowanego oleju, w razie konieczności przeprowadzić wymianę oleju na świeży. Przeprowadzić kolejne badanie zgodnie z harmonogramem diagnostyki olejowej. Proszę obserwować zmiany w następnej analizie.","{""lepkość"": ""w_normie"", ""stałe_ciała_obce"": ""w_normie"", ""temperatura_zapłonu"": ""w_normie""}",1,WSKAZÓWKA
P2303193,"Oznaczona lepkość dla klasy SAE 50 obniżona, wskazuje na olej klasy SAE 40. Temperatura zapłonu na poziomie akceptowalnym. Poziom metalicznych produktów zużycia oznaczony w badaniu pierwiastków w normie. 




Wnioski i zalecenia: 



Proszę zweryfikować wymagania dotyczące lepkości stosowanego oleju w układzie, w razie konieczności przeprowadzić wymianę oleju na świeży. Jeśli olej będzie nadal eksploatowany, zalecane jest przeprowadzenie kolejnego badania za 500 mth pracy silnika.","{""lepkość"": ""w_normie"", ""temperatura_zapłonu"": ""w_akceptowalnym_zakresie"", ""metale_zużyciowe"": ""w_normie""}",1,WSKAZÓWKA
P2304333,"Lepkość lekko poniżej zakresu typowego dla klasy SAE 40, wskazuje na olej klasy SAE 30. Temperatura zapłonu w normie. Rezerwa alkaliczna na bezpiecznym poziomie. Zawartość wody (0,03%) w normie. Indeks PQ (informujący o zawartości cząstek ferromagnetycznych bez względu na rozmiar) w normie. Zawartość cząstek zużyciowych (oznaczona w badaniu pierwiastków, cząstki <5µm) na dopuszczalnym poziomie. Nie stwierdzono zanieczyszczenia oleju płynem chłodniczym.

Zalecenia i wnioski:

Proszę zweryfikować wymagania dotyczące lepkości eksploatowanego oleju. Jeżeli lepkość spełnia wymagania olej kwalifikuje się do dalszej eksploatacji - w tej sytuacji proszę obserwować zmiany oraz przeprowadzić wymianę oleju zgodnie z przyjętym harmonogramem. W przeciwnym razie należy niezwłocznie podjąć działania korygujące polegające na wymianie oleju na świeży (zgodny z instrukcją obsługi) oraz poinformowanie serwisu o przeprowadzonej wymianie lub przeprowadzenie wymiany oleju pod nadzorem przedstawiciela serwisu.","{""lepkość"": ""w_normie"", ""temperatura_zapłonu"": ""w_normie"", ""rezerwa_alkaliczna"": ""w_zakresie_bezpiecznym"", ""woda"": ""w_normie"", ""pq_indeks"": ""w_normie"", ""metale_zużyciowe"": ""w_dopuszczalnym_zakresie"", ""płyn_chłodniczy"": ""brak_wykrycia""}",1,WSKAZÓWKA
P2304548,"Lepkość w zakresie dopuszczalnym dla klasy SAE 40. Temperatura zapłonu w normie. Liczba zasadowa oraz zawartość dodatków poniżej wartości oczekiwanych dla oleju Lotos Oil IBIS RDEO SAE 40. Własności dyspergujące na akceptowalnym poziomie. Zawartość stałych zanieczyszczeń na akceptowalnym poziomie. Zawartość wody w normie. Zawartość cząstek zużyciowych mieści się w akceptowalnym zakresie. Nie stwierdzono zanieczyszczenia oleju płynem chłodniczym.



Zalecenia i wnioski:

Wyniki badań sugerują, że w eksploatacji jest olej innego typu niż deklarowano lub mieszanina olejów różnych typów. Wskazana jest obserwacja zmian w kolejnym badaniu po 500mth.","{""lepkość"": ""w_dopuszczalnym_zakresie"", ""temperatura_zapłonu"": ""w_normie"", ""zanieczyszczenia_stałe"": ""w_akceptowalnym_zakresie"", ""woda"": ""w_normie"", ""metale_zużyciowe"": ""w_akceptowalnym_zakresie"", ""płyn_chłodniczy"": ""brak_wykrycia""}",1,WSKAZÓWKA
P2304555,"Oznaczona lepkość w normie dla oleju klasy SAE 30. Rezerwa alkaliczna na poziomie oczekiwanym w stosunku do przebiegu samochodu. Temperatura zapłonu w normie. Poziom metalicznych produktów zużycia oznaczony w badaniu pierwiastków (cząstki o rozmiarach <5um) w normie.

Zalecenia i wnioski:

Rezerwa alkaliczna jest jeszcze na bezpiecznym poziomie. Proszę przygotować się na wymianę oleju na świeży w najbliższym terminie. Proszę obserwować zmiany w następnej analizie. Wykonać kolejne badanie zgodnie z przyjętym harmonogramem diagnostyki olejowej.","{""lepkość"": ""w_normie"", ""rezerwa_alkaliczna"": ""w_normie"", ""temperatura_zapłonu"": ""w_normie"", ""metale_zużyciowe"": ""w_normie""}",0,WSKAZÓWKA
P2304598,"Oznaczona lepkość wskazuje na olej klasy SAE 50, odbiega od klasy deklarowanego przez Państwa oleju (SAE 40). Temperatura zapłonu w normie. Poziom metalicznych produktów zużycia oznaczony w badaniu pierwiastków (cząstki o rozmiarze <5 mikronów) w normie.

Wnioski i zalecenia:

Zweryfikować informację dot. stosowanego oleju. Przeprowadzić kolejne badanie zgodnie z harmonogramem diagnostyki olejowej. Proszę obserwować zmiany w następnej analizie. ","{""lepkość"": ""w_normie"", ""temperatura_zapłonu"": ""w_normie"", ""metale_zużyciowe"": ""w_normie""}",1,WSKAZÓWKA
P2304706,"Oznaczona lepkość wskazuje na olej klasy SAE 30. Temperatura zapłonu w normie. Rezerwa alkaliczna na bezpiecznym poziomie. Zawartość wody (0,05%) w zakresie akceptowalnym. Indeks PQ (informujący o zawartości cząstek ferromagnetycznych bez względu na rozmiar) w normie. Zawartość cząstek zużyciowych (oznaczona w badaniu pierwiastków, cząstki <5µm) na dopuszczalnym poziomie. Nie stwierdzono zanieczyszczenia oleju płynem chłodniczym.

Zalecenia i wnioski:

Proszę zweryfikować wymagania dotyczące lepkości eksploatowanego oleju. Jeżeli lepkość spełnia wymagania olej kwalifikuje się do dalszej eksploatacji - w tej sytuacji proszę obserwować zmiany oraz przeprowadzić wymianę oleju zgodnie z przyjętym harmonogramem. W przeciwnym razie należy niezwłocznie podjąć działania korygujące polegające na wymianie oleju na świeży (zgodny z instrukcją obsługi) oraz poinformowanie serwisu o przeprowadzonej wymianie lub przeprowadzenie wymiany oleju pod nadzorem przedstawiciela serwisu.","{""lepkość"": ""w_normie"", ""temperatura_zapłonu"": ""w_normie"", ""rezerwa_alkaliczna"": ""w_zakresie_bezpiecznym"", ""woda"": ""w_akceptowalnym_zakresie"", ""pq_indeks"": ""w_normie"", ""metale_zużyciowe"": ""w_dopuszczalnym_zakresie"", ""płyn_chłodniczy"": ""brak_wykrycia""}",1,WSKAZÓWKA
P2304718,"Oznaczona lepkość w normie dla oleju klasy SAE 40. Temperatura zapłonu w normie. Zawartość miedzi podwyższona, w trendzie stabilnym, nie stwierdzono znaczącego przyrostu od poprzedniego badania. Poziom pozostałych metalicznych produktów zużycia oznaczony w badaniu pierwiastków (cząstki o rozmiarach <5um) w normie.

Wnioski i zalecenia:




Proszę obserwować zmiany w następnej analizie, przeprowadzić kolejne badanie oleju, nie później niż za pół roku, licząc od chwili pobrania aktualnej próbki.","{""lepkość"": ""w_normie"", ""temperatura_zapłonu"": ""w_normie"", ""metale_zużyciowe"": ""w_normie""}",1,WSKAZÓWKA
P2304719,"Zawartość ołowiu poniżej poziomu oczekiwanego dla oleju AeroShell W15W-50. Może mieć to związek z użytkowaniem benzyny Pb 95, nie Avgas. Poziom pozostałych metalicznych produktów zużycia oznaczony w badaniu pierwiastków (cząstki o rozmiarach <5um) w normie.

Zalecenia i wnioski:

Prosimy obserwować zmiany w następnej analizie. Wykonać kolejne badanie zgodnie z harmonogramem diagnostyki silnika. ","{""metale_zużyciowe"": ""w_normie""}",0,WSKAZÓWKA
P2304722,"Lepkość w zakresie typowym dla klasy SAE 40. Temperatura zapłonu w normie. Liczba zasadowa na wysokim, bezpiecznym poziomie. Własności dyspergujące poniżej wartości oczekiwanej. Zawartość stałych zanieczyszczeń na dopuszczalnym poziomie. Nie stwierdzono niepokojąco podwyższonej zawartości cząstek zużyciowych. Zawartość wody w normie.  



Zalecenia i wnioski:

Proszę obserwować zmiany w kolejnym badaniu nie później niż po 500mth.","{""lepkość"": ""w_normie"", ""temperatura_zapłonu"": ""w_normie"", ""liczba_zasadowa"": ""w_zakresie_bezpiecznym"", ""zanieczyszczenia_stałe"": ""w_dopuszczalnym_zakresie"", ""woda"": ""w_normie""}",1,WSKAZÓWKA
P2304946,"Oznaczona lepkość w normie dla oleju klasy SAE 40. Liczba zasadowa na bezpiecznym poziomie. Własności dyspergujące w normie. Temperatura zapłonu w normie. Zawartość wody w normie. Poziom metalicznych produktów zużycia oznaczony w badaniu pierwiastków (cząstki o rozmiarach <5um) w normie. Indeks PQ, informujący o magnetycznych ferrocząstkach (niezależnie od rozmiaru cząstek) w normie. Na widmie w podczerwieni brak charakterystycznych zmian świadczących o zanieczyszczeniu oleju płynem chłodniczym.

Zalecenia i wnioski:

Przeprowadzić kontrolę i w razie potrzeby wymianę wkładów filtracyjnych. Proszę obserwować zmiany w następnej analizie. Wykonać kolejne badanie zgodnie z przyjętym harmonogramem diagnostyki olejowej.","{""lepkość"": ""w_normie"", ""liczba_zasadowa"": ""w_zakresie_bezpiecznym"", ""temperatura_zapłonu"": ""w_normie"", ""woda"": ""w_normie"", ""metale_zużyciowe"": ""w_normie"", ""pq_indeks"": ""w_normie""}",0,WSKAZÓWKA
P2304994,"Oznaczona lepkość w normie. Własności dyspergujące obniżone. Zawartość wody w normie. Indeks PQ informujący o zawartości cząstek ferromagnetycznych (niezależnie od rozmiaru cząstek) w normie.

Wnioski i zalecenia:

Przeprowadzić kontrolę i w razie potrzeby wymianę wkładów filtracyjnych. Przeprowadzić kolejne badanie zgodnie z harmonogramem diagnostyki olejowej. Proszę obserwować zmiany w następnej analizie. ","{""lepkość"": ""w_normie"", ""woda"": ""w_normie"", ""pq_indeks"": ""w_normie""}",1,WSKAZÓWKA
P2305082,"Oznaczona lepkość w zakresie akceptowalnym dla oleju klasy SAE 40. Temperatura zapłonu w zakresie akceptowalnym. Poziom metalicznych produktów zużycia oznaczony w badaniu pierwiastków (cząstki o rozmiarach <5um) na stabilnym poziomie. Indeks PQ, informujący o magnetycznych ferrocząstkach (niezależnie od rozmiaru cząstek) w normie.

Zalecenia i wnioski:

Proszę obserwować zmiany w następnej analizie, przeprowadzić kolejne badanie oleju za 500h pracy, licząc od chwili pobrania aktualnej próbki.","{""lepkość"": ""w_akceptowalnym_zakresie"", ""temperatura_zapłonu"": ""w_akceptowalnym_zakresie"", ""pq_indeks"": ""w_normie""}",1,WSKAZÓWKA
P2305186,"Oznaczona lepkość dla klasy SAE 40 w normie. Zawartość stałych ciał obcych w normie. Własności dyspergujące obniżone. Liczba zasadowa w normie. Temperatura zapłonu w normie. Zawartość wody w normie. Poziom metalicznych produktów zużycia oznaczony w badaniu pierwiastków (cząstki o rozmiarach <5um) w normie. Indeks PQ w normie.




Zalecenia i wnioski:




Proszę obserwować zmiany w następnej analizie. Przeprowadzić  kolejne badanie za 500 mth.","{""lepkość"": ""w_normie"", ""stałe_ciała_obce"": ""w_normie"", ""liczba_zasadowa"": ""w_normie"", ""temperatura_zapłonu"": ""w_normie"", ""woda"": ""w_normie"", ""metale_zużyciowe"": ""w_normie"", ""pq_indeks"": ""w_normie""}",1,WSKAZÓWKA
P2305289,"Lepkość poniżej zakresu typowego dla klasy SAE 40, wskazuje na olej klasy SAE 30. Temperatura zapłonu w zakresie akceptowalnym. Liczba zasadowa w zakresie akceptowalnym. Własności dyspergujące w normie. Zawartość stałych ciał obcych w normie. Zawartość wody w normie. Poziom metalicznych produktów zużycia oznaczony w badaniu pierwiastków (cząstki o rozmiarach <5um) w normie. Indeks PQ, informujący o magnetycznych ferrocząstkach (niezależnie od rozmiaru cząstek) w normie. Nie stwierdzono zanieczyszczenia oleju płynem chłodniczym.

Zalecenia i wnioski:

Skontrolować wymagania producenta urządzenia dot. zakresu dopuszczalnej lepkości oleju, w razie potrzeby wymienić olej. Wykonać kolejne badanie zgodnie z przyjętym harmonogramem diagnostyki olejowej.","{""lepkość"": ""w_normie"", ""temperatura_zapłonu"": ""w_akceptowalnym_zakresie"", ""liczba_zasadowa"": ""w_akceptowalnym_zakresie"", ""stałe_ciała_obce"": ""w_normie"", ""woda"": ""w_normie"", ""metale_zużyciowe"": ""w_normie"", ""pq_indeks"": ""w_normie"", ""płyn_chłodniczy"": ""brak_wykrycia""}",1,WSKAZÓWKA
P2305293,"Oznaczona lepkość obniżona dla oleju klasy SAE 40, wskazuje na olej klasy SAE 30. Liczba zasadowa w normie. Zawartość stałych ciał obcych w normie. Zawartość wody w normie. Temperatura zapłonu w normie. Poziom metalicznych produktów zużycia oznaczony w badaniu pierwiastków (cząstki o rozmiarach <5um) w normie.

Zalecenia i wnioski:

Skontrolować wymagania producenta urządzenia dot. zakresu dopuszczalnej lepkości oleju, w razie potrzeby wymienić olej. Proszę obserwować zmiany w następnej analizie. Wykonać kolejne badanie zgodnie z przyjętym harmonogramem diagnostyki olejowej.","{""lepkość"": ""w_normie"", ""liczba_zasadowa"": ""w_normie"", ""stałe_ciała_obce"": ""w_normie"", ""woda"": ""w_normie"", ""temperatura_zapłonu"": ""w_normie"", ""metale_zużyciowe"": ""w_normie""}",1,WSKAZÓWKA
P2305296,"Oznaczona lepkość obniżona dla oleju klasy SAE 40, wskazuje na olej klasy SAE 30. Liczba zasadowa w normie. Zawartość stałych ciał obcych w normie. Zawartość wody w normie. Temperatura zapłonu w normie. Poziom metalicznych produktów zużycia oznaczony w badaniu pierwiastków (cząstki o rozmiarach <5um) w normie.

Zalecenia i wnioski:

Skontrolować wymagania producenta urządzenia dot. zakresu dopuszczalnej lepkości oleju, w razie potrzeby wymienić olej. Proszę obserwować zmiany w następnej analizie. Wykonać kolejne badanie zgodnie z przyjętym harmonogramem diagnostyki olejowej.","{""lepkość"": ""w_normie"", ""liczba_zasadowa"": ""w_normie"", ""stałe_ciała_obce"": ""w_normie"", ""woda"": ""w_normie"", ""temperatura_zapłonu"": ""w_normie"", ""metale_zużyciowe"": ""w_normie""}",1,WSKAZÓWKA
P2305627,"Widmo IR wskazuje na to, że w użyciu jest inny olej niż deklarowany na druku próbki. Lepkość sugeruje olej w klasie SAE 30. Temperatura zapłonu w normie. Poziom metalicznych produktów zużycia określony w badaniu pierwiastków w normie.

Zalecenia i wnioski:

Ze względu na obecność innego oleju w układzie, proszę o wymianę oleju na świeży, o odpowiedniej lepkości, rekomendowany przez producenta. Wykonać kolejne badanie po przeprowadzeniu zabiegów korygujących.","{""temperatura_zapłonu"": ""w_normie"", ""metale_zużyciowe"": ""w_normie""}",0,UWAGA
P2305711,"Oznaczona lepkość dla klasy SAE 40 w normie. Temperatura zapłonu w normie. Zawartość miedzi na niższym poziomie, niż w badaniu poprzednim. Zawartość pozostałych produktów zużycia w normie.

Zalecenia i wnioski:

W celu dalszego śledzenia trendu zawartości miedzi proszę przeprowadzić kolejne badanie po 500mth. Proszę obserwować zmiany w następnej analizie.","{""lepkość"": ""w_normie"", ""temperatura_zapłonu"": ""w_normie""}",1,WSKAZÓWKA
P2305712,"Zawartość cząstek zużyciowych mieści się w dopuszczalnym zakresie jednak w odniesieniu do krótszego interwału od przeprowadzonej wymiany oleju sugeruje rosnącą dynamikę procesów zużycia. 



Zalecenia i wnioski:

Proszę wykonać kolejne badanie po 20h nalotu w celu śledzenia zmian trendu.","{""metale_zużyciowe"": ""w_dopuszczalnym_zakresie""}",0,WSKAZÓWKA
P2305916,"Oznaczona lepkość w zakresie granicznym dla oleju klasy SAE 50. Temperatura zapłonu w normie. Zawartość potasu w trendzie stabilnym. Poziom metalicznych produktów zużycia oznaczony w badaniu pierwiastków (cząstki o rozmiarach <5um) mieści się w dopuszczalnych limitach.

Wnioski i zalecenia:



Proszę obserwować zmiany w następnej analizie, przeprowadzić kolejne badanie oleju za 250h pracy, licząc od chwili pobrania aktualnej próbki.","{""lepkość"": ""w_zakresie_granicznym"", ""temperatura_zapłonu"": ""w_normie"", ""metale_zużyciowe"": ""w_dopuszczalnym_zakresie""}",1,WSKAZÓWKA
P2306016,"Oznaczona lepkość dla oleju klasy SAE 40 w normie. Rezerwa alkaliczna uległa wyczerpaniu. Poziom metalicznych produktów zużycia oznaczony w badaniu pierwiastków (cząstki o rozmiarach <5 mikronów) w normie. Zawartość chloru w normie.


Wnioski i zalecenia:

Olej nie kwalifikuje się do dalszej eksploatacji. Proszę wymienić olej na świeży. Proszę obserwować zmiany w następnej analizie. Wykonać kolejne badanie zgodnie z przyjętym harmonogramem diagnostyki olejowej.","{""lepkość"": ""w_normie"", ""metale_zużyciowe"": ""w_normie"", ""chlor"": ""w_normie""}",2,UWAGA
P2306051,"Oznaczona lepkość dla klasy SAE 40 w normie. Temperatura zapłonu w normie. Poziom metalicznych produktów zużycia oznaczony w badaniu pierwiastków (cząstki o rozmiarze <5µm) w normie. Widmo IR wskazuje na zwiększoną ilość wody w oleju, z tego względu wykonano dodatkowe badanie na zawartość wody metodą Karl Fischer.


Wnioski i zalecenia: 
Wynik badania na zawartość wody 4286 ppm jest poziomem znacznie powyżej dopuszczalnego limitu. W badaniu pierwiastków wykryto obecność potasu i sodu co  w połączeniu z wysokim wynikiem zawartości wody może wskazywać na obecność płynu chłodniczego w oleju. Należy zidentyfikować przyczynę przedostawania się wody bądź płynu chłodniczego do układu oraz wymienić olej na świeży jeśli jeszcze to nie nastąpiło. Wykonać kolejne badanie po przeprowadzeniu zabiegów korygujących.","{""lepkość"": ""w_normie"", ""temperatura_zapłonu"": ""w_normie"", ""metale_zużyciowe"": ""w_normie""}",0,UWAGA
P2306052,"Oznaczona lepkość dla klasy SAE 40 w zakresie granicznym. Temperatura zapłonu w normie. Poziom metalicznych produktów zużycia oznaczony w badaniu pierwiastków (cząstki o rozmiarze <5µm) w trendzie stabilnym, mieści się w dopuszczalnych limitach.
Wnioski i zalecenia: 
Proszę obserwować zmiany w kolejnej analizie. Przeprowadzić kolejne badanie zgodnie z harmonogramem diagnostyki olejowej.","{""lepkość"": ""w_zakresie_granicznym"", ""temperatura_zapłonu"": ""w_normie"", ""metale_zużyciowe"": ""w_dopuszczalnym_zakresie""}",1,WSKAZÓWKA
P2306109,"Lepkość kinematyczna w 100°C niemożliwa do oznaczenia zgodnie z PN-EN ISO 3104 ze względu na stan próbki. Widmo w podczerwieni nieczytelne ze względu na wysoką zawartość sadzy. Zawartość dodatków odbiega od oczekiwanej dla oleju Total Disola, wskazuje na zmieszanie ze środkiem smarnym innego typu. Temperatura zapłonu w normie. Nie stwierdzono podwyższonej zawartości cząstek zużyciowych.



Zalecenia i wnioski:

Dostarczona próbka wykazuje krytycznie wysoki stopień zanieczyszczenia sadzą. Wskazana jest wymiana oleju na świeży. Proszę wykonać kolejne badanie po przeprowadzeniu działań korygujących.","{""temperatura_zapłonu"": ""w_normie""}",2,UWAGA
P2306150,"Oznaczona lepkość poniżej zakresu akceptowalnego dla oleju klasy SAE 40, wskazuje na olej klasy SAE 30. Temperatura zapłonu w normie. Poziom metalicznych produktów zużycia oznaczony w badaniu pierwiastków (cząstki o rozmiarach <5um) w normie.

Zalecenia i wnioski:

Skontrolować wymagania producenta urządzenia dot. zakresu dopuszczalnej lepkości oleju, w razie potrzeby wymienić olej. Proszę obserwować zmiany w następnej analizie. Wykonać kolejne badanie zgodnie z przyjętym harmonogramem diagnostyki olejowej.","{""lepkość"": ""w_normie"", ""temperatura_zapłonu"": ""w_normie"", ""metale_zużyciowe"": ""w_normie""}",1,WSKAZÓWKA
P2306154,"Oznaczona lepkość dla klasy SAE 40 w normie. Temperatura zapłonu w normie. Liczba zasadowa w normie. Własności dyspergujące pogorszone. Zawartość stałych zanieczyszczeń w normie.  Zawartość wody w normie. Poziom metalicznych produktów zużycia oznaczony w badaniu pierwiastków (cząstki o rozmiarach <5um) w normie. Indeks PQ, informujący o zawartości cząstek ferromagnetycznych (niezależnie od rozmiaru cząstek) w normie. Widmo IR wskazuje na zwiększoną zawartość sadzy.

Zalecenia i wnioski:

Pogorszenie własności dyspergujących oznacza osłabienie zdolności oleju do przenoszenia osadów/sadzy co skutkuje nadmiernym osadzaniem się zanieczyszczeń w układzie.  Proszę obserwować zmiany w następnej analizie. Zalecana jest wymiana wkładów filtracyjnych oraz przeprowadzenie kolejnego badania po 500mth pracy silnika.","{""lepkość"": ""w_normie"", ""temperatura_zapłonu"": ""w_normie"", ""liczba_zasadowa"": ""w_normie"", ""zanieczyszczenia_stałe"": ""w_normie"", ""woda"": ""w_normie"", ""metale_zużyciowe"": ""w_normie"", ""pq_indeks"": ""w_normie""}",1,WSKAZÓWKA
P2306155,"Oznaczona lepkość dla klasy SAE 50 obniżona, znajduje się w zakresie typowym dla klasy SAE 40.Temperatura zapłonu w normie. Nie podali Państwo dokładnej nazwy eksploatowanego oleju, z tego powodu nie możemy porównać liczby zasadowej z wartością tego parametru w oleju świeżym, jednak oznaczona wartość mieści się w akceptowalnym zakresie. Własności dyspergujące w normie. Zawartość stałych zanieczyszczeń w normie.  Zawartość wody w normie. Poziom metalicznych produktów zużycia oznaczony w badaniu pierwiastków (cząstki o rozmiarach <5um) w normie. Indeks PQ, informujący o zawartości cząstek ferromagnetycznych (niezależnie od rozmiaru cząstek) w normie. 

Zalecenia i wnioski:

Proszę obserwować zmiany w następnej analizie. Zalecane jest przeprowadzenie kolejnego badania za 500 mth pracy silnika.","{""lepkość"": ""w_normie"", ""temperatura_zapłonu"": ""w_normie"", ""liczba_zasadowa"": ""w_akceptowalnym_zakresie"", ""zanieczyszczenia_stałe"": ""w_normie"", ""woda"": ""w_normie"", ""metale_zużyciowe"": ""w_normie"", ""pq_indeks"": ""w_normie""}",1,WSKAZÓWKA
P2306264,"Poziom metalicznych produktów zużycia oznaczony w badaniu pierwiastków (cząstki o rozmiarze <5 mikronów) mieści się w dopuszczalnych limitach, jednak przy małej ilości przepracowanych mth może wskazywać na zwiększony przebieg zużycia smarowanych elementów. Wysoki poziom ołowiu pochodzi z paliwa lotniczego i jest to sytuacja normalna dla tego typu tłokowych silników lotniczych.    

Wnioski i zalecenia:

Proszę obserwować zmiany w następnej analizie. W celu weryfikacji dynamiki zużycia przeprowadzić kolejne badanie po 25 h pracy silnika. ","{""metale_zużyciowe"": ""w_dopuszczalnym_zakresie""}",1,WSKAZÓWKA
P2306266,"Poziom metalicznych produktów zużycia oznaczony w badaniu pierwiastków (cząstki o rozmiarze <5 mikronów) mieści się w dopuszczalnych limitach, jednak przy małej ilości przepracowanych mth. Wysoki poziom ołowiu pochodzi z paliwa lotniczego i jest to sytuacja normalna dla tego typu tłokowych silników lotniczych.
Wnioski i zalecenia:
Proszę obserwować zmiany w następnej analizie. W celu weryfikacji dynamiki zużycia przeprowadzić kolejne badanie po 25 h pracy silnika. ","{""metale_zużyciowe"": ""w_dopuszczalnym_zakresie""}",1,WSKAZÓWKA
P2306400,"Oznaczona lepkość w normie dla oleju klasy SAE 40. Rezerwa alkaliczna uległa wyczerpaniu. Poziom metalicznych produktów zużycia oznaczony w badaniu pierwiastków (cząstki o rozmiarach <5 mikronów) w normie. Zawartość chloru w normie.


Wnioski i zalecenia:

Olej nie kwalifikuje się do dalszej eksploatacji. Proszę wymienić olej na świeży. Proszę obserwować zmiany w następnej analizie. Wykonać kolejne badanie zgodnie z przyjętym harmonogramem diagnostyki olejowej.","{""lepkość"": ""w_normie"", ""metale_zużyciowe"": ""w_normie"", ""chlor"": ""w_normie""}",2,UWAGA
P2306712,"Oznaczona lepkość w normie dla oleju klasy SAE 40. Temperatura zapłonu w normie. Zawartość miedzi w zakresie akceptowalnym, biorąc pod uwagę przebieg od wymiany oleju. Poziom pozostałych metalicznych produktów zużycia oznaczony w badaniu pierwiastków (cząstki o rozmiarach <5um) w normie.

Wnioski i zalecenia: 

Proszę obserwować zmiany w następnej analizie, przeprowadzić kolejne badanie oleju za 500h pracy, licząc od chwili pobrania aktualnej próbki.","{""lepkość"": ""w_normie"", ""temperatura_zapłonu"": ""w_normie"", ""miedź"": ""w_akceptowalnym_zakresie"", ""metale_zużyciowe"": ""w_normie""}",1,WSKAZÓWKA
P2306728,"Oznaczona lepkość dla klasy SAE 40 obniżona, wskazuje na olej klasy SAE 30. Temperatura zapłonu w normie. Poziom metalicznych produktów zużycia oznaczony w badaniu pierwiastków w normie.

 

Wnioski i zalecenia:  




Proszę zweryfikować wymagania producenta silnika dotyczące lepkości eksploatowanego oleju w układzie, w razie konieczności przeprowadzić wymianę na świeży. ","{""lepkość"": ""w_normie"", ""temperatura_zapłonu"": ""w_normie"", ""metale_zużyciowe"": ""w_normie""}",0,WSKAZÓWKA
P2306753,"W próbce nieuzbrojonym okiem widoczne zanieczyszczenia stale. Oznaczona lepkość w normie dla oleju klasy SAE 40. Temperatura zapłonu w normie. Poziom metalicznych produktów zużycia oznaczony w badaniu pierwiastków (cząstki o rozmiarach <5um) w normie.

Zalecenia i wnioski:

Przeprowadzić kontrolę i w razie potrzeby wymianę wkładów filtracyjnych. Pobrać próbkę kontrolną, przesłać niezwłocznie do analizy.","{""lepkość"": ""w_normie"", ""temperatura_zapłonu"": ""w_normie"", ""metale_zużyciowe"": ""w_normie""}",0,WSKAZÓWKA
P2307015,"Oznaczona lepkość w normie dla klasy SAE 40. Temperatura zapłonu w normie. Zawartość krzemu i sodu w trendzie stabilnym. Zawartość ołowiu i miedzi w trendzie stabilnym. Poziom pozostałych metalicznych produktów zużycia oznaczony w badaniu pierwiastków (cząstki o rozmiarach <5µm) w normie.

Zalecenia i wnioski:

Proszę obserwować zmiany w następnej analizie. Przeprowadzić kolejne badanie po 500h mth pracy silnika.","{""lepkość"": ""w_normie"", ""temperatura_zapłonu"": ""w_normie"", ""metale_zużyciowe"": ""w_normie""}",1,WSKAZÓWKA
P2307017,"Oznaczona lepkość dla klasy SAE 40 w normie. Temperatura zapłonu w normie.  Zawartość miedzi w trendzie stabilnym. Poziom pozostałych metalicznych produktów zużycia oznaczony w badaniu pierwiastków (cząstki o rozmiarach <5µm) w normie.

Wnioski i zalecenia:

Proszę obserwować zmiany trendu w następnej analizie. Przeprowadzić kolejne badanie zgodnie z harmonogramem diagnostyki olejowej.","{""lepkość"": ""w_normie"", ""temperatura_zapłonu"": ""w_normie"", ""metale_zużyciowe"": ""w_normie""}",1,WSKAZÓWKA
P2307030,"Oznaczona lepkość w zakresie granicznym dla oleju klasy SAE 50, trend malejący. Temperatura zapłonu w normie. Zawartość potasu w trendzie stabilnym. Poziom metalicznych produktów zużycia oznaczony w badaniu pierwiastków (cząstki o rozmiarach <5um) mieści się w dopuszczalnych limitach.

Wnioski i zalecenia:



Proszę obserwować zmiany w następnej analizie, przeprowadzić kolejne badanie oleju za 250h pracy, licząc od chwili pobrania aktualnej próbki.","{""lepkość"": ""w_zakresie_granicznym"", ""temperatura_zapłonu"": ""w_normie"", ""metale_zużyciowe"": ""w_dopuszczalnym_zakresie""}",1,WSKAZÓWKA
P2307206,"Oznaczona lepkość dla klasy SAE 40 w normie. Temperatura zapłonu w normie. Poziom metalicznych produktów zużycia oznaczony w badaniu pierwiastków (cząstki o rozmiarze <5 µm) w normie.

Zalecenia i wnioski:


Zawartość miedzi mieści się w zakresie normalnym jednak przy mniejszej ilości mth. Proszę obserwować zmiany trendu w następnej analizie. Zalecane przeprowadzenie kolejnego badania po 500 mth pracy silnika.","{""lepkość"": ""w_normie"", ""temperatura_zapłonu"": ""w_normie"", ""metale_zużyciowe"": ""w_normie""}",0,WSKAZÓWKA
P2307255,"Oznaczona lepkość wskazuje na olej klasy SAE 30. Rezerwa alkaliczna na bezpiecznym poziomie. Zawartość wody (0,03%) w normie. Indeks PQ (informujący o zawartości cząstek ferromagnetycznych bez względu na rozmiar) w normie. Zawartość cząstek zużyciowych (oznaczona w badaniu pierwiastków, cząstki <5µm) na dopuszczalnym poziomie. Nie stwierdzono zanieczyszczenia oleju płynem chłodniczym. Temperatura zapłonu niemożliwa do oznaczenia ze względu na zbyt małą ilość próbki.

Zalecenia i wnioski:

Proszę zweryfikować wymagania dotyczące lepkości eksploatowanego oleju. Jeżeli lepkość spełnia wymagania olej kwalifikuje się do dalszej eksploatacji - w tej sytuacji proszę obserwować zmiany oraz przeprowadzić wymianę oleju zgodnie z przyjętym harmonogramem. W przeciwnym razie należy niezwłocznie podjąć działania korygujące polegające na wymianie oleju na świeży (zgodny z instrukcją obsługi) oraz poinformowanie serwisu o przeprowadzonej wymianie lub przeprowadzenie wymiany oleju pod nadzorem przedstawiciela serwisu.","{""lepkość"": ""w_normie"", ""rezerwa_alkaliczna"": ""w_zakresie_bezpiecznym"", ""woda"": ""w_normie"", ""pq_indeks"": ""w_normie"", ""metale_zużyciowe"": ""w_dopuszczalnym_zakresie"", ""płyn_chłodniczy"": ""brak_wykrycia""}",1,WSKAZÓWKA
P2307309,"Lepkość w normie dla klasy SAE 40. Temperatura zapłonu w normie. Podwyższona zawartość sodu, nie stwierdzono znaczącego przyrostu parametru w porównaniu do poprzednich analiz, prawdopodobnie jest to pochodna zanieczyszczenia oleju wodą lub płynem chłodniczym lub zanieczyszczenie pyłem z otoczenia. Poziom metalicznych produktów zużycia oznaczony w badaniu pierwiastków (cząstki o rozmiarze <5 mikronów) w normie. Indeks PQ w normie.

Zalecenia i wnioski:

Wskazana jest obserwacja układu olejowego pod kątem występowania emulsji olejowo-glikolowej. Proszę obserwować zmiany w kolejnym badaniu nie później niż za 500mth.","{""lepkość"": ""w_normie"", ""temperatura_zapłonu"": ""w_normie"", ""płyn_chłodniczy"": ""brak_wykrycia"", ""metale_zużyciowe"": ""w_normie"", ""pq_indeks"": ""w_normie""}",1,WSKAZÓWKA
P2307771,"Oznaczona lepkość w normie dla oleju klasy SAE 4. Temperatura zapłonu w normie. Liczba zasadowa w normie. Własności dyspergujące w normie. Zawartość stałych ciał obcych w normie. Zawartość wody w normie. Poziom metalicznych produktów zużycia oznaczony w badaniu pierwiastków (cząstki o rozmiarach <5um) w normie. Indeks PQ, informujący o zawartości cząstek ferromagnetycznych (niezależnie od rozmiaru cząstek) w normie. Widmo w podczerwieni wskazuje na zwiększoną zawartość sadzy.

Zalecenia i wnioski:

Zalecana jest wymiana wkładów filtracyjnych. Proszę obserwować zmiany w następnej analizie. Wykonać kolejne badanie zgodnie z przyjętym harmonogramem diagnostyki olejowej.","{""lepkość"": ""w_normie"", ""temperatura_zapłonu"": ""w_normie"", ""liczba_zasadowa"": ""w_normie"", ""stałe_ciała_obce"": ""w_normie"", ""woda"": ""w_normie"", ""metale_zużyciowe"": ""w_normie"", ""pq_indeks"": ""w_normie""}",0,WSKAZÓWKA
P2308066,"Lepkość w zakresie typowym dla oleju klasy SAE 40. Wskaźnik lepkości na poziomie typowym dla oleju jednosezonowego. Temperatura zapłonu w normie. Zawartość wody w normie. Zawartość stałych zanieczyszczeń lekko podwyżsozna. Zawartość cząstek zużyciowych na poziomie akceptowalnym. Na widmie w podczerwieni nie stwierdzono charakterystycznych zmian świadczących o obecności glikolu w próbce.

Wskazówki i zalecenia:

Wskazana jest kontrola stanu i ewentualna wymiana filtru oleju. Proszę obserwować zmiany w następnej analizie zgodnie z przyjętym harmonogramem diagnostyki.","{""lepkość"": ""w_normie"", ""wskaźnik_lepkości"": ""w_normie"", ""temperatura_zapłonu"": ""w_normie"", ""woda"": ""w_normie"", ""metale_zużyciowe"": ""w_akceptowalnym_zakresie"", ""glikol"": ""brak_wykrycia""}",1,WSKAZÓWKA
P2308667,"Oznaczona lepkość w normie dla oleju klasy SAE 50. Barwa oleju typowa dla oleju silnikowego z eksploatacji. Zawartość wody w normie. Zawartość niklu oraz aluminium jest na nietypowo wysokim poziomie. Poziom pozostałych metalicznych produktów zużycia oznaczony w badaniu pierwiastków (cząstki o rozmiarze <5 mikronów) w normie. Wysoka zawartość ołowiu jest typowa dla olejów pochodzących z tłokowych silników lotniczych.

Wnioski i zalecenia:

Ze względu na brak danych historycznych nie można jednoznacznie ocenić dynamiki zużycia. Zaleca się skontrolować układ pod kątem podwyższonego zużycia. W celu obserwacji zmian zaleca się prowadzić analizy w równych odstępach czasowych. Zaleca się przeprowadzić kolejne badanie po 25h od wymiany oleju. Proszę obserwować zmiany w następnej analizie. ","{""lepkość"": ""w_normie"", ""woda"": ""w_normie"", ""metale_zużyciowe"": ""w_normie""}",1,WSKAZÓWKA
P2308793,"Oznaczona lepkość dla klasy SAE 40 w normie. Temperatura zapłonu w normie. Zawartość krzemu i sodu na podobnym poziomie w stosunku do poprzedniego badania. Zawartość miedzi  na podobnym poziomie w stosunku do poprzedniego badania. Poziom pozostałych metalicznych produktów zużycia oznaczony w badaniu pierwiastków ( cząstki o rozmiarze <5µm) w normie.

Wnioski i zalecenia: 

Jest to drugie badanie po przeglądzie serwisowym (P4). Podwyższony poziom miedzi może wynikać  z przeprowadzonego remontu. Proszę obserwować zmiany trendu w następnej analizie. Przeprowadzić kolejne badanie zgodnie z przyjętym harmonogramem diagnostyki olejowej ","{""lepkość"": ""w_normie"", ""temperatura_zapłonu"": ""w_normie"", ""metale_zużyciowe"": ""w_normie""}",1,WSKAZÓWKA
P2308816,"Oznaczona lepkość wskazuje na olej klasy SAE 30. Temperatura zapłonu w normie. Rezerwa alkaliczna na bezpiecznym poziomie. Zawartość wody (0,02%) w normie. Indeks PQ (informujący o zawartości cząstek ferromagnetycznych bez względu na rozmiar) w normie. Zawartość cząstek zużyciowych (oznaczona w badaniu pierwiastków, cząstki <5µm) w normie. Nie stwierdzono zanieczyszczenia oleju płynem chłodniczym.

Zalecenia i wnioski:

Proszę zweryfikować wymagania dotyczące lepkości eksploatowanego oleju. Jeżeli lepkość spełnia wymagania olej kwalifikuje się do dalszej eksploatacji - w tej sytuacji proszę obserwować zmiany oraz przeprowadzić wymianę oleju zgodnie z przyjętym harmonogramem. W przeciwnym razie należy niezwłocznie podjąć działania korygujące polegające na wymianie oleju na świeży (zgodny z instrukcją obsługi) oraz poinformowanie serwisu o przeprowadzonej wymianie lub przeprowadzenie wymiany oleju pod nadzorem przedstawiciela serwisu.","{""lepkość"": ""w_normie"", ""temperatura_zapłonu"": ""w_normie"", ""rezerwa_alkaliczna"": ""w_zakresie_bezpiecznym"", ""woda"": ""w_normie"", ""pq_indeks"": ""w_normie"", ""metale_zużyciowe"": ""w_normie"", ""płyn_chłodniczy"": ""brak_wykrycia""}",1,WSKAZÓWKA
P2308883,"Oznaczona lepkość poniżej dolnego zakresu granicznego dla oleju klasy SAE 50. Zawartość stałych ciał obcych w normie. Własności dyspergujące w normie. Temperatura zapłonu w normie. 

Zalecenia i wnioski:

Proszę się upewnić, że olej o danej lepkości kwalifikuje się do eksploatacji, w przeciwnym wypadku zaplanować wymianę na świeży. Wykonać kolejne badanie  zgodnie z harmonogramem diagnostyki. Obserwować zmiany w następnym badaniu.","{""lepkość"": ""w_zakresie_granicznym"", ""stałe_ciała_obce"": ""w_normie"", ""temperatura_zapłonu"": ""w_normie""}",0,WSKAZÓWKA
P2308917,"Lepkość w normie dla klasy SAE 40. Temperatura zapłonu w normie. Liczba zasadowa na bezpiecznym poziomie. Własności dyspergujące lekko pogorszone. Zawartość stałych zanieczyszczeń w normie. Zawartość wody w normie. Nie stwierdzono niepokojąco podwyższonej zawartości cząstek zużyciowych.  



Zalecenia i wnioski:

Zalecana jest obserwacja zmian w kolejnym badaniu po 500mth.","{""lepkość"": ""w_normie"", ""temperatura_zapłonu"": ""w_normie"", ""liczba_zasadowa"": ""w_zakresie_bezpiecznym"", ""zanieczyszczenia_stałe"": ""w_normie"", ""woda"": ""w_normie""}",1,WSKAZÓWKA
P2309071,"Lepkość na granicy zakresu typowego dla klasy SAE 40. Temperatura zapłonu na akceptowalnym poziomie. Nie stwierdzono niepokojąco podwyższonej zawartości cząstek zużyciowych. Na widmie w podczerwieni nie stwierdzono charakterystycznych pasm świadczących o zanieczyszczeniu oleju płynem chłodniczym. 



Zalecenia i wnioski:

Zalecana jest obserwacja zmian w kolejnym badaniu po 500mth.","{""temperatura_zapłonu"": ""w_akceptowalnym_zakresie"", ""płyn_chłodniczy"": ""brak_wykrycia""}",1,WSKAZÓWKA
P2309073,"Lepkość powyżej zakresu typowego dla klasy SAE 40 (sugeruje, że w eksploatacji jest olej klasy SAE 50 lub mieszanina różnych olejów). Temperatura zapłonu na dopuszczalnym poziomie. Nie stwierdzono niepokojąco podwyższonej zawartości cząstek zużyciowych. Na widmie w podczerwieni nie stwierdzono charakterystycznych pasm świadczących o zanieczyszczeniu oleju płynem chłodniczym. 



Zalecenia i wnioski:

Zalecana jest obserwacja zmian w kolejnych badaniach zgodnie z przyjętym harmonogramem diagnostyki.","{""temperatura_zapłonu"": ""w_dopuszczalnym_zakresie"", ""płyn_chłodniczy"": ""brak_wykrycia""}",0,WSKAZÓWKA
P2309186,"Widmo IR wskazuje na zwiększoną zawartość wody. Lepkość kinematyczna niemożliwa do oznaczenia ze względu na dużą zawartość wody w oleju. Temperatura zapłonu w normie. Poziom metalicznych produktów zużycia oznaczony w badaniu pierwiastków (cząstki o rozmiarach <5um) w normie.

Wnioski i zalecenia:

Należy zidentyfikować przyczynę przedostania się wody do układu oraz wymienić olej na świeży.","{""temperatura_zapłonu"": ""w_normie"", ""metale_zużyciowe"": ""w_normie""}",0,UWAGA
P2309281,"Oznaczona lepkość poniżej dolnej wartości granicznej dla klasy SAE 40 - trend stabilny. Temperatura zapłonu w normie. Na widmie IR zaobserwowano odchylenia od referencji oleju świeżego oraz zmiany mogące świadczyć o degradacji bazy olejowej. Poziom metalicznych produktów zużycia w normie. 

Zalecenia i wnioski:

Ze względu na oznaki starzenia się oleju oraz obniżoną lepkość proszę upewnić się, że olej nadaje się do dalszej eksploatacji. Proszę przesłać próbkę do badania za ok 250 mth pracy silnika. Obserwować zmiany w kolejnym badaniu.","{""temperatura_zapłonu"": ""w_normie"", ""metale_zużyciowe"": ""w_normie""}",1,WSKAZÓWKA
P2309457,"Poziom metalicznych produktów zużycia oznaczony w badaniu pierwiastków (cząstki o rozmiarze <5 mikronów) w normie, jednak przy bardzo małej ilości przepracowanych mth. Wysoki poziom ołowiu pochodzi z paliwa lotniczego i jest to sytuacja normalna dla tego typu tłokowych silników lotniczych.     
Wnioski i zalecenia:
Proszę obserwować zmiany trendu w następnej analizie. W celu weryfikacji dynamiki zużycia przeprowadzić kolejne badanie po 25 h pracy silnika. ","{""metale_zużyciowe"": ""w_normie""}",0,WSKAZÓWKA
P2309459,"Lepkość poniżej zakresu typowego dla klasy SAE 50 (mieści się w zakresie typowym dla klasy SAE 40). Temperatura zapłonu na poziomie akceptowalnym. Zawartość cząstek zużyciowych na dopuszczalnym poziomie. Nie stwierdzono zanieczyszczenia oleju płynem chłodniczym. 



Zalecenia i wnioski:

Proszę zweryfikować wymagania producenta silnika dotyczące lepkości eksploatowanego oleju, w razie konieczności przeprowadzić wymianę oleju na świeży. W przypadku dalszego użytkowania oleju wskazana jest obserwacja zmian w kolejnym badaniu nie później niż po 500mth. ","{""lepkość"": ""w_normie"", ""temperatura_zapłonu"": ""w_akceptowalnym_zakresie"", ""metale_zużyciowe"": ""w_dopuszczalnym_zakresie"", ""płyn_chłodniczy"": ""brak_wykrycia""}",0,WSKAZÓWKA
P2309476,"Oznaczona lepkość dla klasy SAE 40 w normie. Temperatura zapłonu w normie. Zawartość krzemu i sodu na podobnym poziomie w stosunku do poprzedniego badania. Zawartość miedzi  na podobnym poziomie w stosunku do poprzedniego badania. Poziom pozostałych metalicznych produktów zużycia oznaczony w badaniu pierwiastków ( cząstki o rozmiarze <5µm) w normie.

Wnioski i zalecenia: 

Proszę obserwować zmiany trendu w następnej analizie. Przeprowadzić kolejne badanie zgodnie z przyjętym harmonogramem diagnostyki olejowej ","{""lepkość"": ""w_normie"", ""temperatura_zapłonu"": ""w_normie"", ""metale_zużyciowe"": ""w_normie""}",1,WSKAZÓWKA
P2309530,"Zawartość dodatków uszlachetniających różni się znacząco w porównaniu z poprzednim badaniem - wskazuje na olej inny niż będący wcześniej w eksploatacji. Poziom metalicznych produktów zużycia oznaczony w badaniu pierwiastków (cząstki o rozmiarze <5 mikronów) w normie. Wysoki poziom ołowiu pochodzi z paliwa i jest to sytuacja normalna dla tego typu tłokowych silników lotniczych.    
Wnioski i zalecenia:
Proszę zweryfikować informacje dot. stosowanego oleju oraz podawać jego pełną nazwę. Przeprowadzić kolejne badanie zgodnie z harmonogramem diagnostyki olejowej. ","{""metale_zużyciowe"": ""w_normie""}",1,WSKAZÓWKA
P2309972,"Oznaczona lepkość mieści się w zakresie typowym dla klasy SAE 30. Temperatura zapłonu w normie. Rezerwa alkaliczna na bezpiecznym poziomie. Zawartość wody (0,02%) w normie. Indeks PQ (informujący o zawartości cząstek ferromagnetycznych bez względu na rozmiar) w normie. Zawartość cząstek zużyciowych (oznaczona w badaniu pierwiastków, cząstki <5µm) w normie.

Zalecenia i wnioski:

Proszę zweryfikować wymagania dotyczące lepkości eksploatowanego oleju. Jeżeli lepkość spełnia wymagania olej kwalifikuje się do dalszej eksploatacji - w tej sytuacji proszę obserwować zmiany oraz przeprowadzić wymianę oleju zgodnie z przyjętym harmonogramem. W przeciwnym razie należy niezwłocznie podjąć działania korygujące polegające na wymianie oleju na świeży (zgodny z instrukcją obsługi) oraz poinformowanie serwisu o przeprowadzonej wymianie lub przeprowadzenie wymiany oleju pod nadzorem przedstawiciela serwisu.","{""lepkość"": ""w_normie"", ""temperatura_zapłonu"": ""w_normie"", ""rezerwa_alkaliczna"": ""w_zakresie_bezpiecznym"", ""woda"": ""w_normie"", ""pq_indeks"": ""w_normie"", ""metale_zużyciowe"": ""w_normie""}",1,WSKAZÓWKA
P2310234,"Lepkość poniżej, zdeklarowanego w druku próbki, zakresu typowego dla klasy SAE 50. Temperatura zapłonu na dopuszczalnym poziomie. Liczba zasadowa obniżyła się jedynie nieznacznie porównaniu do poprzednich analiz i mieści się w bezpiecznym zakresie. Własności dyspergujące w normie. Zawartość stałych zanieczyszczeń na dopuszczalnym poziomie. Zawartość wody w normie. Nie stwierdzono zanieczyszczenia oleju płynem chłodniczym. Nie stwierdzono niepokojącego przyrostu zawartości cząstek zużyciowych.



Zalecenia i wnioski:

Jeżeli oznaczona lepkość spełnia wymagania producenta silnika olej warunkowo kwalifikuje się do dalszej eksploatacji, zalecana jest obserwacja zmian w kolejnym badaniu po 500mth","{""temperatura_zapłonu"": ""w_dopuszczalnym_zakresie"", ""liczba_zasadowa"": ""w_zakresie_bezpiecznym"", ""zanieczyszczenia_stałe"": ""w_dopuszczalnym_zakresie"", ""woda"": ""w_normie"", ""płyn_chłodniczy"": ""brak_wykrycia""}",0,WSKAZÓWKA
P2310499,"Oznaczona lepkość w normie dla klasy SAE 40. Zawartość stałych ciał obcych w normie. Liczba zasadowa w normie. Własności dyspergujące obniżone. Temperatura zapłonu w zakresie akceptowalnym Zawartość wody w normie. Poziom metalicznych produktów zużycia oznaczony w badaniu pierwiastków (cząstki o rozmiarze <5 mikronów) w normie. Indeks PQ informujący o zawartości cząstek ferromagnetycznych (niezależnie od rozmiaru cząstek) w normie.

Wnioski i zalecenia:

Ze względu na obniżone własności dyspergujące zaleca się przysłać kolejną próbkę do badania za około 250mth. Proszę obserwować zmiany w następnej analizie. ","{""lepkość"": ""w_normie"", ""stałe_ciała_obce"": ""w_normie"", ""liczba_zasadowa"": ""w_normie"", ""temperatura_zapłonu"": ""w_akceptowalnym_zakresie"", ""woda"": ""w_akceptowalnym_zakresie"", ""metale_zużyciowe"": ""w_normie"", ""pq_indeks"": ""w_normie""}",1,WSKAZÓWKA
P2310765,"Lepkość w zakresie typowym dla klasy SAE 40. Rezerwa alkaliczna uległa wyczerpaniu. Zawartość cząstek metalicznych oznaczona w badaniu pierwiastków (cząstki <5µm) oraz indeks PQ (informujący o zawartości cząstek ferromagnetycznych bez względu na rozmiar) w normie.



Zalecenia i wnioski:

Olej nie kwalifikuje się do dalszej eksploatacji. Proszę wykonać kolejne badanie po przeprowadzeniu działań korygujących.","{""lepkość"": ""w_normie"", ""pq_indeks"": ""w_normie"", ""metale_zużyciowe"": ""w_normie""}",2,UWAGA
P2310766,"Lepkość w zakresie typowym dla klasy SAE 40. Rezerwa alkaliczna uległa wyczerpaniu. W porównaniu do poprzedniego badania nie stwierdzono niepokojącego przyrostu zawartości cząstek metalicznych oznaczonej w badaniu pierwiastków (cząstki <5µm). Indeks PQ (informujący o zawartości cząstek ferromagnetycznych bez względu na rozmiar) w normie.



Zalecenia i wnioski:

Olej nie kwalifikuje się do dalszej eksploatacji. Proszę wykonać kolejne badanie po przeprowadzeniu działań korygujących.","{""lepkość"": ""w_normie"", ""pq_indeks"": ""w_normie""}",2,UWAGA
P2310767,"Lepkość w zakresie typowym dla klasy SAE 40. Rezerwa alkaliczna na dopuszczalnym poziomie. Nie stwierdzono niepokojąco podwyższonej zawartości cząstek metalicznych oznaczonej w badaniu pierwiastków (cząstki <5µm). Indeks PQ (informujący o zawartości cząstek ferromagnetycznych bez względu na rozmiar) w normie. Na widmie w podczerwieni stwierdzono charakterystyczne zmiany wskazujące na zaawansowaną degradację strzeniową oleju. 



Zalecenia i wnioski:

Olej kwalifikuje się do dalszej eksploatacji jednak zalecana jest obserwacja zmian w kolejnym badaniu po 300h pracy.","{""lepkość"": ""w_normie"", ""rezerwa_alkaliczna"": ""w_dopuszczalnym_zakresie"", ""pq_indeks"": ""w_normie""}",0,WSKAZÓWKA
P2310770,"Lepkość w normie dla klasy SAE 40. Temperatura zapłonu w normie. Podwyższona zawartość sodu, nie stwierdzono przyrostu parametru w porównaniu do poprzednich analiz, prawdopodobnie jest to pochodna zanieczyszczenia oleju wodą lub płynem chłodniczym lub zanieczyszczenie pyłem z otoczenia. Poziom metalicznych produktów zużycia oznaczony w badaniu pierwiastków (cząstki o rozmiarze <5 mikronów) w normie. Indeks PQ w normie.

Zalecenia i wnioski:

Wskazana jest obserwacja układu olejowego pod kątem występowania emulsji olejowo-glikolowej. Proszę obserwować zmiany w kolejnym badaniu nie później niż za 500mth.","{""lepkość"": ""w_normie"", ""temperatura_zapłonu"": ""w_normie"", ""płyn_chłodniczy"": ""brak_wykrycia"", ""metale_zużyciowe"": ""w_normie"", ""pq_indeks"": ""w_normie""}",1,WSKAZÓWKA
P2310782,"Lepkość w zakresie typowym dla klasy SAE 40. Temperatura zapłonu w normie. W porównaniu do poprzedniego badania nie stwierdzono niepokojącego przyrostu zawartości cząstek zużyciowych. Na widmie w podczerwieni nie stwierdzono charakterystycznych pasm świadczących o zanieczyszczeniu oleju płynem chłodniczym. Zawartość krzemu w normie. Stwierdzono lekki wzrost zawartości potasu - możliwe, że jest to pochodna zanieczyszczenia wodą lub płynem chłodniczym lub pyłem z otoczenia.





Zalecenia i wnioski:

Zalecana jest obserwacja zmian w kolejnym badaniu po 500mth.","{""lepkość"": ""w_normie"", ""temperatura_zapłonu"": ""w_normie"", ""płyn_chłodniczy"": ""brak_wykrycia"", ""krzem"": ""w_normie""}",0,WSKAZÓWKA
P2310869,"Lepkość w zakresie typowym dla klasy SAE 40. Oznaczone dodatki na poziomie oczekiwanym. Temperatura zapłonu w normie. Liczba zasadowa na bezpiecznym poziomie. Nie stwierdzono niepokojąco podwyższonej zawartości zawartości cząstek zużyciowych. Zawartość wody w normie. Widmo w podczerwieni mało czytelne ze względu na wysoką zawartość sadzy. Nie stwierdzono niepokojąco podwyższonej zawartości pierwiastków wskazujących na zanieczyszczenie oleju płynem chłodniczym.   

Zalecenia i wnioski:

Oznaczone parametry mieszczą się w dopuszczalnych zakresach jednak zalecana jest kontrola stanu i ewentualna wymian filtru oleju. Proszę obserwować zmiany w kolejnej analizie zgodnie z przyjętym harmonogramem diagnostyki.   ","{""lepkość"": ""w_normie"", ""temperatura_zapłonu"": ""w_normie"", ""liczba_zasadowa"": ""w_zakresie_bezpiecznym"", ""woda"": ""w_normie"", ""płyn_chłodniczy"": ""brak_wykrycia""}",0,WSKAZÓWKA
P2311093,"Oznaczona lepkość w normie dla klasy SAE 40. Temperatura zapłonu w normie. Zawartość miedzi oraz ołowiu poza dopuszczalnym limitem. Poziom pozostałych metalicznych produktów zużycia oznaczony w badaniu pierwiastków (cząstki o rozmiarach <5um) w normie.
Wnioski i zalecenia:
Ze względu na podwyższoną  zawartość miedzi i ołowiu zaleca się kontrolę elementów układu smarnego ukierunkowaną na weryfikację źródła podwyższonych metali zużyciowych. Proszę obserwować zmiany w następnej analizie, przeprowadzić kolejne badanie oleju za 500h pracy.","{""lepkość"": ""w_normie"", ""temperatura_zapłonu"": ""w_normie"", ""miedź"": ""w_dopuszczalnym_zakresie"", ""ołów"": ""w_dopuszczalnym_zakresie"", ""metale_zużyciowe"": ""w_normie""}",2,UWAGA
P2311113,"Lepkość powyżej zakresu typowego dla klasy SAE 40. Temperatura zapłonu w normie. Zawartość dodatków na poziomie oczekiwanym. Zawartość cząstek zużyciowych mieści się w dopuszczalnym zakresie. Widmo w podczerwieni nieczytelne ze względu na wysoką zawartość sadzy. Nie stwierdzono niepokojąco podwyższonej zawartości pierwiastków sugerujących zanieczyszczenie oleju płynem chłodniczym.





Zalecenia i wnioski:

Dostarczona próbka wykazuje krytycznie wysoki stopień zanieczyszczenia sadzą. Zalecana jest wymiana oleju na świeży. Proszę wykonać kolejne badanie po przeprowadzeniu działań korygujących.  ","{""temperatura_zapłonu"": ""w_normie"", ""metale_zużyciowe"": ""w_dopuszczalnym_zakresie"", ""płyn_chłodniczy"": ""brak_wykrycia""}",0,UWAGA
P2311127,"Zawartość dodatków uszlachetniających różni się znacząco w porównaniu z poprzednim badaniem - wskazuje na olej inny niż będący wcześniej w eksploatacji. Poziom metalicznych produktów zużycia oznaczony w badaniu pierwiastków (cząstki o rozmiarze <5 mikronów) w normie. Wysoki poziom ołowiu pochodzi z paliwa i jest to sytuacja normalna dla tego typu tłokowych silników lotniczych.    

Wnioski i zalecenia:

Proszę zweryfikować informacje dot. stosowanego oleju oraz podawać jego pełną nazwę. Przeprowadzić kolejne badanie zgodnie z harmonogramem diagnostyki olejowej. ","{""metale_zużyciowe"": ""w_normie""}",1,WSKAZÓWKA
P2311444,"Oznaczona nieznacznie obniżona dla klasy SAE 50. Zawartość stałych ciał obcych w normie. Liczba zasadowa w normie. Własności dyspergujące w normie. Temperatura zapłonu w zakresie akceptowalnym. Zawartość wody w normie. Poziom metalicznych produktów zużycia oznaczony w badaniu pierwiastków w normie. Indeks PQ (informujący o zawartości cząstek ferromagnetycznych bez względu na rozmiar) w normie.
Wnioski i zalecenia:
Proszę obserwować zmiany trendu w następnej analizie. Przeprowadzić kolejne badanie zgodnie z harmonogramem diagnostyki olejowej.","{""stałe_ciała_obce"": ""w_normie"", ""liczba_zasadowa"": ""w_normie"", ""temperatura_zapłonu"": ""w_akceptowalnym_zakresie"", ""woda"": ""w_normie"", ""metale_zużyciowe"": ""w_normie"", ""pq_indeks"": ""w_normie""}",1,WSKAZÓWKA
P2311727,"Oznaczona lepkość wskazuje na olej klasy SAE 30. Temperatura zapłonu w normie. Rezerwa alkaliczna na bezpiecznym poziomie. Zawartość wody (0,05%) w normie. Indeks PQ (informujący o zawartości cząstek ferromagnetycznych bez względu na rozmiar) w normie. Zawartość cząstek zużyciowych (oznaczona w badaniu pierwiastków, cząstki <5µm) na dopuszczalnym poziomie. Nie stwierdzono zanieczyszczenia oleju płynem chłodniczym.

Zalecenia i wnioski:

Proszę zweryfikować wymagania dotyczące lepkości eksploatowanego oleju. Jeżeli lepkość spełnia wymagania olej kwalifikuje się do dalszej eksploatacji - w tej sytuacji proszę obserwować zmiany oraz przeprowadzić wymianę oleju zgodnie z przyjętym harmonogramem. W przeciwnym razie należy niezwłocznie podjąć działania korygujące polegające na wymianie oleju na świeży (zgodny z instrukcją obsługi) oraz poinformowanie serwisu o przeprowadzonej wymianie lub przeprowadzenie wymiany oleju pod nadzorem przedstawiciela serwisu.","{""lepkość"": ""w_normie"", ""temperatura_zapłonu"": ""w_normie"", ""rezerwa_alkaliczna"": ""w_zakresie_bezpiecznym"", ""woda"": ""w_normie"", ""pq_indeks"": ""w_normie"", ""metale_zużyciowe"": ""w_dopuszczalnym_zakresie"", ""płyn_chłodniczy"": ""brak_wykrycia""}",1,WSKAZÓWKA
P2312220,"Oznaczona lepkość oleju w normie dla klasy SAE 20. Temperatura zapłonu w normie. Zawartość dodatków na poziomie oczekiwanym. Rezerwa alkaiczna uległa wyczerpaniu. Zawartość cząstek zużyciowych w dopuszczalnym zakresie, nie stwierdzono znacznego przyrostu zawartości w porównaniu do poprzedniego badania. Na widmie w podczerwieni nie stwierdzono charakterystycznych zmian świadczących o zanieczyszczeniu oleju płynem chłodniczym. 



Zalecenia i wnioski:

Z uwagi na wyczerpanie się rezerwy alkalicznej, proszę wymienić olej na świeży, jeśli wymiana jeszcze nie nastąpiła. Proszę skrócić interwał pomiędzy wymianami oleju.","{""lepkość"": ""w_normie"", ""temperatura_zapłonu"": ""w_normie"", ""płyn_chłodniczy"": ""brak_wykrycia""}",2,UWAGA
P2312252,"Poziom metalicznych produktów zużycia oznaczony w badaniu pierwiastków (cząstki o rozmiarze <5 mikronów) w normie. Wysoki poziom ołowiu pochodzi z paliwa lotniczego i jest to sytuacja normalna dla tego typu tłokowych silników lotniczych jednak oznaczona zawartość przekracza oczekiwaną.   
Wnioski i zalecenia:
Proszę obserwować zmiany trendu w następnej analizie. Przeprowadzić kolejne badanie zgodnie z harmonogramem diagnostyki olejowej. ","{""metale_zużyciowe"": ""w_normie""}",0,WSKAZÓWKA
P2312379,"Oznaczona lekko obniżona dla klasy SAE 40. Zawartość stałych ciał obcych w normie. Liczba zasadowa w normie. Własności dyspergujące w normie. Temperatura zapłonu w normie. Zawartość wody w normie. Poziom metalicznych produktów zużycia oznaczony w badaniu pierwiastków (cząstki o rozmiarze <5 mikronów) w normie. Indeks PQ w normie.

Wnioski i zalecenia:

Obserwować zmiany lepkości w kolejnym badaniu. Przeprowadzić kolejne badanie zgodnie z harmonogramem diagnostyki olejowej. Proszę obserwować zmiany w następnej analizie.","{""stałe_ciała_obce"": ""w_normie"", ""liczba_zasadowa"": ""w_normie"", ""temperatura_zapłonu"": ""w_normie"", ""woda"": ""w_normie"", ""metale_zużyciowe"": ""w_normie"", ""pq_indeks"": ""w_normie""}",1,WSKAZÓWKA
P2312927,"Oznaczona lepkość podwyższona dla klasy SAE 40, wskazuje na olej klasy SAE 50. Temperatura zapłonu w normie. Poziom metalicznych produktów zużycia oznaczony w badaniu pierwiastków w normie.
Wnioski i zalecenia:
Zweryfikować informacje dot. stosowanego oleju oraz wymagania producenta urządzenia dotyczące lepkości, w razie konieczności przeprowadzić wymianę na świeży. ","{""lepkość"": ""w_normie"", ""temperatura_zapłonu"": ""w_normie"", ""metale_zużyciowe"": ""w_normie""}",1,WSKAZÓWKA
P2313245,"Lepkość mieści się w zakresie dopuszczalnym dla klasy SAE 50. Temperatura zapłonu na poziomie akceptowalnym. Nie stwierdzono niepokojąco podwyższonej zawartości cząstek zużyciowych. Na widmie w podczerwieni nie stwierdzono zmian świadczących o zanieczyszczeniu oleju płynem chłodniczym.



Zalecenia i wnioski:

Olej kwalifikuje się do dalszej eksploatacji jednak ze względu na zawartość parametrów w zakresach bliskich granic ostrzegawczych zalecana jest obserwacja zmian w kolejnym badaniu po 500mth. ","{""lepkość"": ""w_dopuszczalnym_zakresie"", ""temperatura_zapłonu"": ""w_akceptowalnym_zakresie"", ""płyn_chłodniczy"": ""brak_wykrycia""}",1,WSKAZÓWKA
P2313530,"Lepkość w zakresie typowym dla klasy SAE 40. Temperatura zapłonu w normie. Liczba zasadowa mieści się w bezpiecznym zakresie. Własności dyspergujące pogorszone. Zawartość stałych zanieczyszczeń w normie. Zawartość wody w normie. W porównaniu do poprzednich badań nie stwierdzono niepokojącego przyrostu zawartości cząstek zużyciowych. Widmo w podczerwieni mało czytelne ze względu na zawartość sadzy. Nie stwierdzono niepokojąco podwyższonej zawartości pierwiastków sugerujących zanieczyszczenie oleju płynem chłodniczym.





Zalecenia i wnioski:

Proszę obserwować zmiany w następnym badaniu. Zalecane jest przeprowadzenie następnej analizy po kolejnych 500mth.","{""lepkość"": ""w_normie"", ""temperatura_zapłonu"": ""w_normie"", ""liczba_zasadowa"": ""w_zakresie_bezpiecznym"", ""zanieczyszczenia_stałe"": ""w_normie"", ""woda"": ""w_normie"", ""płyn_chłodniczy"": ""brak_wykrycia""}",0,WSKAZÓWKA
P2313539,"Lepkość powyżej zakresu typowego dla klasy SAE 30, wskazuje na olej klasy SAE 40. Temperatura zapłonu w normie. Nie stwierdzono podwyższonej zawartości cząstek zużyciowych. Na widmie w podczerwieni nie stwierdzono charakterystycznych zmian świadczących o zanieczyszczeniu oleju płynem chłodniczym.

Zalecenia i  wnioski:

Skontrolować zalecenia dot. wymaganej lepkości, jeśli jest niezgodna to należy wymienić olej na świeży. Proszę obserwować zmiany w kolejnym badaniu zgodnie z przyjętym harmonogramem diagnostyki.","{""lepkość"": ""w_normie"", ""temperatura_zapłonu"": ""w_normie"", ""płyn_chłodniczy"": ""brak_wykrycia""}",0,WSKAZÓWKA
P2313697,"Zawartość dodatków uszlachetniających różni się znacząco w porównaniu z poprzednim analizami - wskazuje na olej inny niż będący wcześniej w eksploatacji. Poziom metalicznych produktów zużycia oznaczony w badaniu pierwiastków (cząstki o rozmiarze <5 mikronów) w normie. Wysoki poziom ołowiu pochodzi z paliwa i jest to sytuacja normalna dla tego typu tłokowych silników lotniczych.    

Wnioski i zalecenia:

Proszę zweryfikować informacje dot. stosowanego oleju oraz podawać jego pełną nazwę. Przeprowadzić kolejne badanie zgodnie z harmonogramem diagnostyki olejowej. ","{""metale_zużyciowe"": ""w_normie""}",1,WSKAZÓWKA
P2313705,"Zawartość miedzi na poziomie akceptowalnym jednak biorąc pod uwagę czas pracy od wymiany oleju może sugerować wzrost dynamiki przyrostu parametru. Pozostałe oznaczone parametry mieszczą się w dopuszczalnych zakresach.



Zalecenia i wnioski:

Wskazana jest obserwacja zmian w następnym badaniu po kolejnych 250mth. ","{""miedź"": ""w_akceptowalnym_zakresie""}",1,WSKAZÓWKA
P2313821,"Oznaczona lepkość w normie dla klasy SAE 40, jest obniżona dla oleju klasy SAE 50. Zawartość stałych ciał obcych w normie. Liczba zasadowa w normie. Własności dyspergujące w normie. Temperatura zapłonu w zakresie akceptowalnym. Zawartość wody w normie. Poziom metalicznych produktów zużycia oznaczony w badaniu pierwiastków (cząstki o rozmiarze <5 mikronów) w normie. Indeks PQ informujący o zawartości cząstek ferromagnetycznych (niezależnie od rozmiaru cząstek) w normie.

Wnioski i zalecenia:

Zweryfikować czy oznaczona lepkość spełnia wymagania producenta urządzenia, jeśli nie, to należy wymienić olej na świeży. Przeprowadzić kolejne badanie zgodnie z harmonogramem diagnostyki olejowej. Proszę obserwować zmiany w następnej analizie.","{""lepkość"": ""w_normie"", ""stałe_ciała_obce"": ""w_normie"", ""liczba_zasadowa"": ""w_normie"", ""temperatura_zapłonu"": ""w_akceptowalnym_zakresie"", ""woda"": ""w_normie"", ""metale_zużyciowe"": ""w_normie"", ""pq_indeks"": ""w_normie""}",1,WSKAZÓWKA
P2313862,"Oznaczona lepkość w normie dla oleju klasy SAE 40. Temperatura zapłonu w normie. Odnotowano wzrost zawartości miedzi w stosunku do poprzedniej analizy. Poziom pozostałych metalicznych produktów zużycia oznaczony w badaniu pierwiastków (cząstki o rozmiarach <5um) w normie.

Wnioski i zalecenia:

W celu obserwacji trendu zawartości miedzi zaleca się przeprowadzić kolejne badanie za około 500mth. Proszę obserwować zmiany w następnej analizie.","{""lepkość"": ""w_normie"", ""temperatura_zapłonu"": ""w_normie"", ""metale_zużyciowe"": ""w_normie""}",1,WSKAZÓWKA
P2314015,"Oznaczona lepkość wskazuje na olej klasy SAE 30. Temperatura zapłonu w normie. Rezerwa alkaliczna w zakresie granicznym. Zawartość wody (0,04%) w normie. Indeks PQ (informujący o zawartości cząstek ferromagnetycznych bez względu na rozmiar) w normie. Zawartość cząstek zużyciowych (oznaczona w badaniu pierwiastków, cząstki <5µm) w normie. Nie stwierdzono zanieczyszczenia oleju płynem chłodniczym.

Zalecenia i wnioski:

Proszę zweryfikować wymagania dotyczące lepkości eksploatowanego oleju. Jeżeli lepkość spełnia wymagania olej kwalifikuje się do dalszej eksploatacji - w tej sytuacji proszę obserwować zmiany oraz przeprowadzić wymianę oleju zgodnie z przyjętym harmonogramem. W przeciwnym razie należy niezwłocznie podjąć działania korygujące polegające na wymianie oleju na świeży (zgodny z instrukcją obsługi) oraz poinformowanie serwisu o przeprowadzonej wymianie lub przeprowadzenie wymiany oleju pod nadzorem przedstawiciela serwisu.","{""lepkość"": ""w_normie"", ""temperatura_zapłonu"": ""w_normie"", ""rezerwa_alkaliczna"": ""w_zakresie_granicznym"", ""woda"": ""w_normie"", ""pq_indeks"": ""w_normie"", ""metale_zużyciowe"": ""w_normie"", ""płyn_chłodniczy"": ""brak_wykrycia""}",1,WSKAZÓWKA
P2314028,"Oznaczona lepkość dla klasy SAE 40 w normie. Temperatura zapłonu w normie. Poziom metalicznych produktów zużycia oznaczony w badaniu pierwiastków w normie.
Wnioski i zalecenia:
Przeprowadzić kolejne badanie zgodnie z harmonogramem diagnostyki olejowej. Proszę obserwować zmiany w następnej analizie.","{""lepkość"": ""w_normie"", ""temperatura_zapłonu"": ""w_normie"", ""metale_zużyciowe"": ""w_normie""}",1,W NORMIE
P2314196,"Oznaczona lepkość dla klasy SAE 40 w zakresie granicznym. Wskaźnik lepkości na oczekiwanym poziomie. Rezerwa alkaliczna w normie. Zawartość wody w normie. Poziom metalicznych produktów zużycia oznaczony w badaniu pierwiastków (cząstki o rozmiarze <5µm) znajduje się normie jednak przy małej ilości przepracowanych godzin.

Wnioski i zalecenia:

W krótkim okresie eksploatacji licząc od ostatniej wymiany oleju wykryto obecność metali zużyciowych. W celu weryfikacji dynamiki zużycia smarowanych elementów zalecane jest przeprowadzenie kolejnego badania za 500 godzin pracy silnika. Obserwować zmiany trendu w kolejnym badaniu. ","{""lepkość"": ""w_zakresie_granicznym"", ""rezerwa_alkaliczna"": ""w_normie"", ""woda"": ""w_normie""}",0,WSKAZÓWKA
P2314745,"Lepkość mieści się w zakresie typowym dla klasy SAE 40. Temperatura zapłonu na dopuszczalnym poziomie.  Na widmie w podczerwieni stwierdzono zmiany sugerujące podwyższoną zawartość komponentów oleju napędowego, nie stwierdzono zmian wskazujących na zanieczyszczenie płynem chłodniczym. Nie stwierdzono niepokojąco podwyższonego poziomu pierwiastków typowych dla płynów chłodniczych. W porównaniu do poprzedniego badania nie stwierdzono znaczącego przyrostu zawartości cząstek zużyciowych. 



Zalecenia i wnioski:

Oznaczone parametry mieszczą się w akceptowalnych zakresach. Olej kwalifikuje się do dalszej eksploatacji jednak zalecana jest obserwacja zmian w kolejnym badaniu nie później niż po 500mth. ","{""lepkość"": ""w_normie"", ""temperatura_zapłonu"": ""w_dopuszczalnym_zakresie"", ""olej_napędowy"": ""brak_wykrycia"", ""płyn_chłodniczy"": ""brak_wykrycia""}",0,WSKAZÓWKA
P2314976,"Zawartość dodatków uszlachetniających różni się od wartości referencyjnych dla oleju Shell Rimula R4 X 15W-40. Oznaczona lepkość dla klasy SAE 40 w normie. Temperatura zapłonu w normie. Poziom metalicznych produktów zużycia oznaczony w badaniu pierwiastków w normie.

Wnioski i zalecenia:

Przeprowadzić kolejne badanie zgodnie z harmonogramem diagnostyki olejowej.","{""lepkość"": ""w_normie"", ""temperatura_zapłonu"": ""w_normie"", ""metale_zużyciowe"": ""w_normie""}",0,WSKAZÓWKA
P2315083,"Lepkość w zakresie granicznym klasy SAE 40. Temperatura zapłonu na akceptowalnym poziomie. Liczba zasadowa na poziomie dopuszczalnym dla oleju klasy CF. Własności dyspergujące w normie. Zawartość stałych zanieczyszczeń w normie. Zawartość wody w normie. W porównaniu do poprzedniego badania nie stwierdzono znaczącego przyrostu zawartości cząstek zużyciowych, mieści się ona w dopuszczalnym zakresie. Na widmie w podczerwieni nie stwierdzono charakterystycznych pasm świadczących o zanieczyszczeniu oleju płynem chłodniczym.



Zalecenia i wnioski:

Olej kwalifikuje się do dalszej eksploatacji jednak wskazana jest obserwacja zmian w kolejnym badaniu po 500mth.","{""lepkość"": ""w_zakresie_granicznym"", ""temperatura_zapłonu"": ""w_akceptowalnym_zakresie"", ""liczba_zasadowa"": ""w_dopuszczalnym_zakresie"", ""zanieczyszczenia_stałe"": ""w_normie"", ""woda"": ""w_normie"", ""płyn_chłodniczy"": ""brak_wykrycia""}",0,WSKAZÓWKA
P2315182,"Oznaczona lepkość dla oleju klasy SAE 40 w normie. Temperatura zapłonu w normie. Zawartość sodu oraz miedzi na niższym poziomie niż w badaniu poprzednim, co może być wynikiem wymywania zanieczyszczeń po poprzednim zalaniu. Poziom pozostałych metalicznych produktów zużycia oznaczony w badaniu pierwiastków (cząstki o rozmiarach <5um) w normie. 

Wnioski i zalecenia:

Proszę monitorować zawartość pierwiastków w kolejnym badaniu wykonanym za 250mth pracy silnika w celu oceny dynamiki starzenia i/lub wykluczenia ewentualnych awarii/uszkodzeń.","{""lepkość"": ""w_normie"", ""temperatura_zapłonu"": ""w_normie"", ""metale_zużyciowe"": ""w_normie""}",1,WSKAZÓWKA
P2315272,"Lepkość w zakresie typowym dla klasy SAE 40. Rezerwa alkaliczna (wzajemna relacja liczby zasadowej oraz liczby kwasowej) uległa wyczerpaniu. Zawartość cząstek metalicznych oznaczona w badaniu pierwiastków (cząstki <5µm) oraz indeks PQ (informujący o zawartości cząstek ferromagnetycznych bez względu na rozmiar) w normie.

Zalecenia i wnioski:

Olej nie kwalifikuje się do dalszej eksploatacji, należy wymienić olej na świeży. Proszę wykonać kolejne badanie po przeprowadzeniu działań korygujących.","{""lepkość"": ""w_normie"", ""pq_indeks"": ""w_normie"", ""metale_zużyciowe"": ""w_normie""}",2,UWAGA
P2315348,"Zawartość dodatków uszlachetniających na poziomie oczekiwanym dla oleju AeroShell W15W-50. Poziom metalicznych produktów oznaczony w badaniu pierwiastków (cząstki o rozmiarze <5 mikronów) w normie jednak przy małej ilości przepracowanych godzin. Wysoki poziom ołowiu pochodzi z paliwa lotniczego i jest to sytuacja normalna dla tego typu tłokowych silników lotniczych jednak oznaczona wartość przy mniejszej ilości przepracowanych godzin przekracza oczekiwaną.  
Wnioski i zalecenia: 
Obserwować zmiany trendu w kolejnym badaniu po 50 godzinach pracy silnika.","{""dodatki_uszlachetniające"": ""w_normie""}",0,WSKAZÓWKA
P2315349,"Poziom metalicznych produktów zużycia oznaczony w badaniu pierwiastków (cząstki o rozmiarze <5 mikronów) w normie. Wysoki poziom ołowiu pochodzi z paliwa lotniczego i jest to sytuacja normalna dla tego typu tłokowych silników lotniczych. Zaobserwowano wzrost poziomu konsumpcji oleju w stosunku do poprzednich badań 
Wnioski i zalecenia:
Zweryfikować informację producenta silnika dot. dopuszczalnej konsumpcji oleju. Obserwować zmiany trendu w następnej analizie.  Przeprowadzić kolejne badanie zgodnie z harmonogramem diagnostyki olejowej. ","{""metale_zużyciowe"": ""w_normie""}",0,WSKAZÓWKA
P2315350,"Poziom metalicznych produktów zużycia oznaczony w badaniu pierwiastków (cząstki o rozmiarze <5 mikronów) w normie. Wysoki poziom ołowiu pochodzi z paliwa lotniczego i jest to sytuacja normalna dla tego typu tłokowych silników lotniczy. Konsumpcja  oleju utrzymuje się na podobnym poziomie w stosunku do poprzedniego badania.
Wnioski i zalecenia:
Zweryfikować informację producenta silnika dot. dopuszczalnej konsumpcji oleju. Obserwować zmiany trendu w następnej analizie.  Przeprowadzić kolejne badanie zgodnie z harmonogramem diagnostyki olejowej. ","{""metale_zużyciowe"": ""w_normie""}",0,WSKAZÓWKA
P2315634,"Lepkość w zakresie typowym dla klasy SAE 40. Temperatura zapłonu na akceptowalnym poziomie. Zawartość cząstek zużyciowych na dopuszczalnym poziomie. Widmo w podczerwieni mało czytelne ze względu na zawartość sadzy. Nie stwierdzono podwyższonej zawartości pierwiastków sugerujących zanieczyszczenie oleju płynem chłodniczym.



Zalecenia i wnioski:

Olej warunkowo kwalifikuje się do dalszej eksploatacji. Wskazana jest obserwacja zmian w kolejnym badaniu po 500mth.","{""lepkość"": ""w_normie"", ""temperatura_zapłonu"": ""w_akceptowalnym_zakresie"", ""metale_zużyciowe"": ""w_dopuszczalnym_zakresie"", ""płyn_chłodniczy"": ""brak_wykrycia""}",1,WSKAZÓWKA
P2315656,"Oznaczona lepkość w normie dla oleju klasy SAE 40. Temperatura zapłonu w zakresie akceptowalnym. Liczba zasadowa w zakresie akceptowalnym. Własności dyspergujące pogorszone. Zawartość stałych ciał obcych niemożliwa do oznaczenia ze względu na wysoką zawartość sadzy. Zawartość wody w normie. Poziom metalicznych produktów zużycia oznaczony w badaniu pierwiastków (cząstki o rozmiarach <5um) w normie, trend stabilny. Indeks PQ, informujący o zawartości cząstek ferromagnetycznych (niezależnie od rozmiaru cząstek) w normie. Widmo IR wskazuje na zwiększoną zawartość sadzy.

Zalecenia i wnioski:

Zalecam kontrolę i ewentualną wymianę wkładów filtracyjnych oraz przeprowadzenie kolejnego badania za 500 mth.","{""lepkość"": ""w_normie"", ""temperatura_zapłonu"": ""w_akceptowalnym_zakresie"", ""liczba_zasadowa"": ""w_akceptowalnym_zakresie"", ""woda"": ""w_normie"", ""metale_zużyciowe"": ""w_normie"", ""pq_indeks"": ""w_normie""}",1,WSKAZÓWKA
P2315661,"Lepkość mieści się w zakresie typowym dla klasy SAE 40. Temperatura zapłonu na dopuszczalnym poziomie. Zawartość cząstek zużyciowych mieści się w dopuszczalnym zakresie jednak poziom miedzi jest bliski limitu ostrzegawczego. Widmo w podczerwieni nieczytelne ze względu na zawartość sadzy. Nie stwierdzono niepokojąco podwyższonej zawartości pierwiastków sugerujących zanieczyszczenie płynem chłodniczym.



Zalecenia i wnioski:

Olej warunkowo kwalifikuje się do dalszej eksploatacji. Zalecana jest kontrola stanu i ewentualna wymiana filtru oleju. Proszę obserwować zmiany w kolejnym badaniu po 500mth.","{""lepkość"": ""w_normie"", ""temperatura_zapłonu"": ""w_dopuszczalnym_zakresie"", ""miedź"": ""w_dopuszczalnym_zakresie"", ""metale_zużyciowe"": ""w_dopuszczalnym_zakresie"", ""płyn_chłodniczy"": ""brak_wykrycia""}",1,WSKAZÓWKA
P2315731,"Oznaczona lepkość wskazuje na olej klasy ISO VG 30. Temperatura zapłonu w normie. Rezerwa alkaliczna na bezpiecznym poziomie. Zawartość wody (0,02%) w normie. Indeks PQ (informujący o zawartości cząstek ferromagnetycznych bez względu na rozmiar) oraz zawartość cząstek zużyciowych (oznaczona w badaniu pierwiastków, cząstki <5µm) w normie.

Zalecenia i wnioski:

Skontrolować wymagania producenta urządzenia dot. zakresu dopuszczalnej lepkości oleju, w razie potrzeby wymienić olej.","{""lepkość"": ""w_normie"", ""iso_vg"": ""w_normie"", ""temperatura_zapłonu"": ""w_normie"", ""rezerwa_alkaliczna"": ""w_zakresie_bezpiecznym"", ""woda"": ""w_normie"", ""pq_indeks"": ""w_normie"", ""metale_zużyciowe"": ""w_normie""}",1,WSKAZÓWKA
P2315735,"Lepkość w zakresie typowym dla klasy SAE 40. Oznaczone dodatki na poziomie oczekiwanym dla oleju Total Disola MR4015. Temperatura zapłonu na bezpiecznym poziomie. Liczba zasadowa w trendzie malejącym, mieści się jeszcze w akceptowalnym zakresie. Zawartość cząstek zużyciowych na dopuszczalnym poziomie. Zawartość wody w normie. Widmo w podczerwieni jest nieczytelne ze względu na wysoką zawartość sadzy. Nie stwierdzono niepokojąco podwyższonej zawartości pierwiastków wskazujących na zanieczyszczenie oleju płynem chłodniczym.   



Zalecenia i wnioski:

Oznaczone parametry mieszczą się w akceptowalnych zakresach jednak wskazana jest wymiana filtru oleju. Proszę obserwować zmiany w kolejnej analizie zgodnie z przyjętym harmonogramem diagnostyki.   ","{""lepkość"": ""w_normie"", ""temperatura_zapłonu"": ""w_zakresie_bezpiecznym"", ""liczba_zasadowa"": ""w_akceptowalnym_zakresie"", ""metale_zużyciowe"": ""w_dopuszczalnym_zakresie"", ""woda"": ""w_normie"", ""płyn_chłodniczy"": ""brak_wykrycia""}",1,WSKAZÓWKA
P2315857,"Lepkość w normie dla oleju klasy SAE 40. Temperatura zapłonu na akceptowalnym poziomie. Nie stwierdzono niepokojąco podwyższonej zawartości cząstek zużyciowych. Na widmie w podczerwieni nie stwierdzono charakterystycznych pasm świadczących o zanieczyszczeniu oleju płynem chłodniczym. 

Zalecenia i wnioski: 

Proszę obserwować zmiany w kolejnym badaniu, zgodnie z harmonogramem diagnostyki.","{""lepkość"": ""w_normie"", ""temperatura_zapłonu"": ""w_akceptowalnym_zakresie"", ""płyn_chłodniczy"": ""brak_wykrycia""}",1,WSKAZÓWKA
P2315861,"Lepkość powyżej zakresu typowego dla klasy SAE 40 (sugeruje, że w eksploatacji jest olej klasy SAE 50 lub mieszanina różnych olejów). Temperatura zapłonu na dopuszczalnym poziomie. Odnotowano wzrost cząstek zużyciowych w stosunku do poprzedniego badania, jednak ich wartości mieszą się w dopuszczalnych zakresach. Na widmie w podczerwieni nie stwierdzono charakterystycznych pasm świadczących o zanieczyszczeniu oleju płynem chłodniczym. 

Zalecenia i wnioski:

Zalecana jest obserwacja zmian w kolejnych badaniach zgodnie z przyjętym harmonogramem diagnostyki.","{""temperatura_zapłonu"": ""w_dopuszczalnym_zakresie"", ""metale_zużyciowe"": ""w_dopuszczalnym_zakresie"", ""płyn_chłodniczy"": ""brak_wykrycia""}",1,WSKAZÓWKA
P2316140,"Zawartość chromu podniesiona. Poziom pozostałych metalicznych produktów zużycia oznaczony w badaniu pierwiastków (cząstki o rozmiarach <5um) w normie. Wysoka zawartość ołowiu pochodzi z paliwa lotniczego i jest to sytuacja normalna dla lotniczych silników tłokowych.

Wnioski i zalecenia:

Zalecana obserwacja zmian w kolejnych analizach. Wykonać kolejne badanie zgodnie z harmonogramem. ","{""metale_zużyciowe"": ""w_normie""}",1,WSKAZÓWKA
P2316197,"Poziom metalicznych produktów zużycia oznaczony w badaniu pierwiastków (cząstki o rozmiarze <5 mikronów) w normie, jednak przy bardzo małej ilości przepracowanych mth. Wysoki poziom ołowiu pochodzi z paliwa lotniczego i jest to sytuacja normalna dla tego typu tłokowych silników lotniczych.    
Wnioski i zalecenia:
Proszę obserwować zmiany trendu w następnej analizie. W celu weryfikacji dynamiki zużycia przeprowadzić kolejne badanie po 25 h pracy silnika. ","{""metale_zużyciowe"": ""w_normie""}",0,WSKAZÓWKA
P2316372,"Lepkość w zakresie granicznym klasy SAE 40. Temperatura zapłonu na akceptowalnym poziomie. Liczba zasadowa w trendzie malejącym, nie osiągnęła jeszcze wartości krytycznej. Własności dyspergujące w normie. Zawartość stałych zanieczyszczeń w normie. Zawartość wody w normie. W porównaniu do poprzedniego badania nie stwierdzono znaczącego przyrostu zawartości cząstek zużyciowych, mieści się ona w dopuszczalnym zakresie. Na widmie w podczerwieni nie stwierdzono charakterystycznych pasm świadczących o zanieczyszczeniu oleju płynem chłodniczym.



Zalecenia i wnioski:

Olej warunkowo kwalifikuje się do dalszej eksploatacji jednak wskazana jest obserwacja zmian w kolejnym badaniu po 250mth.","{""lepkość"": ""w_zakresie_granicznym"", ""temperatura_zapłonu"": ""w_akceptowalnym_zakresie"", ""zanieczyszczenia_stałe"": ""w_normie"", ""woda"": ""w_normie"", ""płyn_chłodniczy"": ""brak_wykrycia""}",1,WSKAZÓWKA
P2316710,"Oznaczona lepkość dla klasy SAE 40 w normie. Temperatura zapłonu na poziomie akceptowalnym.  Zawartość sodu i potasu na podobnym poziomie w porównaniu do poprzedniego badania - prawdopodobnie jest to pochodna zanieczyszczenia oleju płynem chłodniczym, wodą lub/i pyłem z otoczenia. Poziom metalicznych produktów zużycia oznaczony w badaniu pierwiastków ( cząstki o rozmiarze <5µm) w normie.

Wnioski i zalecenia: 

Obserwować zmiany trendu w następnej analizie. Przeprowadzić kolejne badanie po 500 mth pracy silnika. ","{""lepkość"": ""w_normie"", ""temperatura_zapłonu"": ""w_akceptowalnym_zakresie"", ""metale_zużyciowe"": ""w_normie""}",1,WSKAZÓWKA
P2316769,"Lepkość w zakresie typowym dla klasy SAE 40. Temperatura zapłonu na bezpiecznym poziomie. W porównaniu do poprzednich analiz nastąpił skokowy wzrost zawartości żelaza (badanie pierwiastków, cząstki <5µm), oznaczona wartość mieści się w akceptowalnym zakresie. Pozostałe oznaczone pierwiastki zużyciowe oraz indeks PQ (informujący o zawartości cząstek ferromagnetycznych bez względu na rozmiar) w normie. Widmo w podczerwieni mało czytelne ze względu na zawartość sadzy. Nie stwierdzono niepokojąco podwyższonej zawartości pierwiastków wskazujących na zanieczyszczenie oleju płynem chłodniczym.



Zalecenia i wnioski:

Wskazana jest obserwacja zmian w kolejnym badaniu nie później niż za 500mth.    ","{""lepkość"": ""w_normie"", ""temperatura_zapłonu"": ""w_zakresie_bezpiecznym"", ""pq_indeks"": ""w_normie"", ""metale_zużyciowe"": ""w_normie"", ""płyn_chłodniczy"": ""brak_wykrycia""}",1,WSKAZÓWKA
P2316774,"Oznaczona lepkość w normie dla oleju klasy SAE 40. Temperatura zapłonu w normie. Poziom metalicznych produktów zużycia w normie. Widmo IR wskazuje na obecność sadzy w oleju.

Zalecenia i wnioski:

Proszę przeanalizować możliwość zmiany wkładów filtracyjnych. Wykonać badanie za 500mth pracy silnika w celu obserwacji zmian trendu.","{""lepkość"": ""w_normie"", ""temperatura_zapłonu"": ""w_normie"", ""metale_zużyciowe"": ""w_normie""}",0,WSKAZÓWKA
P2316781,"Lepkość mieści się w zakresie dopuszczalnym dla klasy SAE 40. Temperatura zapłonu w normie. Liczba zasadowa poniżej wartości oczekiwanej, mieści się w akceptowalnym zakresie. Zawartość stałych zanieczyszczeń w normie. Nie stwierdzono niepokojąco podwyższonej zawartości cząstek zużyciowych. Na widmie w podczerwieni nie stwierdzono charakterystycznych zmian świadczących o zanieczyszczeniu oleju płynem chłodniczym.



Zalecenia i wnioski:

Oznaczone parametry mieszczą się w akceptowalnych zakresach. Zalecana jest obserwacja zmian w kolejnym badaniu po 500mth.     ","{""lepkość"": ""w_dopuszczalnym_zakresie"", ""temperatura_zapłonu"": ""w_normie"", ""liczba_zasadowa"": ""w_akceptowalnym_zakresie"", ""zanieczyszczenia_stałe"": ""w_normie"", ""płyn_chłodniczy"": ""brak_wykrycia""}",0,WSKAZÓWKA
P2316783,"Oznaczona lepkość poniżej dolnej wartości granicznej dla klasy SAE 40 - trend stabilny. Temperatura zapłonu w normie. Poziom metalicznych produktów zużycia w normie. 

Zalecenia i wnioski:

Proszę upewnić się, że olej o danej lepkości nadaje się do dalszej eksploatacji. Proszę przesłać próbkę do badania za ok 250 mth pracy silnika. Obserwować zmiany w kolejnym badaniu.","{""temperatura_zapłonu"": ""w_normie"", ""metale_zużyciowe"": ""w_normie""}",1,WSKAZÓWKA
P2316862,"Oznaczona lepkość dla klasy SAE 40 w normie. Temperatura zapłonu niemożliwa do oznaczenia ze względu na stan próbki. Poziom metalicznych produktów zużycia oznaczony w badaniu pierwiastków (cząstki o rozmiarach <5um) w normie. Widmo w podczerwieni mało czytelne ze względu na dużą zawartość sadzy w oleju jednakże może wskazywać na zanieczyszczenie oleju płynem chłodniczym lub wodą. 

Zalecenia i wnioski:

Przeprowadzić kontrolę szczelności układu smarnego pod kątem przedostawania się płynu chłodniczego lub wody. Ze względu na stan olej nie kwalifikuje się do dalszej eksploatacji, należy wymienić go na świeży wraz z wymianą wkładów filtracyjnych jeżeli jeszcze to nie nastąpiło.","{""lepkość"": ""w_normie"", ""metale_zużyciowe"": ""w_normie""}",1,UWAGA
P2316971,"Lepkość w zakresie dopuszczalnym dla klasy SAE 40. Temperatura zapłonu w normie. Liczba zasadowa poniżej wartości oczekiwanej jednak mieści się w akceptowalnym zakresie. Nie stwierdzono niepokojąco podwyższonej zawartości cząstek zużyciowych. Na widmie w podczerwieni nie stwierdzono charakterystycznych pasm świadczących o zanieczyszczeniu oleju płynem chłodniczym. Zawartość wody w normie. Zawartość stałych zanieczyszczeń w normie.



Zalecenia i wnioski:

Oznaczone parametry mieszczą się w akceptowalnych zakresach. Zalecana jest obserwacja zmian w kolejnym badaniu po 500mth.     ","{""lepkość"": ""w_dopuszczalnym_zakresie"", ""temperatura_zapłonu"": ""w_normie"", ""liczba_zasadowa"": ""w_akceptowalnym_zakresie"", ""płyn_chłodniczy"": ""brak_wykrycia"", ""woda"": ""w_normie"", ""zanieczyszczenia_stałe"": ""w_normie""}",0,WSKAZÓWKA
P2317147,"Lepkość w normie dla klasy SAE 40. Wskaźnik lepkości jest typowy dla olejów jednosezonowych. Temperatura zapłonu w normie. Liczba zasadowa znacznie poniżej wartości oczekiwanej dla oleju klasy CF-4, mieści się w zakresie typowym dla olejów jednosezonowych. Nie stwierdzono niepokojąco podwyższonej zawartości cząstek zużyciowych. Własności dyspergujące lekko obniżone. Zawartość stałych zanieczyszczeń w normie. Zawartość wody w normie. Na widmie w podczerwieni nie stwierdzono charakterystycznych zmian świadczących o zanieczyszczeniu oleju płynem chłodniczym.



Zalecenia i wnioski:

Wyniki badań sugerują, że w eksploatacji jest olej inny niż zdeklarowany w druku próbki Superol CF-4 15W-40. Proszę zweryfikować historię wymian i uzupełnień oleju. Zalecana jest obserwacja zmian w kolejnym badaniu nie później niż po 500mth.","{""lepkość"": ""w_normie"", ""temperatura_zapłonu"": ""w_normie"", ""liczba_zasadowa"": ""w_normie"", ""zanieczyszczenia_stałe"": ""w_normie"", ""woda"": ""w_normie"", ""płyn_chłodniczy"": ""brak_wykrycia""}",0,WSKAZÓWKA
P2317496,"Lepkość w zakresie typowym dla klasy SAE 40. Wskaźnik lepkości zgodny z wartością deklarowaną przez producenta oleju. Oznaczone dodatki na poziomie oczekiwanym. Temperatura zapłonu znacznie poniżej wartości oczekiwanej. Liczba zasadowa na akceptowalnym poziomie. Własności dyspergujące niemożliwe do oznaczenia. Nie stwierdzono niepokojąco podwyższonej zawartości cząstek zużyciowych. Zawartość wody w normie. Zawartość stałych zanieczyszczeń w normie. Anormalny przebieg widma w podczerwieni sugeruje nietypowe zanieczyszczenie dostarczonej próbki.



Zalecenia i wnioski:

Wskazany jest pilny pobór próbki kontrolnej w celu weryfikacji wyników badań. ","{""lepkość"": ""w_normie"", ""liczba_zasadowa"": ""w_akceptowalnym_zakresie"", ""woda"": ""w_normie"", ""zanieczyszczenia_stałe"": ""w_normie""}",2,UWAGA
P2317547,"Poziom metalicznych produktów zużycia oznaczony w badaniu pierwiastków (cząstki o rozmiarze <5 mikronów) w normie, jednak przy bardzo małej ilości przepracowanych godzin. Wysoki poziom ołowiu pochodzi z paliwa lotniczego i jest to sytuacja normalna dla tego typu tłokowych silników lotniczych.    
Wnioski i zalecenia:
Proszę obserwować zmiany trendu w następnej analizie. W celu weryfikacji dynamiki zużycia przeprowadzić kolejne badanie przynajmniej po 25 h pracy silnika. ","{""metale_zużyciowe"": ""w_normie""}",0,WSKAZÓWKA
P2317667,"Oznaczona lepkość w normie dla oleju klasy SAE 40. Temperatura zapłonu w normie. Zawartość miedzi w normie, jednak przy małej ilości mth. Poziom pozostałych metalicznych produktów zużycia oznaczony w badaniu pierwiastków (cząstki o rozmiarze <5 mikronów) w normie.

Wnioski i zalecenia:

Zachowana stała dynamika przyrostu miedzi. Proszę obserwować zmiany w następnej analizie, przeprowadzić kolejne badanie oleju za 500h pracy, licząc od chwili pobrania aktualnej próbki.","{""lepkość"": ""w_normie"", ""temperatura_zapłonu"": ""w_normie"", ""miedź"": ""w_normie"", ""metale_zużyciowe"": ""w_normie""}",1,WSKAZÓWKA
P2319041,"Poziom wykrytych metalicznych produktów zużycia oznaczony w badaniu pierwiastków znajduje się w zakresach dopuszczalnych, jednak przy mniejszej ilości przepracowanych godzin. Wysoki poziom ołowiu pochodzi z paliwa lotniczego i jest to sytuacja normalna dla tego typu tłokowych silników lotniczych.    

Wnioski i zalecenia:

Obserwować zmiany trendu w kolejnej analizie. W celu śledzenia dynamiki zużycia przeprowadzić kolejne badanie po 50 godzinach pracy silnika.","{""metale_zużyciowe"": ""w_dopuszczalnym_zakresie""}",1,WSKAZÓWKA
P2319417,"Oznaczona lepkość w zakresie granicznym dla oleju klasy SAE 40. Temperatura zapłonu w zakresie akceptowalnym. Zawartość żelaza, miedzi i ołowiu w trendzie stabilnym. Poziom pozostałych metalicznych produktów zużycia oznaczony w badaniu pierwiastków (cząstki o rozmiarach <5um) w normie. Na widmie w podczerwieni nie stwierdzono charakterystycznych zmian świadczących o zanieczyszczeniu próbki płynem chłodniczym.

Zalecenia i wnioski:

Proszę obserwować zmiany w następnej analizie, przeprowadzić kolejne badanie oleju za 500h pracy, licząc od chwili pobrania aktualnej próbki.","{""lepkość"": ""w_zakresie_granicznym"", ""temperatura_zapłonu"": ""w_akceptowalnym_zakresie"", ""metale_zużyciowe"": ""w_normie"", ""płyn_chłodniczy"": ""brak_wykrycia""}",1,WSKAZÓWKA
P2320650,"Lepkość mieści się w zakresie typowym dla klasy SAE 40. Temperatura zapłonu na dopuszczalnym poziomie. Oznaczony poziom dodatków znacznie poniżej oczekiwanego dla, zdeklarowanego w druku próbki, oleju Lotos Oil IBIS RDEO SAE 40. Nie stwierdzono niepokojąco podwyższonej zawartości cząstek zużyciowych. Na widmie w podczerwieni nie stwierdzono zmian świadczących o zanieczyszczeniu oleju płynem chłodniczym.



Zalecenia i wnioski:

Wyniki przeprowadzonych badań świadczą, że w eksploatacji jest olej inny niż zadeklarowany w druku próbki Lotos Oil IBIS RDEO SAE 40. Proszę zweryfikować historię wymian oraz uzupełnień oleju. Wyniki przeprowadzonych badań nie wskazują za niepokojący przebieg negatywnych procesów w obrębie układu olejowego. Proszę obserwować zmiany w kolejnym badaniu za 500mth. ","{""lepkość"": ""w_normie"", ""temperatura_zapłonu"": ""w_dopuszczalnym_zakresie"", ""płyn_chłodniczy"": ""brak_wykrycia""}",0,WSKAZÓWKA
P2320708,"Lepkość w zakresie typowym dla klasy SAE 40. Temperatura zapłonu na dopuszczalnym poziomie. Nie podaliście Państwo dokładnej nazwy eksploatowanego oleju i z tego powodu niemożliwe jest porównanie oznaczonej liczba zasadowej do wartości parametru w oleju świeżym, oznaczona wartość mieści się na bezpiecznym poziomie. Zawartość  pierwiastków zużyciowych oraz indeks PQ (informujący o zawartości cząstek ferromagnetycznych bez względu na rozmiar) w normie. Własności dyspergujące lekko pogorszone. Zawartość stałych zanieczyszczeń w normie. Zawartość wody w normie. Na widmie w podczerwieni nie stwierdzono charakterystycznych zmian świadczących o zanieczyszczeniu oleju płynem chłodniczym.



Zalecenia i wnioski:

Olej kwalifikuje się do dalszej eksploatacji jednak zalecana jest obserwacja zmian w kolejnym badaniu po 500mth.","{""lepkość"": ""w_normie"", ""temperatura_zapłonu"": ""w_dopuszczalnym_zakresie"", ""pq_indeks"": ""w_normie"", ""metale_zużyciowe"": ""w_normie"", ""zanieczyszczenia_stałe"": ""w_normie"", ""woda"": ""w_normie"", ""płyn_chłodniczy"": ""brak_wykrycia""}",1,WSKAZÓWKA
P2320709,"Lepkość w zakresie typowym dla klasy SAE 40. Wskaźnik lepkości jest typowy dla olejów wielosezonowych. Temperatura zapłonu na dopuszczalnym poziomie. Nie podaliście Państwo dokładnej nazwy eksploatowanego oleju i z tego powodu niemożliwe jest porównanie oznaczonej liczba zasadowej do wartości parametru w oleju świeżym, oznaczona wartość mieści się na bezpiecznym poziomie. Zawartość  pierwiastków zużyciowych oraz indeks PQ (informujący o zawartości cząstek ferromagnetycznych bez względu na rozmiar) w normie. Własności dyspergujące w normie. Zawartość stałych zanieczyszczeń w normie. Zawartość wody w normie. Na widmie w podczerwieni nie stwierdzono charakterystycznych zmian świadczących o zanieczyszczeniu oleju płynem chłodniczym.



Zalecenia i wnioski:

Wyniki przeprowadzonych badań wskazują na przeprowadzoną niedawno wymianę oleju. Oznaczone parametry mieszczą się w dopuszczalnych zakresach. Proszę obserwować zmiany w kolejnym badaniu zgodnie z przyjętym harmonogramem.","{""lepkość"": ""w_normie"", ""temperatura_zapłonu"": ""w_dopuszczalnym_zakresie"", ""pq_indeks"": ""w_normie"", ""metale_zużyciowe"": ""w_normie"", ""zanieczyszczenia_stałe"": ""w_normie"", ""woda"": ""w_normie"", ""płyn_chłodniczy"": ""brak_wykrycia""}",1,W NORMIE
P2320710,"Lepkość w zakresie granicznym klasy SAE 40. Temperatura zapłonu na dopuszczalnym poziomie. Liczba zasadowa w trendzie malejącym, mieści się w bezpiecznym zakresie. Zawartość pierwiastków zużyciowych na dopuszczalnym poziomie. Indeks PQ (informujący o zawartości cząstek ferromagnetycznych bez względu na rozmiar) w normie. Własności dyspergujące lekko pogorszone. Zawartość stałych zanieczyszczeń w normie. Zawartość wody na akceptowalnym poziomie. Na widmie w podczerwieni nie stwierdzono charakterystycznych zmian świadczących o zanieczyszczeniu oleju płynem chłodniczym.



Zalecenia i wnioski:

Olej kwalifikuje się do dalszej eksploatacji jednak wskazana jest obserwacja zmian w kolejnym badaniu nie później niż po 500mth.","{""lepkość"": ""w_zakresie_granicznym"", ""temperatura_zapłonu"": ""w_dopuszczalnym_zakresie"", ""liczba_zasadowa"": ""w_zakresie_bezpiecznym"", ""metale_zużyciowe"": ""w_dopuszczalnym_zakresie"", ""pq_indeks"": ""w_normie"", ""zanieczyszczenia_stałe"": ""w_normie"", ""woda"": ""w_akceptowalnym_zakresie"", ""płyn_chłodniczy"": ""brak_wykrycia""}",1,WSKAZÓWKA
P2321180,"Oznaczona lepkość wskazuje na olej klasy SAE 40. Temperatura zapłonu na poziomie akceptowalnym. Liczba zasadowa w normie. Własności dyspergujące w normie. Zawartość stałych zanieczyszczeń na dobrym, niskim poziomie. Zawartość wody w normie. Poziom metalicznych produktów zużycia oznaczony w badaniu pierwiastków (cząstki o rozmiarze <5 µm) w normie. Indeks PQ informujący o zawartości cząstek ferromagnetycznych (bez względu na rozmiar) w normie. 



Zalecenia i wnioski:

Jeżeli oznaczona lepkość spełnia wymagania producenta silnika olej kwalifikuje się do dalszej eksploatacji. Przeprowadzić kolejne badanie zgodnie z harmonogramem diagnostyki olejowej. ","{""lepkość"": ""w_normie"", ""temperatura_zapłonu"": ""w_akceptowalnym_zakresie"", ""liczba_zasadowa"": ""w_normie"", ""woda"": ""w_normie"", ""metale_zużyciowe"": ""w_normie"", ""pq_indeks"": ""w_normie""}",1,WSKAZÓWKA
P2321322,"Lepkość mieści się w zakresie typowym dla klasy SAE 50. Temperatura zapłonu na dopuszczalnym poziomie. Oznaczona zawartość dodatków oraz widmo w podczerwieni odbiegają od posiadanej przez nas referencji oleju świeżego Orlen Platinum Ultor Diesel 20W-50 - sugerują, że w eksploatacji jest olej innego typu lub mieszanina olejów. Zawartość cząstek zużyciowych mieści się w akceptowalnym zakresie. Na widmie w podczerwieni nie stwierdzono charakterystycznych pasm wskazujących na obecność płynu chłodniczego w próbce. 



Zalecenie i wnioski:



Proszę obserwować zmiany w kolejnym badaniu. Zalecane jest przeprowadzenie następnej analizy po 500mth.","{""lepkość"": ""w_normie"", ""temperatura_zapłonu"": ""w_dopuszczalnym_zakresie"", ""metale_zużyciowe"": ""w_akceptowalnym_zakresie""}",1,WSKAZÓWKA
P2400022,"Oznaczona lepkość w normie dla oleju klasy SAE 40. Temperatura zapłonu na poziomie akceptowalnym. Poziom metalicznych produktów zużycia oznaczony w badaniu pierwiastków (cząstki o rozmiarach <5um) w normie. Widmo IR wskazuje na zwiększoną zawartość sadzy w oleju.

Zalecenia i wnioski:

Zalecana jest wymiana wkładów filtracyjnych. Przeprowadzić kolejne badanie zgodnie z przyjętym harmonogramem diagnostyki olejowej.","{""lepkość"": ""w_normie"", ""temperatura_zapłonu"": ""w_akceptowalnym_zakresie"", ""metale_zużyciowe"": ""w_normie""}",1,WSKAZÓWKA
P2400032,"Oznaczona lepkość w normie dla oleju klasy SAE 40. Temperatura zapłonu w normie. Zawartość miedzi  i żelaza w trendzie stabilnym. Poziom pozostałych metalicznych produktów zużycia oznaczony w badaniu pierwiastków (cząstki o rozmiarach <5um) w normie.

Zalecenia i wnioski:

W celu obserwacji trendu przyrostu miedzi i żelaza proszę przeprowadzić kolejne badanie oleju za 500h pracy, licząc od chwili pobrania aktualnej próbki.","{""lepkość"": ""w_normie"", ""temperatura_zapłonu"": ""w_normie"", ""metale_zużyciowe"": ""w_normie""}",1,WSKAZÓWKA
P2400104,"Lepkość w normie dla oleju klasy SAE 40. Temperatura zapłonu w zakresie akceptowalnym. Liczba zasadowa na bezpiecznym poziomie. Własności dyspergujące w normie. Zawartość cząstek zużyciowych oznaczona w badaniu pierwiastków (cząstki <5µm) w normie. Indeks PQ informujący o zawartości cząstek ferromagnetycznych (bez względu na rozmiar) w normie. Zawartość stałych zanieczyszczeń w zakresie dopuszczalnym. Zawartość wody w normie.

Zalecenia i wnioski:

Przeprowadzić kolejne badanie zgodnie z harmonogramem diagnostyki olejowej. Proszę obserwować zmiany w następnej analizie.","{""lepkość"": ""w_normie"", ""temperatura_zapłonu"": ""w_akceptowalnym_zakresie"", ""liczba_zasadowa"": ""w_zakresie_bezpiecznym"", ""metale_zużyciowe"": ""w_normie"", ""pq_indeks"": ""w_normie"", ""zanieczyszczenia_stałe"": ""w_dopuszczalnym_zakresie"", ""woda"": ""w_normie""}",1,W NORMIE
P2400122,"Oznaczona lepkość w zakresie granicznym dla klasy SAE 40. Temperatura zapłonu w normie. Liczba zasadowa poniżej wartości oczekiwanej, mieści się w dopuszczalnym zakresie. Zawartość stałych zanieczyszczeń w normie. Zawartość wody na dobrym, niskim poziomie. Poziom metalicznych produktów zużycia oznaczony w badaniu pierwiastków (cząstki o rozmiarze <5 µm) w normie. 

Zalecenia i wnioski:

Oznaczone parametry mieszczą się w akceptowalnych zakresach. Zalecana jest obserwacja zmian trendu w kolejnym badaniu po 500mth pracy silnika.     ","{""lepkość"": ""w_zakresie_granicznym"", ""temperatura_zapłonu"": ""w_normie"", ""liczba_zasadowa"": ""w_dopuszczalnym_zakresie"", ""zanieczyszczenia_stałe"": ""w_normie"", ""metale_zużyciowe"": ""w_normie""}",1,WSKAZÓWKA
P2400446,"Lepkość w zakresie granicznym klasy SAE 40. Temperatura zapłonu na bezpiecznym poziomie. Liczba zasadowa poniżej wartości oczekiwanej jednak mieści się w akceptowalnym zakresie. Zawartość stałych zanieczyszczeń w normie. Zawartość wody w normie. Zawartość miedzi na akceptowalnym poziomie. Pozostałe oznaczone pierwiastki zużyciowe w normie. Na widmie w podczerwieni nie stwierdzono charakterystycznych zmian świadczących o zanieczyszczeniu oleju płynem chłodniczym.





Zalecenia i wnioski:

Oznaczone parametry mieszczą się w akceptowalnych zakresach. Zalecana jest obserwacja zmian w kolejnym badaniu po 500mth.    ","{""lepkość"": ""w_zakresie_granicznym"", ""temperatura_zapłonu"": ""w_zakresie_bezpiecznym"", ""liczba_zasadowa"": ""w_akceptowalnym_zakresie"", ""zanieczyszczenia_stałe"": ""w_normie"", ""woda"": ""w_normie"", ""miedź"": ""w_akceptowalnym_zakresie"", ""metale_zużyciowe"": ""w_normie"", ""płyn_chłodniczy"": ""brak_wykrycia""}",1,WSKAZÓWKA
P2400450,"Lepkość na granicy zakresu typowego dla klasy SAE 40. Temperatura zapłonu na bezpiecznym poziomie. Liczba zasadowa poniżej wartości oczekiwanej jednak mieści się w akceptowalnym zakresie. Zawartość stałych zanieczyszczeń w normie. Zawartość wody w normie. Nie stwierdzono niepokojąco podwyższonej zawartości cząstek zużyciowych. Na widmie w podczerwieni nie stwierdzono charakterystycznych zmian świadczących o zanieczyszczeniu oleju płynem chłodniczym.





Zalecenia i wnioski:

Oznaczone parametry mieszczą się w akceptowalnych zakresach. Zalecana jest obserwacja zmian w kolejnym badaniu po 500mth.    ","{""temperatura_zapłonu"": ""w_zakresie_bezpiecznym"", ""liczba_zasadowa"": ""w_akceptowalnym_zakresie"", ""zanieczyszczenia_stałe"": ""w_normie"", ""woda"": ""w_normie"", ""płyn_chłodniczy"": ""brak_wykrycia""}",0,WSKAZÓWKA
P2400471,"Oznaczona lepkość w normie dla klasy SAE 40. Temperatura zapłonu w normie. Zawartość wody w normie. Indeks PQ w normie.

Zalecenia i wnioski:

Przeprowadzić kolejne badanie zgodnie z harmonogramem diagnostyki olejowej. ","{""lepkość"": ""w_normie"", ""temperatura_zapłonu"": ""w_normie"", ""woda"": ""w_normie"", ""pq_indeks"": ""w_normie""}",0,WSKAZÓWKA
P2400497,"Oznaczona lepkość  lekko poniżej normy dla oleju klasy SAE 40. Temperatura zapłonu w normie. Liczba zasadowa w normie. Zawartość stałych ciał obcych w normie. Własności dyspergujące w normie. Poziom metalicznych produktów zużycia oznaczony w badaniu pierwiastków (cząstki o rozmiarze <5 mikronów) w normie. Zawartość wody w normie.

Wnioski i zalecenia:

Sprawdzić wymagania dot. stosowanej lepkości oleju, w przeciwnym wypadku wymienić na świeży. Przeprowadzić kolejne badanie zgodnie z harmonogramem diagnostyki olejowej. Proszę obserwować zmiany w następnej analizie.","{""temperatura_zapłonu"": ""w_normie"", ""liczba_zasadowa"": ""w_normie"", ""stałe_ciała_obce"": ""w_normie"", ""metale_zużyciowe"": ""w_normie"", ""woda"": ""w_normie""}",1,WSKAZÓWKA
P2400745,"Lepkość w zakresie typowym dla klasy SAE 40. Wskaźnik lepkości zgodny z wartością deklarowaną przez producenta oleju. Temperatura zapłonu na bezpiecznym poziomie. Zawartość dodatków zgodna z posiadaną przez nas referencją oleju świeżego. Liczba zasadowa na dopuszczalnym poziomie. Własności dyspergujące w normie. Czytelność widma w podczerwieni pogorszona ze względu na zawartość sadzy, jednak nie stwierdzono charakterystycznych zmian świadczących o zanieczyszczeniu oleju płynem chłodniczym. Nie stwierdzono niepokojąco podwyższonej zawartości pierwiastków wskazujących na zanieczyszczenie próbki płynem chłodniczym. Zawartość wody w normie. Zawartość stałych zanieczyszczeń w normie. Zawartość cząstek zużyciowych w normie.



Zalecenia i wnioski:

Oznaczone parametry mieszczą się w akceptowalnych zakresach. Olej kwalifikuje się do dalszej eksploatacji jednak zalecana jest obserwacja zmian w kolejnym badaniu po 500mth.     ","{""lepkość"": ""w_normie"", ""temperatura_zapłonu"": ""w_zakresie_bezpiecznym"", ""liczba_zasadowa"": ""w_dopuszczalnym_zakresie"", ""płyn_chłodniczy"": ""brak_wykrycia"", ""sadza"": ""brak_wykrycia"", ""woda"": ""w_normie"", ""zanieczyszczenia_stałe"": ""w_normie"", ""metale_zużyciowe"": ""w_normie""}",1,WSKAZÓWKA
P2400829,"W próbce oddzieliła się wolna woda. Stosunek zawartości wody i glikolu w normie. Temperatura krystalizacji w normie. Rezerwa alkaliczna w normie. Odczyn pH w normie. 

Zalecenia i wnioski:

Proszę przeprowadzić zabiegi mające na celu odświeżenie płynu, zgodnie z procedurami/ zaleceniami producenta płynu i /lub wymienić płyn na świeży. Wykonać badanie kolejnej próbki po przeprowadzeniu zabiegów korygujących.","{""woda"": ""w_normie"", ""glikol"": ""w_normie"", ""temperatura_krystalizacji"": ""w_normie"", ""rezerwa_alkaliczna"": ""w_normie"", ""ph"": ""w_normie""}",0,UWAGA
P2400892,Lepkość mieści się w zakresie typowym dla klasy SAE 40. Temperatura zapłonu na bezpiecznym poziomie. Liczba zasadowa poniżej wartości oczekiwanej jednak mieści się w akceptowalnym zakresie. Zawartość stałych zanieczyszczeń w normie. Zawartość wody w normie. Zawartość pierwiastków zużyciowych w normie. Na widmie w podczerwieni nie stwierdzono charakterystycznych zmian świadczących o zanieczyszczeniu oleju płynem chłodniczym.,"{""lepkość"": ""w_normie"", ""temperatura_zapłonu"": ""w_zakresie_bezpiecznym"", ""liczba_zasadowa"": ""w_akceptowalnym_zakresie"", ""zanieczyszczenia_stałe"": ""w_normie"", ""woda"": ""w_normie"", ""metale_zużyciowe"": ""w_normie"", ""płyn_chłodniczy"": ""brak_wykrycia""}",0,WSKAZÓWKA
P2400914,"Lepkość w normie dla klasy SAE 20. Wskaźnik lepkości na oczekiwanym poziomie. Rezerwa alkaliczna (wzajemny stosunek liczby kwasowej do zasadowej) uległa wyczerpaniu jednak parametr i-pH znajduje się na bezpiecznym poziomie. Zawartość wody w normie. Poziom metalicznych produktów zużycia oznaczony w badaniu pierwiastków (cząstki o rozmiarach <5um) w normie. Indeks PQ w normie.

Wnioski i zalecenia: 
Obserwować zmiany trendu w następnej analizie. Przeprowadzić kolejne badanie po przejechaniu 15000 km","{""lepkość"": ""w_normie"", ""liczba_kwasowa"": ""w_zakresie_bezpiecznym"", ""rezerwa_alkaliczna"": ""w_zakresie_bezpiecznym"", ""ph"": ""w_zakresie_bezpiecznym"", ""woda"": ""w_normie"", ""metale_zużyciowe"": ""w_normie"", ""pq_indeks"": ""w_normie""}",1,WSKAZÓWKA
P2400920,"Zawartość wapnia podniesiona, w stosunku do ostatniego badania, może wynikać z obecności dodatku. Poziom metalicznych produktów zużycia mieści się w zakresie akceptowalnym (cząstki o rozmiarze <5 mikronów), nie zaobserwowano wzrostu parametrów. Wysoki poziom ołowiu pochodzi z paliwa lotniczego i jest to sytuacja normalna dla tego typu tłokowych silników lotniczych.

Wnioski i zalecenia:

Proszę obserwować zmiany w kolejnej analizie, zgodnie z harmonogramem diagnostyki olejowej. ","{""metale_zużyciowe"": ""w_akceptowalnym_zakresie""}",1,WSKAZÓWKA
P2401390,"Lepkość w zakresie typowym dla klasy SAE 40. Temperatura zapłonu w normie. Nie stwierdzono niepokojąco podwyższonej zawartości cząstek zużyciowych. Widmo w podczerwieni mało czytelne ze względu na zawartość sadzy. Nie stwierdzono niepokojąco podwyższonej zawartości pierwiastków sugerujących zanieczyszczenie oleju płynem chłodniczym.

Zalecenia i wnioski:

Ze względu na zanieczyszczenie sadzą proszę o wymianę wkładów filtracyjnych. Obserwować zmiany w kolejnym badaniu za 500 mth pracy silnika.","{""lepkość"": ""w_normie"", ""temperatura_zapłonu"": ""w_normie"", ""płyn_chłodniczy"": ""brak_wykrycia""}",1,WSKAZÓWKA
P2401673,"Poziom metalicznych produktów zużycia oznaczony w badaniu pierwiastków w dopuszczalnych zakresach Wysoka zawartość ołowiu pochodzącego z paliwa jest sytuacją typową dla tego typu tłokowych silników lotniczych.

Wnioski i zalecenia:

Jest to pierwsze badanie a co za tym idzie nieznana jest dynamika przyrostu produktów zużycia. Zalecana jest obserwacja zmian w kolejnym badaniu przynajmniej po 25 godzinach pracy silnika. ","{""paliwo"": ""w_dopuszczalnym_zakresie"", ""ołów"": ""w_dopuszczalnym_zakresie"", ""metale_zużyciowe"": ""w_dopuszczalnym_zakresie""}",0,WSKAZÓWKA
P2401699,"Oznaczona lepkość poniżej wartości granicznej dla oleju SAE 50. Zawartość stałych ciał obcych w normie. Liczba zasadowa w normie. Własności dyspergujące w normie. Temperatura zapłonu w normie. Zawartość wody w normie. Zawartość metalicznych produktów zużycia oznaczona w badaniu pierwiastków (cząstki o rozmiarze <5 mikronów) w trendzie stabilnym. Indeks PQ informujący o zawartości cząstek ferromagnetycznych (niezależnie od rozmiaru cząstek) w normie.

Wnioski i zalecenia:

Proszę zweryfikować wymagania dot. lepkości oleju, celem jego dalszej zdatności do eksploatacji. Proszę obserwować zmiany w następnej analizie, przeprowadzić kolejne badanie oleju za 500h pracy, licząc od chwili pobrania aktualnej próbki.","{""stałe_ciała_obce"": ""w_normie"", ""liczba_zasadowa"": ""w_normie"", ""temperatura_zapłonu"": ""w_normie"", ""woda"": ""w_normie"", ""pq_indeks"": ""w_normie""}",1,WSKAZÓWKA
P2401700,"Oznaczona lepkość w normie dla klasy SAE 40. Zawartość stałych ciał obcych w normie. Liczba zasadowa w normie. Własności dyspergujące obniżone. Temperatura zapłonu w normie. Zawartość wody w normie. Poziom metalicznych produktów zużycia oznaczony w badaniu pierwiastków (cząstki o rozmiarze <5 mikronów) w normie. Indeks PQ informujący o zawartości cząstek ferromagnetycznych (niezależnie od rozmiaru cząstek) w normie.

Wnioski i zalecenia:

Ze względu na obniżone własności dyspergujące zaleca się przysłać kolejną próbkę do badania za około 250mth. Proszę obserwować zmiany w następnej analizie. ","{""lepkość"": ""w_normie"", ""stałe_ciała_obce"": ""w_normie"", ""liczba_zasadowa"": ""w_normie"", ""temperatura_zapłonu"": ""w_normie"", ""woda"": ""w_normie"", ""metale_zużyciowe"": ""w_normie"", ""pq_indeks"": ""w_normie""}",1,WSKAZÓWKA
P2401858,"Lepkość mieści się w zakresie typowym dla klasy SAE 40. Rezerwa alkaliczna na bezpiecznym poziomie. Parametr i-pH na poziomie akceptowalnym. Zawartość cząstek metalicznych, w odniesieniu do zadeklarowanego czasu pracy, mieści się w dopuszczalnym zakresie, nie wskazuje na niepokojącą dynamikę procesów zużycia lub korozji smarowanych elementów. Zawartość wody w normie. Lekko podwyższona zawartość sodu, nie stwierdzono przyrostu parametru w porównaniu do poprzedniego badania. Oksydacja oraz nitracja na dopuszczalnym poziomie.





Zalecenia i wnioski:

Olej kwalifikuje się do dalszej eksploatacji jednak zalecana jest obserwacja zmian w kolejnym badaniu po 300 godzinach pracy.","{""lepkość"": ""w_normie"", ""rezerwa_alkaliczna"": ""w_zakresie_bezpiecznym"", ""ph"": ""w_akceptowalnym_zakresie"", ""metale_zużyciowe"": ""w_dopuszczalnym_zakresie"", ""woda"": ""w_normie"", ""oksydacja"": ""w_dopuszczalnym_zakresie"", ""nitracja"": ""w_dopuszczalnym_zakresie""}",0,WSKAZÓWKA
P2401986,"Lepkość w zakresie typowym dla klasy SAE 40. Wskaźnik lepkości zgodny z wartością deklarowaną przez producenta oleju.  Temperatura zapłonu na bezpiecznym poziomie. Zawartość dodatków zgodna z posiadaną przez nas referencją oleju świeżego. Liczba zasadowa na akceptowalnym poziomie. Własności dyspergujące w normie. Nie stwierdzono niepokojąco podwyższonej zawartości cząstek zużyciowych. Zawartość stałych zanieczyszczeń w normie. Zawartość wody w normie. Na widmie w podczerwieni nie stwierdzono charakterystycznych pasm świadczących o zanieczyszczeniu oleju płynem chłodniczym. Nie stwierdzono podwyższonej zawartości pierwiastków sugerujących zanieczyszczenie oleju płynem chłodniczym.





Zalecenia i wnioski:

Oznaczone parametry mieszczą się w akceptowalnych zakresach. Olej kwalifikuje się do dalszej eksploatacji jednak zalecana jest obserwacja zmian w kolejnym badaniu po 500mth.     ","{""lepkość"": ""w_normie"", ""temperatura_zapłonu"": ""w_zakresie_bezpiecznym"", ""liczba_zasadowa"": ""w_akceptowalnym_zakresie"", ""zanieczyszczenia_stałe"": ""w_normie"", ""woda"": ""w_normie"", ""płyn_chłodniczy"": ""brak_wykrycia""}",1,WSKAZÓWKA
P2402520,"Oznaczona lepkość lekko poniżej dolnego zakresu granicznego dla klasy SAE 50. Temperatura zapłonu w normie. Zawartość metalicznych produktów zużycia w normie.

Zalecenia i wnioski:

Proszę zweryfikować, czy olej o danej lepkości kwalifikuje się do eksploatacji, w przeciwnym wypadku wymienić na świeży. Obserwować zmiany w kolejnej analizie zgodnie z harmonogramem diagnostyki.","{""lepkość"": ""w_zakresie_granicznym"", ""temperatura_zapłonu"": ""w_normie"", ""metale_zużyciowe"": ""w_normie""}",0,WSKAZÓWKA
P2402665,"Lepkość w zakresie typowym dla klasy SAE 40. Temperatura zapłonu na dopuszczalnym poziomie. Własności dyspergujące w normie. Nie podaliście Państwo type eksploatowanego oleju i z tego powodu niemożliwe jest zestawienie oznaczonej liczby zasadowej z wartością parametru w oleju świeżym, jednak oznaczona wartość mieści się w akceptowalnym zakresie. Zawartość stałych zanieczyszczeń w normie. Zawartość cząstek zużyciowych mieści się w dopuszczalnym zakresie. Zawartość wody w normie. Nie stwierdzono niepokojąco podwyższonej zawartości pierwiastków świadczących o zanieczyszczeniu oleju płynem chłodniczym. Widmo w podczerwieni mało czytelne ze względu na zawartość sadzy.

Zalecenia i wnioski:



Oznaczone parametry mieszczą się w dopuszczalnych zakresach. Olej kwalifikuje się do dalszej eksploatacji, jednak zalecana jest obserwacja zmian w kolejnym badaniu nie później niż po 500mth.","{""lepkość"": ""w_normie"", ""temperatura_zapłonu"": ""w_dopuszczalnym_zakresie"", ""liczba_zasadowa"": ""w_akceptowalnym_zakresie"", ""zanieczyszczenia_stałe"": ""w_normie"", ""metale_zużyciowe"": ""w_dopuszczalnym_zakresie"", ""woda"": ""w_normie"", ""płyn_chłodniczy"": ""brak_wykrycia""}",1,WSKAZÓWKA
P2403017,"Lepkość w zakresie typowym klasy SAE 40. Temperatura zapłonu na bezpiecznym poziomie. Liczba zasadowa na bezpiecznym poziomie. Własności dyspergujące w normie. Zawartość stałych zanieczyszczeń na dopuszczalnym poziomie. Zawartość wody w normie. W porównaniu do poprzedniego badania nie stwierdzono znaczącego przyrostu zawartości cząstek zużyciowych. Czytelność widma w podczerwieni jest pogorszona ze względu na zawartość sadzy, jednak nie stwierdzono charakterystycznych pasm świadczących o zanieczyszczeniu oleju płynem chłodniczym. W porównaniu do poprzednich badań stwierdzono wzrost zawartości boru oraz molibdenu - co prawdopodobnie ma związek z przeprowadzonym uzupełnieniem oleju lub pierwiastki te mogą być pochodną zanieczyszczenia oleju płynem chłodniczym. 



Zalecenia i wnioski:

Oznaczone parametry mieszczą się w dopuszczalnych zakresach. Zalecana jest obserwacja zmian w kolejnym badaniu nie później niż po 500mth.","{""lepkość"": ""w_normie"", ""temperatura_zapłonu"": ""w_zakresie_bezpiecznym"", ""liczba_zasadowa"": ""w_zakresie_bezpiecznym"", ""zanieczyszczenia_stałe"": ""w_dopuszczalnym_zakresie"", ""woda"": ""w_normie"", ""płyn_chłodniczy"": ""brak_wykrycia"", ""sadza"": ""brak_wykrycia""}",1,WSKAZÓWKA
P2403109,"Lepkość w zakresie typowym dla klasy SAE 40. Wskaźnik lepkości zgodny z wartością deklarowaną przez producenta oleju. Temperatura zapłonu na bezpiecznym poziomie. Zawartość dodatków wykazuje różnice w stosunku do posiadanej przez nas referencji oleju świeżego. Liczba zasadowa na dopuszczalnym poziomie. Własności dyspergujące w normie. Zawartość wody w normie. Zawartość stałych zanieczyszczeń w normie. Zawartość metalicznych produktów zużycia w normie.

Zalecenia i wnioski:

Proszę zweryfikować informację o stosowanym środku smarnym. Obserwować zmiany w kolejnym badaniu.","{""lepkość"": ""w_normie"", ""temperatura_zapłonu"": ""w_zakresie_bezpiecznym"", ""liczba_zasadowa"": ""w_dopuszczalnym_zakresie"", ""woda"": ""w_normie"", ""zanieczyszczenia_stałe"": ""w_normie"", ""metale_zużyciowe"": ""w_normie""}",0,WSKAZÓWKA
P2403442,"Lepkość w górnym zakresie granicznym klasy SAE 40. Temperatura zapłonu na wysokim, bezpiecznym poziomie. Zawartość miedzi podwyższona, nie stwierdzono przyrostu parametru w porównaniu do poprzedniej analizy. Pozostałe oznaczone pierwiastki zużyciowe na dopuszczalnym poziomie. Na widmie w podczerwieni nie stwierdzono charakterystycznych zmian świadczących o zanieczyszczeniu oleju płynem chłodniczym.



Zalecenia i wnioski:

Olej kwalifikuje się do dalszej eksploatacji jednak zalecana jest obserwacja zmian w kolejnym badaniu nie później niż po 500mth.","{""lepkość"": ""w_zakresie_granicznym"", ""temperatura_zapłonu"": ""w_zakresie_bezpiecznym"", ""metale_zużyciowe"": ""w_dopuszczalnym_zakresie"", ""płyn_chłodniczy"": ""brak_wykrycia""}",1,WSKAZÓWKA
P2403746,"Próbka jest klarowna, jednak na dnie pojemnika zawiera stałe zanieczyszczenia widoczne nieuzbrojonym okiem. 



Widmo w podczerwieni jest typowe dla oleju napędowego.





Nie stwierdzono niepokojącego zanieczyszczenia mikrobiologicznego.





W badaniu pierwiastków (oznaczenie wykonane z osadu, ze względu na charakter próbki przedstawione wyniki należy traktować jakościowo, nie ilościowo) stwierdzono obecność:

żelaza, cynku, miedzi, ołowiu- prawdopodobne pochodzenie to metalurgia zbiornika paliwowego, cynk może również wskazywać na zanieczyszczenie olejem smarnym

potasu oraz krzemu - prawdopodobnie jest to pochodna zanieczyszczenia wodą lub zanieczyszczenie pyłem z otoczenia.  





W badaniu mikroskopowym (próbka przesączona przez membranę 0,8µm) stwierdzono: drobnokrystaliczny osad o rdzawej barwie, liczne cząstki o metalicznym połysku o zróżnicowanych rozmiarach, cząstki niemetaliczne o zróżnicowanych rozmiarach (prawdopodobnie zanieczyszczenia z zewnątrz). 



Pozostałe oznaczone parametry (wykonane z przesączu) mieszczą się w dopuszczalnych zakresach dla ON dla okresu zimowego.","{""olej_napędowy"": ""w_dopuszczalnym_zakresie""}",2,WSKAZÓWKA
P2403751,"Próbka jest klarowna, jednak na dnie pojemnika zawiera stałe zanieczyszczenia widoczne nieuzbrojonym okiem. 



Widmo w podczerwieni jest typowe dla oleju napędowego.





Nie stwierdzono niepokojącego zanieczyszczenia mikrobiologicznego.





W badaniu pierwiastków (oznaczenie wykonane z osadu, ze względu na charakter próbki przedstawione wyniki należy traktować jakościowo, nie ilościowo) stwierdzono obecność:

żelaza, cynku, miedzi, ołowiu- prawdopodobne pochodzenie to metalurgia zbiornika paliwowego, cynk może również wskazywać na zanieczyszczenie olejem smarnym







W badaniu mikroskopowym (próbka przesączona przez membranę 0,8µm) stwierdzono: drobnokrystaliczny osad o rdzawej barwie, liczne cząstki o metalicznym połysku o zróżnicowanych rozmiarach, cząstki niemetaliczne o zróżnicowanych rozmiarach (prawdopodobnie zanieczyszczenia z zewnątrz). 



Pozostałe oznaczone parametry (wykonane z przesączu) mieszczą się w dopuszczalnych zakresach dla ON dla okresu zimowego.","{""olej_napędowy"": ""w_dopuszczalnym_zakresie""}",2,WSKAZÓWKA
P2404199,"Lepkość w zakresie granicznym klasy SAE 40. Wskaźnik lepkości powyżej wartości oczekiwanej dla zdeklarowanego w druku próbki oleju Total Disola MR, mieści się w zakresie typowym dla powszechnie stosowanych olejów wielosezonowych. Temperatura zapłonu na akceptowalnym poziomie. Liczba zasadowa na wysokim, bezpiecznym poziomie. Własności dyspergujące w normie. Zawartość stałych zanieczyszczeń na akceptowalnym poziomie. Zawartość wody w normie. W porównaniu do poprzednich analiz nie stwierdzono niepokojącego przyrostu zawartości cząstek zużyciowych. Nie stwierdzono zanieczyszczenia oleju płynem chłodniczym.





Zalecenia i wnioski:

Olej kwalifikuje się do dalszej eksploatacji, jednak zalecana jest obserwacja zmian w kolejnym badaniu po 500mth.","{""lepkość"": ""w_normie"", ""wskaźnik_lepkości"": ""w_normie"", ""temperatura_zapłonu"": ""w_akceptowalnym_zakresie"", ""liczba_zasadowa"": ""w_zakresie_bezpiecznym"", ""zanieczyszczenia_stałe"": ""w_akceptowalnym_zakresie"", ""woda"": ""w_normie"", ""płyn_chłodniczy"": ""brak_wykrycia""}",1,WSKAZÓWKA
P2404421,"Lepkość mieści się w zakresie typowym dla klasy SAE 40. Rezerwa alkaliczna uległa wyczerpaniu. Zawartość cząstek metalicznych, w odniesieniu do zadeklarowanego czasu pracy, mieści się w dopuszczalnym zakresie, nie wskazuje na niepokojącą dynamikę procesów zużycia lub korozji smarowanych elementów. Oksydacja, sulfacja oraz nitracja na dopuszczalnym poziomie.

Zalecenia i wnioski:

Ze względu na wyczerpanie rezerwy alkalicznej zalecana jest wymiana oleju na świeży. Przeprowadzić kolejne badanie zgodnie z harmonogramem diagnostyki olejowej. Proszę obserwować zmiany w następnej analizie. ","{""lepkość"": ""w_normie"", ""metale_zużyciowe"": ""w_dopuszczalnym_zakresie"", ""oksydacja"": ""w_dopuszczalnym_zakresie"", ""nitracja"": ""w_dopuszczalnym_zakresie"", ""sulfacja"": ""w_dopuszczalnym_zakresie""}",2,UWAGA
P2405080,"Widmo IR wskazuje na to, że w użyciu jest inny olej niż deklarowany na druku próbki. Lepkość wskazuje na olej klasy SAE 30, jest niższa w stosunku do deklarowanego oleju klasy SAE 40. Temperatura zapłonu w normie. Poziom metalicznych produktów zużycia określony w badaniu pierwiastków w normie.

Zalecenia i wnioski:

Proszę zweryfikować zalecenia producenta dot. wymaganej lepkości, jeśli jest niezgodna to należy wymienić olej na świeży. Przeprowadzić kolejne badanie zgodnie z harmonogramem diagnostyki olejowej. Proszę obserwować zmiany w następnej analizie. ","{""lepkość"": ""w_normie"", ""temperatura_zapłonu"": ""w_normie"", ""metale_zużyciowe"": ""w_normie""}",0,WSKAZÓWKA
P2405618,"Oznaczona lepkość wskazuj na olej klasy SAE 30. Rezerwa alkaliczna w normie. Temperatura zapłonu w normie. Zawartość wody w normie. Poziom metalicznych produktów zużycia oznaczony w badaniu pierwiastków (cząstki o rozmiarach <5um) w normie. Indeks PQ, informujący o magnetycznych ferrocząstkach (niezależnie od rozmiaru cząstek) w normie.

Zalecenia i wnioski:

Skontrolować wymagania producenta urządzenia dot. zakresu dopuszczalnej lepkości oleju, w razie potrzeby wymienić olej. Proszę obserwować zmiany w następnej analizie. Wykonać kolejne badanie zgodnie z przyjętym harmonogramem diagnostyki olejowej.","{""rezerwa_alkaliczna"": ""w_normie"", ""temperatura_zapłonu"": ""w_normie"", ""woda"": ""w_normie"", ""metale_zużyciowe"": ""w_normie"", ""pq_indeks"": ""w_normie""}",0,WSKAZÓWKA
P2405683,"Lepkość poniżej zakresu typowego dla klasy SAE 40, mieści się w zakresie typowym dla klasy SAE 30. Temperatura zapłonu na akceptowalnym poziomie. Zawartość cząstek zużyciowych w normie, nie stwierdzono znaczącego przyrostu zawartości w porównaniu do poprzedniego badania. Na widmie w podczerwieni nie stwierdzono charakterystycznych pasm świadczących o zanieczyszczeniu oleju płynem chłodniczym.



Zalecenia i wnioski:

Jeżeli oznaczona lepkość spełnia wymagania producenta silnika olej warunkowo kwalifikuje się do dalszej eksploatacji, wskazana jest obserwacja zmian w kolejnym badaniu nie później niż za 500mth. ","{""lepkość"": ""w_normie"", ""temperatura_zapłonu"": ""w_akceptowalnym_zakresie"", ""płyn_chłodniczy"": ""brak_wykrycia""}",1,WSKAZÓWKA
P2405686,"Lepkość w zakresie typowym dla klasy SAE 40. Wskaźnik lepkości lekko poniżej wartości deklarowanej przez producenta oleju. Oznaczony pakiet dodatków odbiega od oczekiwanego dla oleju Superol Falco CD 15W-40 - wskazuje, że w eksploatacji jest z olej innego typu lub doszło do zmieszania z olejem innego typu. Temperatura zapłonu na bezpiecznym poziomie. Liczba zasadowa na bezpiecznym poziomie. Własności dyspergujące w normie. Zawartość stałych zanieczyszczeń w normie. Zawartość cząstek metalicznych na dopuszczalny poziomie, nie wskazuje na niepokojącą dynamikę procesów korozji ani zużycia w obrębie układu olejowego.



Zalecenia i wnioski:

Olej kwalifikuje się do dalszej eksploatacji jednak zalecana jest obserwacja zmian w kolejnym badaniu po 500mth. ","{""lepkość"": ""w_normie"", ""temperatura_zapłonu"": ""w_zakresie_bezpiecznym"", ""liczba_zasadowa"": ""w_zakresie_bezpiecznym"", ""zanieczyszczenia_stałe"": ""w_normie"", ""metale_zużyciowe"": ""w_dopuszczalnym_zakresie""}",0,WSKAZÓWKA
P2406363,"Lepkość w normie dla klasy SAE 20. Wskaźnik lepkości na oczekiwanym poziomie. Rezerwa alkaliczna (wzajemny stosunek liczby kwasowej do zasadowej) uległa wyczerpaniu jednak parametr i-pH znajduje się na bezpiecznym poziomie. Zawartość wody w normie. Poziom metalicznych produktów zużycia oznaczony w badaniu pierwiastków (cząstki o rozmiarach <5um) w normie. Indeks PQ w normie.

Wnioski i zalecenia: 

Obserwować zmiany trendu w następnej analizie. Zalecane jest nieznaczne skrócenie interwału wymiany oleju np. do 13 tys. km.","{""lepkość"": ""w_normie"", ""liczba_kwasowa"": ""w_zakresie_bezpiecznym"", ""rezerwa_alkaliczna"": ""w_zakresie_bezpiecznym"", ""ph"": ""w_zakresie_bezpiecznym"", ""woda"": ""w_normie"", ""metale_zużyciowe"": ""w_normie"", ""pq_indeks"": ""w_normie""}",1,WSKAZÓWKA
P2406571,"Lepkość mieści się w zakresie typowym dla klasy SAE 50. Temperatura zapłonu na akceptowalnym poziomie. Zawartość oznaczonych pierwiastków zużyciowych w normie. Na widmie w podczerwieni nie stwierdzono charakterystycznych pasm świadczących o obecności płynu chłodniczego w dostarczonej próbce. 





Zalecenia i wnioski:

Olej kwalifikuje się do dalszej eksploatacji, jednak zalecana jest obserwacja zmian w kolejnym badaniu po kolejnych 500mth.","{""lepkość"": ""w_normie"", ""temperatura_zapłonu"": ""w_akceptowalnym_zakresie"", ""metale_zużyciowe"": ""w_normie""}",2,WSKAZÓWKA
P2406638,"Oznaczona lepkość w normie dla oleju klasy SAE 40. Zawartość stałych ciał obcych w normie. Rezerwa alkaliczna jest bliska wyczerpaniu. Parametr i-pH w normie. Poziom metalicznych produktów zużycia oznaczony w badaniu pierwiastków (cząstki o rozmiarach <5um) w normie.

Zalecenia i wnioski:

Proszę przygotować się do wymiany oleju na świeży w najbliższym, dogodnym dla Państwa terminie. Proszę obserwować zmiany w następnej analizie. Wykonać kolejne badanie zgodnie z przyjętym harmonogramem diagnostyki olejowej.","{""lepkość"": ""w_normie"", ""stałe_ciała_obce"": ""w_normie"", ""ph"": ""w_normie"", ""metale_zużyciowe"": ""w_normie""}",1,WSKAZÓWKA
P2407092,"Lepkość poniżej normy dla oleju klasy SAE 40. Temperatura zapłonu w normie. Klasa czystości nie uległa znaczącemu pogorszeniu od ostatniej analizy. Zawartość wody w normie. Indeks PQ w normie. Skłonność do pienienia w normie. Rezerwa alkaliczna na bezpiecznym poziomie.

Zalecenia i wnioski:

Proszę zweryfikować czy olej o danej lepkości kwalifikuje się do dalszej eksploatacji, w przeciwnym wypadku wymienić na świeży. W przypadku dalszej eksploatacji, wykonać kolejne badanie zgodnie z przyjętym harmonogramem. ","{""temperatura_zapłonu"": ""w_normie"", ""woda"": ""w_normie"", ""pq_indeks"": ""w_normie"", ""pienienie"": ""w_normie"", ""rezerwa_alkaliczna"": ""w_zakresie_bezpiecznym""}",1,WSKAZÓWKA
P2407110,"Zawartość dodatków uszlachetniających odbiega od posiadanych przez nas wartości referencyjnych oleju świeżego SHELL Rimula R4 X 15W-40.  Oznaczona lepkość w normie dla klasy SAE 40. Temperatura zapłonu w normie. Poziom metalicznych produktów zużycia oznaczony w badaniu pierwiastków (cząstki o rozmiarach <5um) w normie.

Zalecenia i wnioski:

Zweryfikować informację dot. stosowanego oleju. Parametry eksploatacyjne znajdują się w normalnych zakresach. Przeprowadzić kolejne badanie zgodnie z przyjętym harmonogramem diagnostyki olejowej.","{""lepkość"": ""w_normie"", ""temperatura_zapłonu"": ""w_normie"", ""metale_zużyciowe"": ""w_normie""}",0,WSKAZÓWKA
P2407452,"Oznaczona lepkość w normie dla oleju klasy SAE 40. Temperatura zapłonu na poziomie dopuszczalnym. Liczba zasadowa na poziomie dopuszczalnym, trend stabilny. Własności dyspergujące w normie. Widmo w podczerwieni nieczytelne ze względu na zwiększoną ilość sadzy. Poziom metalicznych produktów zużycia oznaczony w badaniu pierwiastków (cząstki o rozmiarach <5um) w normie.

Zalecenia i wnioski:

Proszę przeprowadzić wymianę wkładów filtracyjnych. Proszę obserwować zmiany w następnej analizie. Wykonać kolejne badanie zgodnie z przyjętym harmonogramem diagnostyki olejowej.","{""lepkość"": ""w_normie"", ""temperatura_zapłonu"": ""w_dopuszczalnym_zakresie"", ""liczba_zasadowa"": ""w_dopuszczalnym_zakresie"", ""metale_zużyciowe"": ""w_normie""}",0,WSKAZÓWKA
P2407841,"Lepkość mieści się w zakresie typowym dla klasy SAE 40. Temperatura zapłonu na akceptowalnym poziomie. W porównaniu do poprzedniej analizy nie stwierdzono niepokojącego przyrostu zawartości cząstek zużyciowych, mieści się ona w dopuszczalnym zakresie. Na widmie w podczerwieni nie stwierdzono charakterystycznych zmian świadczących o zanieczyszczeniu oleju płynem chłodniczym. Nie stwierdzono niepokojąco podwyższonej zawartości pierwiastków wskazujących na zanieczyszczenie oleju płynem chłodniczym.



Zalecenia i wnioski:

Olej kwalifikuje się do dalszej eksploatacji, jednak zalecana jest obserwacja zmian w kolejnym badaniu nie później niż po 500mth.","{""lepkość"": ""w_normie"", ""temperatura_zapłonu"": ""w_akceptowalnym_zakresie"", ""płyn_chłodniczy"": ""brak_wykrycia""}",1,WSKAZÓWKA
P2407850,"Lepkość mieści się w zakresie typowym dla klasy SAE 40. Temperatura zapłonu na bezpiecznym poziomie. Liczba zasadowa na bezpiecznym poziomie. W porównaniu do poprzednich analiz nie stwierdzono niepokojącego przyrostu zawartości cząstek zużyciowych, mieści się ona w dopuszczalnym zakresie. Zawartość wody w normie. Widmie w podczerwieni nieczytelne ze względu na wysoką zawartość sadzy. Nie stwierdzono niepokojąco podwyższonej zawartości pierwiastków wskazujących na zanieczyszczenie oleju płynem chłodniczym.



Zalecenia i wnioski:

Zalecana jest wymiana filtru oleju. Zalecana jest obserwacja zmian w kolejnym badaniu nie później niż po 500mth.","{""lepkość"": ""w_normie"", ""temperatura_zapłonu"": ""w_zakresie_bezpiecznym"", ""liczba_zasadowa"": ""w_zakresie_bezpiecznym"", ""woda"": ""w_normie"", ""płyn_chłodniczy"": ""brak_wykrycia""}",1,WSKAZÓWKA
P2407856,"Oznaczona lepkość w normie dla oleju klasy SAE 40. Zawartość stałych ciał obcych w normie. Rezerwa alkaliczna jest bliska wyczerpaniu. Parametr i-pH w normie. Poziom metalicznych produktów zużycia oznaczony w badaniu pierwiastków (cząstki o rozmiarach <5um) w normie.

Zalecenia i wnioski:

Proszę przygotować się do wymiany oleju na świeży w najbliższym, dogodnym dla Państwa terminie. Proszę obserwować zmiany w następnej analizie. Wykonać kolejne badanie zgodnie z przyjętym harmonogramem diagnostyki olejowej.","{""lepkość"": ""w_normie"", ""stałe_ciała_obce"": ""w_normie"", ""ph"": ""w_normie"", ""metale_zużyciowe"": ""w_normie""}",1,WSKAZÓWKA
P2407913,"Lepkość w zakresie typowym dla klasy SAE 40. Temperatura zapłonu na wysokim, bezpiecznym poziomie. Liczba zasadowa na wysokim, bezpiecznym poziomie. Zawartość miedzi, ołowiu oraz cyny (oznaczona w badaniu pierwiastków (cząstki <5µm) podwyższona, nie stwierdzono przyrostu parametrów w porównaniu do poprzedniego badania. Zawartość pozostałych oznaczonych pierwiastków zużyciowych w normie. Zawartość wody w normie. Na widmie w podczerwieni nie stwierdzono zmian świadczących o zanieczyszczeniu oleju płynem chłodniczym. Nie stwierdzono niepokojąco podwyższonej zawartości pierwiastków wskazujących na zanieczyszczenie oleju płynem chłodniczym.



Zalecenia i wnioski:

Olej warunkowo kwalifikuje się do dalszej eksploatacji. Wskazana jest obserwacja zmian w kolejnym badaniu nie później niż po 500mth.   ","{""lepkość"": ""w_normie"", ""temperatura_zapłonu"": ""w_zakresie_bezpiecznym"", ""liczba_zasadowa"": ""w_zakresie_bezpiecznym"", ""metale_zużyciowe"": ""w_normie"", ""woda"": ""w_normie"", ""płyn_chłodniczy"": ""brak_wykrycia""}",1,WSKAZÓWKA
P2408512,"Lepkość mieści się w zakresie typowym dla klasy SAE 40. Temperatura zapłonu na poziomie akceptowalnym. Zawartość cząstek zużyciowych mieści się w dopuszczalnym zakresie. Nie stwierdzono niepokojąco podwyższonej zawartości pierwiastków sugerujących zanieczyszczenie oleju płynem chłodniczym. Czytelność widma w podczerwieni jest pogorszona ze względu na zawartość sadzy, jednak nie stwierdzono charakterystycznych pasm świadczących o zanieczyszczeniu oleju płynem chłodniczym.



Zalecenia i wnioski:

Olej warunkowo kwalifikuje się do dalszej eksploatacji, jednak zalecana jest obserwacja zmian w kolejnym badaniu nie później niż po 500mth.","{""lepkość"": ""w_normie"", ""temperatura_zapłonu"": ""w_akceptowalnym_zakresie"", ""metale_zużyciowe"": ""w_dopuszczalnym_zakresie"", ""płyn_chłodniczy"": ""brak_wykrycia"", ""sadza"": ""brak_wykrycia""}",1,WSKAZÓWKA
P2408739,"Lepkość w zakresie typowym dla klasy SAE 40. Oznaczony poziom dodatków odbiega od oczekiwanego dla oleju IBIS RDEO CF-4 SAE 40. Temperatura zapłonu na akceptowalnym poziomie. Zawartość cząstek zużyciowych w normie. Zawartość sodu na akceptowalnym poziomie. Na widmie w podczerwieni nie stwierdzono charakterystycznych pasm świadczących o zanieczyszczeniu oleju płynem chłodniczym.

Zalecenia i wnioski:

Wyniki badań sugerują, że w eksploatacji jest olej innego typu niż, zdeklarowany w druku próbki, BIS RDEO CF-4 SAE 40 lub mieszanina olejów różnych typów. Zalecana jest obserwacja zmian w kolejnym badaniu nie później niż po 500mth.   ","{""lepkość"": ""w_normie"", ""temperatura_zapłonu"": ""w_akceptowalnym_zakresie"", ""metale_zużyciowe"": ""w_normie"", ""sód"": ""w_akceptowalnym_zakresie"", ""płyn_chłodniczy"": ""brak_wykrycia""}",1,WSKAZÓWKA
P2408967,"Oznaczona lepkość dla klasy SAE 40 w normie. Temperatura zapłonu w normie. Zawartość miedzi na podobnym poziomie w porównaniu do poprzedniego badania. Poziom pozostałych metalicznych produktów zużycia oznaczony w badaniu pierwiastków w normie.
Wnioski i zalecenia: 
Proszę obserwować zmiany trendu w następnej analizie. Przeprowadzić kolejne badanie zgodnie z harmonogramem diagnostyki olejowej. ","{""lepkość"": ""w_normie"", ""temperatura_zapłonu"": ""w_normie"", ""metale_zużyciowe"": ""w_normie""}",2,WSKAZÓWKA
P2408980,"Lepkość w zakresie granicznym klasy SAE 40. Wskaźnik lepkości na poziomie typowym dla olejów wielosezonowych. Temperatura zapłonu na akceptowalnym poziomie. Liczba zasadowa na wysokim, bezpiecznym poziomie. Własności dyspergujące w normie. Zawartość cząstek zużyciowych oznaczona w badaniu pierwiastków (cząstki <5µm) oraz indeks PQ (informujący o zawartości cząstek ferromagnetycznych, bez względu na rozmiar) w normie. Zawartość stałych zanieczyszczeń w normie. Zawartość wody w normie. Na widmie w podczerwieni nie stwierdzono zmian świadczących o zanieczyszczeniu oleju płynem chłodniczym.



Zalecenia i wnioski:

Olej kwalifikuje się do dalszej eksploatacji, jednak zalecana jest obserwacja zmian w kolejnym badaniu nie później niż po 500mth.","{""lepkość"": ""w_normie"", ""wskaźnik_lepkości"": ""w_normie"", ""temperatura_zapłonu"": ""w_akceptowalnym_zakresie"", ""liczba_zasadowa"": ""w_zakresie_bezpiecznym"", ""pq_indeks"": ""w_normie"", ""metale_zużyciowe"": ""w_normie"", ""zanieczyszczenia_stałe"": ""w_normie"", ""woda"": ""w_normie"", ""płyn_chłodniczy"": ""brak_wykrycia""}",1,WSKAZÓWKA
P2409481,"Zawartość dodatków uszlachetniających na poziomie oczekiwanym dla oleju AeroShell W15W-50. Poziom metalicznych produktów oznaczony w badaniu pierwiastków (cząstki o rozmiarze <5 mikronów) w normie jednak przy małej ilości przepracowanych godzin. Wysoki poziom ołowiu pochodzi z paliwa lotniczego i jest to sytuacja normalna dla tego typu tłokowych silników lotniczych jednak oznaczona wartość przy mniejszej ilości przepracowanych godzin przekracza oczekiwaną.  
Wnioski i zalecenia: 
Obserwować zmiany trendu w kolejnym badaniu po minimum 15 godzinach pracy silnika.","{""dodatki_uszlachetniające"": ""w_normie""}",0,WSKAZÓWKA
P2409675,"Lepkość w zakresie typowym dla klasy SAE 40. Temperatura zapłonu w normie. Zawartość cząstek zużyciowych mieści się w dopuszczalnym zakresie. Na widmie IR widoczne zmiany mogące świadczyć o zanieczyszczeniu płynem chłodniczym.

Zalecenia i wnioski:

Proszę przeprowadzić inspekcję szczelności pod kątem przedostawania się płynu chłodniczego. Wykonać kolejne badanie po przeprowadzeniu zabiegów korygujących. ","{""lepkość"": ""w_normie"", ""temperatura_zapłonu"": ""w_normie"", ""metale_zużyciowe"": ""w_dopuszczalnym_zakresie""}",1,WSKAZÓWKA
P2409702,"Lepkość w zakresie typowym dla klasy SAE 40. Wskaźnik lepkości zgodny z wartością deklarowaną przez producenta oleju. Rezerwa alkaiczna na akceptowalnym poziomie. Parametr i-pH w zakresie granicznym. Oksydacja oraz nitracja na dopuszczalnym poziomie. Zawartość stałych zanieczyszczeń w normie. Zawartość cząstek metalicznych, w odniesieniu do zadeklarowanego czasu pracy, mieści się w dopuszczalnym zakresie, nie wskazuje na niepokojącą dynamikę procesów zużycia lub korozji smarowanych elementów.



Zalecenia i wnioski:

Olej warunkowo kwalifikuje się do dalszej eksploatacji, jednak ze względu na parametry i-pH oraz rezerwę alkaliczną bliskie poziomów ostrzegawczych wskazana jest obserwacja zmian w kolejnym badaniu nie później niż za 300h pracy.","{""lepkość"": ""w_normie"", ""ph"": ""w_zakresie_granicznym"", ""oksydacja"": ""w_dopuszczalnym_zakresie"", ""nitracja"": ""w_dopuszczalnym_zakresie"", ""zanieczyszczenia_stałe"": ""w_normie"", ""metale_zużyciowe"": ""w_dopuszczalnym_zakresie""}",0,WSKAZÓWKA
P2409786,"Oznaczona lepkość poniżej zakresu typowego dla klasy SAE 50, wskazuje na olej klasy SAE 40. Temperatura zapłonu w zakresie dopuszczalnym. Zawartość stałych zanieczyszczeń w normie. Zawartość wody w normie. Poziom metalicznych produktów zużycia oznaczony w badaniu pierwiastków (cząstki o rozmiarze <5 µm) w normie. 

Zalecenia i wnioski:

Zweryfikować wymagania producenta silnika dotyczące lepkości eksploatowanego oleju w układzie, w razie konieczności przeprowadzić wymianę na świeży. W przypadku dalszego użytkowania oleju zalecana jest obserwacja zmian trendu. Przeprowadzić kolejne badanie zgodnie z harmonogramem diagnostyki oleju. ","{""lepkość"": ""w_normie"", ""temperatura_zapłonu"": ""w_dopuszczalnym_zakresie"", ""zanieczyszczenia_stałe"": ""w_normie"", ""woda"": ""w_normie"", ""metale_zużyciowe"": ""w_normie""}",1,WSKAZÓWKA
P2409849,"Oznaczona lepkość poniżej normy. Własności dyspergujące w zakresie akceptowalnym. Zawartość wody w normie. Indeks PQ informujący o zawartości cząstek ferromagnetycznych (niezależnie od rozmiaru cząstek) w normie.

Wnioski i zalecenia:

Ze względu na obniżoną lepkość zaleca się przeprowadzenie wymiany oleju na świeży. Obserwować zmiany w kolejnym badaniu, po przeprowadzeniu zabiegów korygujących.","{""woda"": ""w_normie"", ""pq_indeks"": ""w_normie""}",0,UWAGA
P2409850,"Oznaczona lepkość poniżej normy. Własności dyspergujące w zakresie akceptowalnym. Zawartość wody w normie. Indeks PQ informujący o zawartości cząstek ferromagnetycznych (niezależnie od rozmiaru cząstek) w normie.

Wnioski i zalecenia:

Ze względu na obniżoną lepkość zaleca się przeprowadzenie wymiany oleju na świeży. Obserwować zmiany w kolejnym badaniu, po przeprowadzeniu zabiegów korygujących.","{""woda"": ""w_normie"", ""pq_indeks"": ""w_normie""}",2,UWAGA
P2409851,"Oznaczona lepkość poniżej normy. Własności dyspergujące w zakresie akceptowalnym. Zawartość wody w normie. Indeks PQ informujący o zawartości cząstek ferromagnetycznych (niezależnie od rozmiaru cząstek) w normie.

Wnioski i zalecenia:

Ze względu na obniżoną lepkość zaleca się przeprowadzenie wymiany oleju na świeży. Obserwować zmiany w kolejnym badaniu, po przeprowadzeniu zabiegów korygujących.","{""woda"": ""w_normie"", ""pq_indeks"": ""w_normie""}",0,UWAGA
P2409965,"Lepkość w zakresie typowym dla klasy SAE 40. Wskaźnik lepkości zgodny z wartością deklarowaną przez producenta oleju. Temperatura zapłonu na bezpiecznym poziomie. Oznaczony pakiet dodatków dobrze koreluje z posiadaną przez nas referencją oleju świeżego. Liczba zasadowa na akceptowalnym poziomie. Własności dyspergujące w normie. Nie stwierdzono niepokojąco podwyższonej zawartości cząstek zużyciowych. Zawartość stałych zanieczyszczeń w normie. Zawartość wody w normie. Na widmie w podczerwieni nie stwierdzono charakterystycznych pasm świadczących o zanieczyszczeniu oleju płynem chłodniczym. Nie stwierdzono podwyższonej zawartości pierwiastków sugerujących zanieczyszczenie oleju płynem chłodniczym.





Zalecenia i wnioski:

Oznaczone parametry mieszczą się w akceptowalnych zakresach jednak zalecana jest obserwacja zmian w kolejnym badaniu po 500mth.","{""lepkość"": ""w_normie"", ""temperatura_zapłonu"": ""w_zakresie_bezpiecznym"", ""liczba_zasadowa"": ""w_akceptowalnym_zakresie"", ""zanieczyszczenia_stałe"": ""w_normie"", ""woda"": ""w_normie"", ""płyn_chłodniczy"": ""brak_wykrycia""}",0,WSKAZÓWKA
P2410076,"Lepkość w zakresie granicznym klasy SAE 40. Wskaźnik lepkości lekko poniżej wartości deklarowanej przez producenta oleju. Oznaczony pakiet dodatków odbiega od oczekiwanego dla oleju Superol Falco CD 15W-40 - wskazuje, że w eksploatacji jest z olej innego typu lub doszło do zmieszania z olejem innego typu. Temperatura zapłonu na bezpiecznym poziomie. Liczba zasadowa na bezpiecznym poziomie. Własności dyspergujące w normie. Zawartość stałych zanieczyszczeń w normie. Zawartość cząstek metalicznych na dopuszczalny poziomie, nie wskazuje na niepokojącą dynamikę procesów korozji ani zużycia w obrębie układu olejowego.



Zalecenia i wnioski:

Olej kwalifikuje się do dalszej eksploatacji. Nie stwierdzono znaczącego pogorszenia kondycji oleju w porównaniu do poprzedniego badania.  Zalecana jest obserwacja zmian w kolejnym badaniu po kolejnych 500mth. ","{""lepkość"": ""w_zakresie_granicznym"", ""temperatura_zapłonu"": ""w_zakresie_bezpiecznym"", ""liczba_zasadowa"": ""w_zakresie_bezpiecznym"", ""zanieczyszczenia_stałe"": ""w_normie"", ""metale_zużyciowe"": ""w_dopuszczalnym_zakresie""}",1,WSKAZÓWKA
P2410175,"Zawartość chromu obniżyła się w stosunku do poprzedniego badania jednak nadal jest lekko podwyższona. Poziom pozostałych metalicznych produktów zużycia oznaczony w badaniu pierwiastków (cząstki o rozmiarze <5 mikronów) w normie. Wysoki poziom ołowiu pochodzi z paliwa lotniczego i jest to sytuacja normalna dla tego typu tłokowych silników lotniczych.

Wnioski i zalecenia:

Obserwować zmiany trendu w następnej analizie. Przeprowadzić kolejne badanie zgodnie z harmonogramem diagnostyki olejowej.","{""metale_zużyciowe"": ""w_normie""}",1,WSKAZÓWKA
P2410516,"Oznaczona lepkość na granicy zakresu typowego dla klasy SAE 40. Wskaźnik lepkości na poziomie typowym dla olejów wielosezonowych. Temperatura zapłonu na akceptowalnym poziomie. Liczba zasadowa na wysokim, bezpiecznym poziomie. Własności dyspergujące w normie. Zawartość stałych ciał obcych w normie. Zawartość wody w normie. Nie stwierdzono niepokojąco podwyższonej zawartości pierwiastków wskazujących na zanieczyszczenie oleju płynem chłodniczym. Na widmie w podczerwieni nie stwierdzono charakterystycznych zmian świadczących o zanieczyszczeniu oleju płynem chłodniczym. Poziom metalicznych produktów zużycia oznaczony w badaniu pierwiastków (cząstki o rozmiarach <5µm) na dopuszczalnym poziomie. Indeks PQ (informujący o zawartości cząstek ferromagnetycznych bez względu na rozmiar) w normie.



Zalecenia i wnioski:

Oznaczone parametry mieszczą się w akceptowalnych zakresach. Zalecana jest obserwacja zmian w kolejnym badaniu nie później niż za 500mth.","{""lepkość"": ""w_normie"", ""wskaźnik_lepkości"": ""w_normie"", ""temperatura_zapłonu"": ""w_akceptowalnym_zakresie"", ""liczba_zasadowa"": ""w_zakresie_bezpiecznym"", ""stałe_ciała_obce"": ""w_normie"", ""woda"": ""w_normie"", ""płyn_chłodniczy"": ""brak_wykrycia"", ""metale_zużyciowe"": ""w_dopuszczalnym_zakresie"", ""pq_indeks"": ""w_normie""}",1,WSKAZÓWKA
P2410682,"Lepkość w dolnym zakresie granicznym dla klasy SAE 50. Temperatura zapłonu w normie. Na widmie w podczerwieni nie stwierdzono charakterystycznych pasm świadczących jednoznacznie o obecności płynu chłodniczego w dostarczonej próbce. Zawartość cząstek zużyciowych w normie, zaobserwowane wartości mogą świadczyć o wypłukiwaniu się zanieczyszczeń po ostatnim zalaniu.





Zalecenia i wnioski:

Proszę o śledzenie trendu zmian w kolejnym badaniu za 250 mth w celu oceny dynamiki zużycia.","{""lepkość"": ""w_zakresie_granicznym"", ""temperatura_zapłonu"": ""w_normie"", ""metale_zużyciowe"": ""w_normie""}",0,WSKAZÓWKA
P2410739,"Lepkość w zakresie typowym dla klasy SAE 40. Temperatura zapłonu na dopuszczalnym poziomie. Własności dyspergujące w normie. Liczba zasadowa w normie. Zawartość cząstek zużyciowych mieści się w dopuszczalnym zakresie. Zawartość wody w normie. Nie stwierdzono niepokojąco podwyższonej zawartości pierwiastków świadczących o zanieczyszczeniu oleju płynem chłodniczym. Widmo w podczerwieni mało czytelne ze względu na zawartość sadzy. Ze względu na wysoką zawartość stałych zanieczyszczeń nie oznaczono ich dokładnej wartości.

Zalecenia i wnioski:

Zalecana jest kontrola oraz wymiana filtrów olejowych. Olej kwalifikuje się do dalszej eksploatacji, jednak zalecana jest obserwacja zmian w kolejnym badaniu nie później niż po 500mth.","{""lepkość"": ""w_normie"", ""temperatura_zapłonu"": ""w_dopuszczalnym_zakresie"", ""liczba_zasadowa"": ""w_normie"", ""metale_zużyciowe"": ""w_dopuszczalnym_zakresie"", ""woda"": ""w_normie"", ""płyn_chłodniczy"": ""brak_wykrycia""}",1,WSKAZÓWKA
P2410895,"Lepkość poniżej zakresu typowego dla klasy SAE 50, mieści się w zakresie typowym dla klasy SAE 40. Temperatura zapłonu na dopuszczalnym poziomie. Własności dyspergujące w normie. Zawartości stałych zanieczyszczeń w normie. Czytelność widma w podczerwieni jest pogorszona ze względu na zawartość sadzy, jednak nie stwierdzono charakterystycznych zmian świadczących o zanieczyszczeniu oleju płynem chłodniczym. 





Zalecenia i wnioski:

Wskazana jest obserwacja zmian w kolejnej analizie nie później niż po 500mth. ","{""lepkość"": ""w_normie"", ""temperatura_zapłonu"": ""w_dopuszczalnym_zakresie"", ""zanieczyszczenia_stałe"": ""w_normie"", ""płyn_chłodniczy"": ""brak_wykrycia"", ""sadza"": ""brak_wykrycia""}",1,WSKAZÓWKA
P2411024,"Oznaczona lepkość w dolnym zakresie granicznym. Własności dyspergujące w normie. Zawartość wody w normie. Indeks PQ, informujący o magnetycznych ferrocząstkach (niezależnie od rozmiaru cząstek) w normie.

Zalecenia i wnioski:

Skontrolować wymagania producenta urządzenia dot. zakresu dopuszczalnej lepkości oleju, w razie potrzeby wymienić olej. W przypadku dalszej eksploatacji przeprowadzić kolejne badanie za 500 mth.","{""lepkość"": ""w_zakresie_granicznym"", ""woda"": ""w_normie"", ""pq_indeks"": ""w_normie""}",0,WSKAZÓWKA
P2411768,"Oznaczona lepkość dla klasy SAE 40 w górnym zakresie normy. Temperatura zapłonu w normie. Liczba zasadowa na dobrym wysokim poziomie. Zawartość wody w normie. Poziom metalicznych produktów zużycia oznaczony w badaniu pierwiastków (cząstki o rozmiarach <5um) w normie. Widmo IR nieczytelne ze względu na wysoką zawartość sadzy w oleju. Zawartość paliwa w normie. Własności dyspergujące w normie.

Zalecenia i wnioski:
Zalecana jest wymiana wkładów filtracyjnych oraz obserwacja zmian trendu w kolejnym badaniu po 500 mth pracy silnika.","{""temperatura_zapłonu"": ""w_normie"", ""woda"": ""w_normie"", ""metale_zużyciowe"": ""w_normie"", ""paliwo"": ""w_normie""}",1,WSKAZÓWKA
P2412173,"Oznaczona lepkość w normie dla klasy SAE 40. Temperatura zapłonu w normie. Poziom metalicznych produktów zużycia (cząstki o rozmiarze <5 mikronów) w normie. Zawartość paliwa na poziomie akceptowalnym. Własności dyspergujące w normie. Zawartość wody w normie. Liczba zasadowa w normie

Zalecenia i wnioski:

Przeprowadzić kolejne badanie zgodnie z harmonogramem diagnostyki olejowej. ","{""lepkość"": ""w_normie"", ""temperatura_zapłonu"": ""w_normie"", ""metale_zużyciowe"": ""w_normie"", ""paliwo"": ""w_akceptowalnym_zakresie"", ""woda"": ""w_normie"", ""liczba_zasadowa"": ""w_normie""}",1,WSKAZÓWKA
P2413461,"Zawartość chromu nadal podwyższona. Poziom pozostałych metalicznych produktów zużycia oznaczony w badaniu pierwiastków (cząstki o rozmiarze <5 mikronów) w normie. Wysoki poziom ołowiu pochodzi z paliwa lotniczego i jest to sytuacja normalna dla tego typu tłokowych silników lotniczych.

Wnioski i zalecenia:

Ze względu na podwyższony poziom chromu zalecane jest przeprowadzenie inspekcji smarowanych elementów zawierających w swoim składzie ten pierwiastek, jeżeli jeszcze to nie nastąpiło. Przeprowadzić kolejne badanie zgodnie z harmonogramem diagnostyki olejowej.","{""metale_zużyciowe"": ""w_normie""}",1,UWAGA
P2413583,"Lepkość w zakresie typowym dla klasy SAE 40.  Wskaźnik lepkości na poziomie oczekiwanym dla oleju jednosezonowego. Liczba zasadowa na wysokim, bezpiecznym poziomie. Własności dyspergujące w normie. Temperatura zapłonu na wysokim, bezpiecznym poziomie. Zawartość miedzi lekko podwyższona, nie stwierdzono przyrostu parametru w poównnaiu do poprzednich analiz. Zawartość pozostałych oznaczonych pierwiastków zużyciowych na dopuszczalnym poziomie. Czytelność widma w podczerwieni pogorszona ze względu na zawartość sadzy, jednak nie stwierdzono charakterystycznych pasm świadczących o zanieczyszczeniu oleju płynem chłodniczym. Nie stwierdzono niepokojąco podwyższonej zawartości pierwiastków wskazujących  zanieczyszczenie oleju płynem chłodniczym. Zawartość wody w normie. W analizie chromatografii gazowej nie stwierdzono niepokojąco podwyższonej zawartości ON.  







Zalecenia i wnioski:

Olej warunkowo kwalifikuje się do eksploatacji. Wskazana jest obserwacja zmian w kolejnym badaniu nie później niż po 500mth.","{""lepkość"": ""w_normie"", ""wskaźnik_lepkości"": ""w_normie"", ""liczba_zasadowa"": ""w_zakresie_bezpiecznym"", ""temperatura_zapłonu"": ""w_zakresie_bezpiecznym"", ""metale_zużyciowe"": ""w_dopuszczalnym_zakresie"", ""płyn_chłodniczy"": ""brak_wykrycia"", ""sadza"": ""brak_wykrycia"", ""woda"": ""w_normie"", ""olej_napędowy"": ""brak_wykrycia""}",1,WSKAZÓWKA
P2414167,"Oznaczona lepkość w normie dla klasy SAE 40. Temperatura zapłonu w normie. Poziom metalicznych produktów zużycia oznaczony w badaniu pierwiastków (cząstki o rozmiarach <5µm) w normie. Liczba zasadowa w normie. Nie zaobserwowano niepokojącej zawartości paliwa.

Zalecenia i wnioski:

Wykonać kolejne badanie zgodnie z przyjętym harmonogramem diagnostyki olejowej.","{""lepkość"": ""w_normie"", ""temperatura_zapłonu"": ""w_normie"", ""metale_zużyciowe"": ""w_normie"", ""liczba_zasadowa"": ""w_normie""}",2,UWAGA
P2414244,"Lepkość lekko powyżej zakresu typowego dla klasy SAE 40. Wskaźnik lepkości na poziomie typowym dla olejów jednosezonowych. Temperatura zapłonu na wysokim, bezpiecznym poziomie. Zawartość cząstek zużyciowych (oznaczona w badaniu pierwiastków, cząstki <5µm) mieści się w dopuszczalnym zakresie. Na widmie w podczerwieni nie stwierdzono zmian świadczących jednoznacznie o zanieczyszczeniu próbki płynem chłodniczym. Nie stwierdzono niepokojąco podwyższonej zawartości pierwiastków wskazujących na zanieczyszczenie oleju płynem chłodniczym. Liczba zasadowa na wysokim, bezpiecznym poziomie. Własności dyspergujące lekko pogorszone. Zawartość wody w normie. W badaniu chromatografii gazowej nie stwierdzono podwyższonej zawartości komponentów ON.







Zalecenia i wnioski:

Olej kwalifikuje się do dalszej eksploatacji. Zalecana jest obserwacja zmian w kolejnym badaniu po 500mth.","{""lepkość"": ""w_normie"", ""wskaźnik_lepkości"": ""w_normie"", ""temperatura_zapłonu"": ""w_zakresie_bezpiecznym"", ""metale_zużyciowe"": ""w_dopuszczalnym_zakresie"", ""płyn_chłodniczy"": ""brak_wykrycia"", ""liczba_zasadowa"": ""w_zakresie_bezpiecznym"", ""woda"": ""w_normie"", ""olej_napędowy"": ""brak_wykrycia""}",1,WSKAZÓWKA
P2414769,"Oznaczona lepkość podwyższona dla klasy SAE 40, wskazuje na olej klasy SAE 50. Temperatura zapłonu w normie. Liczba zasadowa na dobrym, wysokim poziomie. Zawartość wody w normie. Poziom metalicznych produktów zużycia oznaczony w badaniu pierwiastków (cząstki o rozmiarze <5 mikronów) w normie. Widmo IR nieczytelne ze względu na wysoką zawartość sadzy w oleju. Zawartość paliwa w normie. Własności dyspergujące lekko obniżone.

Zalecenia i wnioski:

Zweryfikować informację dot. stosowanego oleju. Upewnić się czy olej o danej lepkości może być eksploatowany. W przeciwnym razie wymienić na olej o odpowiedniej lepkości.  Zalecana jest wymiana wkładów filtracyjnych. Przeprowadzić kolejne badanie zgodnie z przyjętym harmonogramem diagnostyki.","{""lepkość"": ""w_normie"", ""temperatura_zapłonu"": ""w_normie"", ""woda"": ""w_normie"", ""metale_zużyciowe"": ""w_normie"", ""paliwo"": ""w_normie""}",1,WSKAZÓWKA
P2414819,"Lepkość poniżej zakresu typowego dla klasy SAE 40, mieści się w zakresie typowym dla klasy SAE 30. Wskaźnik lepkości zgodny z wartością deklarowaną przez producenta oleju. Liczba zasadowa poniżej wartości oczekiwanej dla oleju klasy CI wg API, mieści się w zakresie akceptowalnym. Oznaczony pakiet dodatków jest typowy dla oleju Shell Rimula R4L 15W-40. Zawartość metalicznych produktów zużycia (oznaczona w badaniu pierwiastków, cząstki o rozmiarach <5µm) mieści się w dopuszczalnym zakresie. Nie stwierdzono niepokojąco podwyższonej zawartości pierwiastków wskazujących na zanieczyszczenie oleju płynem chłodniczym.  Na widmie w podczerwieni nie stwierdzono charakterystycznych zmian świadczących o zanieczyszczeniu oleju płynem chłodniczym, stwierdzono zmiany sugerujące wysoką zawartość biokomponentów oleju napędowego. Zawartość wody w normie. Własności dyspergujące w normie. W badaniu chromatografii gazowej stwierdzono wysoką zawartość komponentów ON.



Zalecenia i wnioski:

Nie stwierdzono niepokojąco podwyższonej zawartości cząstek zużyciowych. Zalecana jest wykonanie kolejnego badania po 250mth w celu obserwacji zmian trendu zmian lepkości oleju. Proszę przeprowadzić wymianę oleju na świeży zgodnie z przyjętym harmonogramem.   ","{""lepkość"": ""w_normie"", ""liczba_zasadowa"": ""w_akceptowalnym_zakresie"", ""metale_zużyciowe"": ""w_dopuszczalnym_zakresie"", ""płyn_chłodniczy"": ""brak_wykrycia"", ""olej_napędowy"": ""brak_wykrycia"", ""woda"": ""w_normie""}",2,WSKAZÓWKA
P2414939,"Zawartość dodatków nietypowa dla oleju W15W-50. Poziom metalicznych produktów zużycia oznaczony w badaniu pierwiastków (cząstki o rozmiarze <5 mikronów) w normie. Wysoki poziom ołowiu pochodzi z paliwa lotniczego i jest to sytuacja normalna dla tego typu tłokowych silników lotniczych.
Wnioski i zalecenia:
Proszę zweryfikować informacje dot. stosowanego środka smarnego. Wykonać kolejne badanie zgodnie z harmonogramem diagnostyki.","{""metale_zużyciowe"": ""w_normie""}",0,WSKAZÓWKA
P2415221,"Oznaczona lepkość w normie dla oleju klasy SAE 40. Zawartość stałych ciał obcych w normie. Liczba zasadowa na bezpiecznym poziomie. Własności dyspergujące lekko pogorszone. Temperatura zapłonu w normie. Zawartość wody w normie. Poziom metalicznych produktów zużycia oznaczony w badaniu pierwiastków (cząstki o rozmiarach <5um) w normie. Indeks PQ, informujący o magnetycznych ferrocząstkach (niezależnie od rozmiaru cząstek) w normie. Na widmie w podczerwieni brak charakterystycznych oznak świadczących o zanieczyszczeniu próbki płynem chłodniczym. W analizie chromatografii gazowej nie stwierdzono podwyższonej zawartości paliwa.

Zalecenia i wnioski:

Ze względu na pogorszone własności dyspergujące, proszę przeprowadzić kolejne badanie oleju nie później niż za 500h pracy, licząc od chwili pobrania aktualnej próbki.","{""lepkość"": ""w_normie"", ""stałe_ciała_obce"": ""w_normie"", ""liczba_zasadowa"": ""w_zakresie_bezpiecznym"", ""temperatura_zapłonu"": ""w_normie"", ""woda"": ""w_normie"", ""metale_zużyciowe"": ""w_normie"", ""pq_indeks"": ""w_normie""}",0,WSKAZÓWKA
P2415317,"Lepkość mieści się w zakresie typowym dla klasy SAE 40. Wskaźnik lepkości zgodny z wartością deklarowaną przez producenta oleju. Liczba zasadowa na bezpiecznym poziomie. Na widmie w podczerwieni nie stwierdzono charakterystycznych pasm świadczących o zanieczyszczeniu oleju płynem chłodniczym. Zawartość molibdenu oraz boru lekko powyżej posiadanej przez nas referencji oleju świeżego Fuchs Titan Truck Plus 15W-40, jednak odpowiada zawartości tych pierwiastków w dostarczonej poprzednio próbce P2412488 możliwe również, że jest to pochodna zanieczyszczenia oleju płynem chłodniczym lub olejem innego typu. Zawartość pozostałych pierwiastków kategorii dodatków dobrze koreluje z posiadaną przez nas próbką referencyjną. Nie stwierdzono niepokojąco podwyższonej zawartości cząstek metalicznych świadczącej o intensywnym przebiegu procesów korozji i/lub zużycia smarowanych elementów. Zawartość wody w normie. W badaniu chromatografii gazowej nie stwierdzono podwyższonej zawartości komponentów ON.



Zalecenia i wnioski:

Olej kwalifikuje się do dalszej eksploatacji, jednak zalecana jest obserwacja zmian trendu w kolejnym badaniu po 500mth. ","{""lepkość"": ""w_normie"", ""liczba_zasadowa"": ""w_zakresie_bezpiecznym"", ""płyn_chłodniczy"": ""brak_wykrycia"", ""woda"": ""w_normie"", ""olej_napędowy"": ""brak_wykrycia""}",0,WSKAZÓWKA
P2415322,"Oznaczona lepkość w normie dla klasy SAE 40. Zawartość stałych ciał obcych na dobrym, niskim poziomie. Rezerwa alkaliczna bliska wyczerpaniu. Parametr i-pH w normie. Poziom metalicznych produktów zużycia oznaczony w badaniu pierwiastków (cząstki o rozmiarach <5 µm) w normie. Zawartość paliwa poniżej poziomu detekcji. Własności
dyspergujące w normie. Zawartość wody w normie. Temperatura zapłonu w normie.

Zalecenia i wnioski:

Obserwować zmiany trendu w następnej analizie. Przeprowadzić kolejne badanie za 500 mth.","{""lepkość"": ""w_normie"", ""ph"": ""w_normie"", ""metale_zużyciowe"": ""w_normie"", ""woda"": ""w_normie"", ""temperatura_zapłonu"": ""w_normie""}",0,WSKAZÓWKA
P2415440,"Lepkość w zakresie typowym dla klasy SAE 40. Wskaźnik lepkości mieści się w oczekiwanym zakresie. Oznaczony pakiet dodatków dobrze koreluje z posiadaną przez nas próbką referencyjną oleju Shell Mysella S5 N 40. Wzajemna relacja liczby kwasowej oraz liczby zasadowej wskazują na wyczerpanie rezerwy alkalicznej. Parametr i-pH na dopuszczalnym poziomie. Oksydacja oraz nitracja na dopuszczalnym poziomie. Zawartość stałych zanieczyszczeń w normie. Zawartość wody na dopuszczalnym poziomie. Zawartość miedzi (oznaczona w badaniu pierwiastków, cząstki <5µm) na akceptowalnym poziomie, nie stwierdzono niepokojącej dynamiki przyrostu parametru. Zawartość pozostałych oznaczonych pierwiastków zużyciowych oraz indeks PQ (informujący o zawartości cząstek ferromagnetycznych bez względu na rozmiar) w normie. Własności dyspergujące w normie. W badaniu chromatografii gazowej nie stwierdzono niepokojąco podwyższonej zawartości komponentów paliwa. Temperatura zapłonu w normie.





Zalecenia i wnioski:

Ze względu na wyczerpanie rezerwy alkalicznej wskazana jest wymiana oleju na świeży. Zalecana jest obserwacja zmian w kolejnym badaniu zgodnie z przyjętym harmonogramem diagnostyki.","{""lepkość"": ""w_normie"", ""ph"": ""w_dopuszczalnym_zakresie"", ""oksydacja"": ""w_dopuszczalnym_zakresie"", ""nitracja"": ""w_dopuszczalnym_zakresie"", ""zanieczyszczenia_stałe"": ""w_normie"", ""woda"": ""w_dopuszczalnym_zakresie"", ""pq_indeks"": ""w_normie"", ""metale_zużyciowe"": ""w_normie"", ""temperatura_zapłonu"": ""w_normie""}",2,UWAGA
P2415687,"Lepkość mieści się w zakresie typowym dla klasy SAE 50. Wskaźnik lepkości lekko poniżej oczekiwanego. Oznaczony pakiet dodatków oraz widmo w podczerwieni wykazują rozbieżności od posiadanej przez nas referencji oleju świeżego Orlen Platinum Ultor Diesel 20W-50, sugerują, że w eksploatacji jest inny olej lub mieszanina olejów. Temperatura zapłonu na bezpiecznym poziomie. Zawartość cząstek zużyciowych (oznaczona w badaniu pierwiastków, cząstki <5µm) w normie. Na widmie w podczerwieni nie stwierdzono zmian świadczących o zanieczyszczeniu oleju płynem chłodniczym. Nie stwierdzono niepokojąco podwyższonej zawartości sodu ani potasu. Zawartość wody w normie. w badaniu chromatografii gazowej nie stwierdzono podwyższonej zawartości komponentów ON. Własności dyspergujące lekko pogorszone. Wzajemna relacja liczby zasadowej i liczby kwasowej świadczy o rezerwie alkalicznej na bezpiecznym poziomie.



Zalecenia i wnioski:

Olej kwalifikuje się do dalszej eksploatacji. Zalecana jest obserwacja zmian w kolejnym badaniu po 500mth.","{""lepkość"": ""w_normie"", ""temperatura_zapłonu"": ""w_zakresie_bezpiecznym"", ""metale_zużyciowe"": ""w_normie"", ""płyn_chłodniczy"": ""brak_wykrycia"", ""woda"": ""w_normie"", ""olej_napędowy"": ""brak_wykrycia"", ""liczba_kwasowa"": ""w_zakresie_bezpiecznym"", ""liczba_zasadowa"": ""w_zakresie_bezpiecznym""}",0,WSKAZÓWKA
P2415756,"Zawartość chromu obniżyła się w stosunku do poprzedniego badania jednak nadal jest lekko podwyższona. Poziom pozostałych metalicznych produktów zużycia oznaczony w badaniu pierwiastków (cząstki o rozmiarze <5 mikronów) w normie. Wysoki poziom ołowiu pochodzi z paliwa lotniczego i jest to sytuacja normalna dla tego typu tłokowych silników lotniczych.

Wnioski i zalecenia:

Obserwować zmiany trendu w następnej analizie. Przeprowadzić kolejne badanie zgodnie z harmonogramem diagnostyki olejowej.","{""metale_zużyciowe"": ""w_normie""}",1,WSKAZÓWKA
P2415815,"Lepkość mieści się w zakresie typowym dla klasy SAE 40. Wskaźnik lepkości na poziomie oczekiwanym. Temperatura zapłonu na wysokim, bezpiecznym poziomie. Liczba zasadowa na wysokim, bezpiecznym poziomie. Własności dyspergujące lekko poniżej oczekiwanych. Zawartość stałych zanieczyszczeń na dopuszczalnym poziomie. Zawartość cząstek zużyciowych w normie. Zawartość wody w normie. Na widmie w podczerwieni nie stwierdzono charakterystycznych pasm świadczących o zanieczyszczeniu oleju płynem chłodniczym. Nie stwierdzono niepokojąco podwyższonej zawartości pierwiastków sugerujących zanieczyszczenie oleju płynem chłodniczym. W badaniu chromatografii gazowej nie stwierdzono niepokojąco podwyższonej zawartości komponentów ON. 



Zalecenia i wnioski:

Olej kwalifikuje się do dalszej eksploatacji, jednak zalecana jest obserwacja zmian w kolejnym badaniu nie później niż po 500mth. ","{""lepkość"": ""w_normie"", ""wskaźnik_lepkości"": ""w_normie"", ""temperatura_zapłonu"": ""w_zakresie_bezpiecznym"", ""liczba_zasadowa"": ""w_zakresie_bezpiecznym"", ""zanieczyszczenia_stałe"": ""w_dopuszczalnym_zakresie"", ""metale_zużyciowe"": ""w_normie"", ""woda"": ""w_normie"", ""płyn_chłodniczy"": ""brak_wykrycia"", ""olej_napędowy"": ""brak_wykrycia""}",1,WSKAZÓWKA
P2416235,"Lepkość w zakresie typowym dla klasy SAE 40. Wskaźnik lepkości mieści się w oczekiwanym zakresie. Oznaczony pakiet dodatków dobrze koreluje z posiadaną przez nas próbką referencyjną oleju Shell Mysella S5 N 40. Temperatura zapłonu w normie. Własności dyspergujące w normie. Rezerwa alkaliczna w zakresie granicznym. Parametr i-pH na dopuszczalnym poziomie. Zawartość stałych zanieczyszczeń w normie. Zawartość wody na dopuszczalnym poziomie. Zawartość miedzi (oznaczona w badaniu pierwiastków, cząstki <5µm) na akceptowalnym poziomie, nie stwierdzono niepokojącej dynamiki przyrostu parametru. Zawartość pozostałych oznaczonych pierwiastków zużyciowych oraz indeks PQ (informujący o zawartości cząstek ferromagnetycznych bez względu na rozmiar) w normie. W analizie chromatografii gazowej nie stwierdzono podwyższonej zawartości paliwa.

Zalecenia i wnioski:

Ze względu na wyczerpanie rezerwy alkalicznej wskazana jest w niedługim czasie wymiana oleju na świeży. Zalecana jest obserwacja zmian w kolejnym badaniu zgodnie z przyjętym harmonogramem diagnostyki.","{""lepkość"": ""w_normie"", ""temperatura_zapłonu"": ""w_normie"", ""rezerwa_alkaliczna"": ""w_zakresie_granicznym"", ""ph"": ""w_dopuszczalnym_zakresie"", ""zanieczyszczenia_stałe"": ""w_normie"", ""woda"": ""w_dopuszczalnym_zakresie"", ""pq_indeks"": ""w_normie"", ""metale_zużyciowe"": ""w_normie""}",2,WSKAZÓWKA
P2416382,"Oznaczona lepkość w normie dla oleju klasy SAE 40. Temperatura zapłonu w normie. Liczba zasadowa w normie. Na widmie w podczerwieni nie stwierdzono charakterystycznych zmian świadczących o zanieczyszczeniu oleju płynem chłodniczym. Nie stwierdzono niepokojąco podwyższonej zawartości pierwiastków wskazujących na zanieczyszczenie próbki płynem chłodniczym. Poziom metalicznych produktów zużycia oznaczony w badaniu pierwiastków (cząstki o rozmiarach <5um) w normie. Własności dyspergujące lekko obniżone. Zawartość wody w normie. W analizie chromatografii gazowej nie stwierdzono podwyższonej zawartości paliwa.

Wnioski i zalecenia:

Proszę o przysłanie kolejnej próbki do badań za około 500mth. Proszę obserwować zmiany w następnej analizie.","{""lepkość"": ""w_normie"", ""temperatura_zapłonu"": ""w_normie"", ""liczba_zasadowa"": ""w_normie"", ""płyn_chłodniczy"": ""brak_wykrycia"", ""metale_zużyciowe"": ""w_normie"", ""woda"": ""w_normie""}",1,WSKAZÓWKA
P2416532,"Oznaczona lepkość w zakresie typowym dla klasy SAE 40. Wskaźnik lepkości na poziomie typowym dla olejów wielosezonowych. Nie podaliście Państwo typu eksploatowanego oleju i z tego powodu niemożliwy jest precyzyjny komentarz dotyczący oznaczonego pakietu dodatków. Rezerwa alkaliczna na bezpiecznym poziomie. Temperatura zapłonu w normie. Zawartość wody (0,02%) w normie. W porównaniu do poprzedniego badań stwierdzono wzrost zawartości metalicznych produktów zużycia (oznaczonej w badaniu pierwiastków, cząstki o rozmiarach <5µm), mieści się ona w dopuszczalnym zakresie. Indeks PQ, informujący o zawartości ferromagnetycznych cząstek (niezależnie od rozmiaru), w normie. Na widmie w podczerwieni nie stwierdzono charakterystycznych pasm świadczących o zanieczyszczeniu oleju płynem chłodniczym. Parametr i-pH w zakresie granicznym. Własności dyspergujące lekko pogorszone. Zawartość paliwa w normie.

Zalecenia i wnioski:

Proszę obserwować zmiany trendu w kolejnym badaniu nie później niż za miesiąc.","{""lepkość"": ""w_normie"", ""wskaźnik_lepkości"": ""w_normie"", ""rezerwa_alkaliczna"": ""w_zakresie_bezpiecznym"", ""temperatura_zapłonu"": ""w_normie"", ""woda"": ""w_normie"", ""metale_zużyciowe"": ""w_dopuszczalnym_zakresie"", ""pq_indeks"": ""w_normie"", ""płyn_chłodniczy"": ""brak_wykrycia"", ""ph"": ""w_zakresie_granicznym"", ""paliwo"": ""w_normie""}",1,WSKAZÓWKA
P2416621,"Lepkość mieści się w zakresie typowym dla klasy SAE 40. Wskaźnik lepkości na poziomie oczekiwanym. Temperatura zapłonu na bezpiecznym poziomie. Liczba zasadowa na bezpiecznym poziomie. Oznaczony pakiet dodatków oraz widmo w podczerwieni odbiegają od posiadanej przez nas referencji oleju świeżego Shell Rimula R4 X 15W-40. Zawartość molibdenu powyżej wartości oczekiwanej - molibden może pochodzić z pakietu dodatków oleju lub inhibitora korozji płynu chłodniczego. Na widmie w podczerwieni nie stwierdzono charakterystycznych zmian świadczących o zanieczyszczeniu oleju płynem chłodniczym. Zawartość pierwiastków zużyciowych na dopuszczalnym poziomie. W badaniu chromatografii gazowej nie stwierdzono niepokojąco podwyższonej zawartości komponentów ON. Własności dyspergujące w normie. Zawartość wody w normie. 





Zalecenia i wnioski:

Wyniki przeprowadzonych badań sugerują, że w eksploatacji jest olej innego typu niż Shell Rimula R4 X 15W-40 lub mieszanina olejów różnych typów. Zalecana jest obserwacja zmian w kolejnym badaniu po 500mth.","{""lepkość"": ""w_normie"", ""wskaźnik_lepkości"": ""w_normie"", ""temperatura_zapłonu"": ""w_zakresie_bezpiecznym"", ""liczba_zasadowa"": ""w_zakresie_bezpiecznym"", ""płyn_chłodniczy"": ""brak_wykrycia"", ""metale_zużyciowe"": ""w_dopuszczalnym_zakresie"", ""olej_napędowy"": ""brak_wykrycia"", ""woda"": ""w_normie""}",0,WSKAZÓWKA
P2416675,"Oznaczona lepkość w zakresie typowym dla klasy SAE 40. Wskaźnik lepkości na poziomie oczekiwanym. Wzajemna relacja liczby kwasowej i zasadowej świadczy o rezerwie alkalicznej na bezpiecznym poziomie. Własności dyspergujące lekko pogorszone. Temperatura zapłonu w normie. Zawartość wody w normie. Indeks PQ, informujący o zawartości cząstek ferromagnetycznych (niezależnie od rozmiaru), w normie. Zawartość cząstek zużyciowych oznaczona w badaniu pierwiastków (cząstki <5µm) w normie. Na widmie w podczerwieni nie stwierdzono zmian świadczących o zanieczyszczeniu oleju płynem chłodniczym. Nie stwierdzono niepokojąco podwyższonej zawartości pierwiastków wskazujących na zanieczyszczenie oleju płynem chłodniczym. w badaniu chromatografii gazowej nie stwierdzono niepokojąco podwyższonej zawartości komponentów ON.  





Zalecenia i wnioski:

Proszę obserwować zmiany w kolejnym badaniu nie później niż po 500mth. ","{""lepkość"": ""w_normie"", ""wskaźnik_lepkości"": ""w_normie"", ""liczba_kwasowa"": ""w_zakresie_bezpiecznym"", ""temperatura_zapłonu"": ""w_normie"", ""woda"": ""w_normie"", ""pq_indeks"": ""w_normie"", ""metale_zużyciowe"": ""w_normie"", ""płyn_chłodniczy"": ""brak_wykrycia"", ""olej_napędowy"": ""brak_wykrycia""}",1,WSKAZÓWKA
P2416780,"Lepkość mieści się w zakresie typowym dla klasy SAE 40. Wskaźnik lepkości powyżej poziomu oczekiwanego. Liczba zasadowa na wysokim, bezpiecznym poziomie. Własności dyspergujące pogorszone. Temperatura zapłonu na wysokim, bezpiecznym poziomie. Nie stwierdzono niepokojąco podwyższonej zawartości cząstek zużyciowych. Nie stwierdzono podwyższonej zawartości pierwiastków wskazujących na zanieczyszczenie oleju płynem chłodniczym. Na widmie w podczerwieni nie stwierdzono charakterystycznych pasm wskazujących na zanieczyszczenie oleju płynem chłodniczym. Zawartość wody w normie. W badaniu chromatografii gazowej nie stwierdzono niepokojąco podwyższonej zawartości komponentów ON. 



Zalecenia i wnioski:

Olej warunkowo kwalifikuje się do dalszej eksploatacji. Proszę obserwować zmiany w kolejnym badaniu nie później niż za 250mth.","{""lepkość"": ""w_normie"", ""liczba_zasadowa"": ""w_zakresie_bezpiecznym"", ""temperatura_zapłonu"": ""w_zakresie_bezpiecznym"", ""płyn_chłodniczy"": ""brak_wykrycia"", ""woda"": ""w_normie"", ""olej_napędowy"": ""brak_wykrycia""}",0,WSKAZÓWKA
P2416980,"Lepkość mieści się w zakresie typowym dla klasy SAE 40. Wskaźnik lepkości lekko powyżej poziomu oczekiwanego. Liczba zasadowa na wysokim, bezpiecznym poziomie. Oznaczony pakiet dodatków jest typowy dla oleju Total Disola MR 4015. Temperatura zapłonu na wysokim, bezpiecznym poziomie. Nie stwierdzono niepokojąco podwyższonej zawartości cząstek zużyciowych. Widmo w podczerwieni nieczytelne ze względu na zawartość sadzy. Nie stwierdzono niepokojąco podwyższonej zawartości pierwiastków świadczących o zanieczyszczeniu oleju płynem chłodniczym. Zawartość wody w normie. W badaniu chromatografii gazowej nie stwierdzono podwyższonej zawartości komponentów ON. Własności dyspergujące w normie. Podwyższony indeks zanieczyszczeń.  





Zalecenia i wnioski:

Proszę obserwować zmiany w kolejnym badaniu zgodnie z przyjętym harmonogramem diagnostyki.","{""lepkość"": ""w_normie"", ""liczba_zasadowa"": ""w_zakresie_bezpiecznym"", ""temperatura_zapłonu"": ""w_zakresie_bezpiecznym"", ""płyn_chłodniczy"": ""brak_wykrycia"", ""woda"": ""w_normie"", ""olej_napędowy"": ""brak_wykrycia""}",1,WSKAZÓWKA
P2417127,"Oznaczona lepkość w normie dla klasy SAE 40. Temperatura zapłonu w normie. Poziom metalicznych produktów zużycia oznaczony w badaniu pierwiastków (cząstki o rozmiarach <5µm) w normie. Zawartość wody w normie. Liczba zasadowa na dobrym, wysokim poziomie. Widmo IR wskazuje na zwiększoną zawartość sadzy. Zawartość paliwa w normie Własności dyspergujące obniżone.

Zalecenia i wnioski:

Zalecana wymiana wkładów filtracyjnych oleju. Wykonać kolejne badanie po 500 mth pracy silnika. ","{""lepkość"": ""w_normie"", ""temperatura_zapłonu"": ""w_normie"", ""metale_zużyciowe"": ""w_normie"", ""woda"": ""w_normie"", ""paliwo"": ""w_normie""}",1,WSKAZÓWKA
P2417302,"Lepkość mieści się w zakresie typowym dla klasy SAE 50. Wskaźnik lepkości poniżej poziomu oczekiwanego dla oleju wielosezonowego. Temperatura zapłonu na bezpiecznym poziomie. Zawartość cząstek zużyciowych mieści się w dopuszczalnym zakresie. Na widmie w podczerwieni nie stwierdzono charakterystycznych pasm świadczących o zanieczyszczeniu oleju płynem chłodniczym. Nie stwierdzono podwyższonej zawartości pierwiastków wskazujących na zanieczyszczenie oleju płynem chłodniczym. Zawartość wody w normie. Liczba zasadowa na bezpiecznym poziomie. Własności dyspergujące w normie. W badaniu chromatografii gazowej nie stwierdzono podwyższonej zawartości komponentów ON.  



Zalecenia i wnioski:

Proszę zweryfikować historię wymian i uzupełnień oleju. Proszę obserwować zmiany w kolejnym badaniu zgodnie z przyjętym harmonogramem. ","{""lepkość"": ""w_normie"", ""temperatura_zapłonu"": ""w_zakresie_bezpiecznym"", ""metale_zużyciowe"": ""w_dopuszczalnym_zakresie"", ""płyn_chłodniczy"": ""brak_wykrycia"", ""woda"": ""w_normie"", ""liczba_zasadowa"": ""w_zakresie_bezpiecznym"", ""olej_napędowy"": ""brak_wykrycia""}",0,WSKAZÓWKA
P2417753,"Zawartość dodatków uszlachetniających w normie. Lepkość kinematyczna zgodna z klasą SAE50.  Temperatura zapłonu w normie. Wskaźnik lepkości jest typowy dla oleju jednosezonowego. Zawartość paliwa w oleju w normie. Liczba zasadowa na odpowiednim poziomie. Własności dyspergujące w normie. Prawidłowa niska zawartość wody. Na widmie podczerwieni można zauważyć niewielkie obniżenie wykresu charakterystyczne dla zanieczyszczenia sadzą, co jest typowe dla silników diesla. Analiza ICP nie wykazała podwyższonego stężenia pierwiastków mogących świadczyć o zanieczyszczeniu. Skokowy wzrost zawartości ołowiu w stosunku do poprzedniej analizy. Zawartość pozostałych metalicznych produktów zużycia w normie.

Wnioski i zalecenia:

Podniesiona zawartość ołowiu, olej nie kwalifikuje się do dalszej eksploatacji. Wskazana jest kontrola układu olejowego ukierunkowana na identyfikację uszkodzeń/korozji elementów zawierających w metalurgii oznaczone pierwiastki. Proszę wykonać kolejne badanie po przeprowadzeniu działań korygujących.","{""dodatki_uszlachetniające"": ""w_normie"", ""temperatura_zapłonu"": ""w_normie"", ""paliwo"": ""w_normie"", ""metale_zużyciowe"": ""w_normie""}",2,UWAGA
P2417884,"Lepkość ponizej zakresu typowego dla klasy SAE 40, trend malejący. Wskaźnik lepkości na poziomie typowym dla oleju wielosezonowego. Temperatura zapłonu na akceptowalnym poziomie. Zawartość cząstek zużyciowych w dopuszczalnym zakresie, nie stwierdzono przyrostu zawartości w porównaniu do poprzedniej analizy. Na widmie w podczerwieni nie stwierdzono charakterystycznych pasm świadczących o zanieczyszczeniu oleju płynem chłodniczym. Nie stwierdzono niepokojąco podwyższonej zawartości pierwiastków wskazujących na zanieczyszczenie oleju płynem chłodniczym. Zawartość wody w normie. Zawartość stałych zanieczyszczeń w normie. Liczba zasadowa na bezpiecznym poziomie. Własności dyspergujące w normie. W badaniu chromatografii gazowej stwierdzono wysoką zawartość komponentów ON. 





Zalecenia i wnioski:

Proszę zweryfikować wymagania producenta silnika dotyczące lepkości eksploatowanego oleju, w razie konieczności przeprowadzić wymianę oleju na świeży. W przypadku dalszego użytkowania oleju wskazana jest obserwacja zmian w kolejnym badaniu ni później niż po 250 mth.","{""lepkość"": ""w_normie"", ""wskaźnik_lepkości"": ""w_normie"", ""temperatura_zapłonu"": ""w_akceptowalnym_zakresie"", ""płyn_chłodniczy"": ""brak_wykrycia"", ""woda"": ""w_normie"", ""zanieczyszczenia_stałe"": ""w_normie"", ""liczba_zasadowa"": ""w_zakresie_bezpiecznym""}",1,UWAGA
P2417916,"Lepkość mieści się w zakresie typowym dla klasy SAE 40. Wskaźnik lepkości na poziomie typowym dla oleju wielosezonowego. Temperatura zapłonu na bezpiecznym poziomie. Liczba zasadowa na wysokim, bezpiecznym poziomie. Własności dyspergujące lekko poniżej oczekiwanego poziomu, co prawdopodobnie ma związek z niewielką zawartością sadzy w oleju. Nie stwierdzono niepokojąco podwyższonej zawartości cząstek zużyciowych (oznaczonej w badaniu pierwiastków, cząstki <5µm). Zawartość wody w normie. Na widmie w podczerwieni nie stwierdzono zmian świadczących o zanieczyszczeniu oleju płynem chłodniczym. Nie stwierdzono niepokojąco podwyższonej zawartości pierwiastków wskazujących na zanieczyszczenie oleju płynem chłodniczym. W analizie chromatografii gazowej nie stwierdzono podwyższonej zawartości komponentów ON. 



Zalecenia i wnioski:

Olej kwalifikuje się do dalszej eksploatacji. Zalecana jest obserwacja zmian w kolejnym badaniu zgodnie z przyjętym harmonogramem diagnostyki.","{""lepkość"": ""w_normie"", ""wskaźnik_lepkości"": ""w_normie"", ""temperatura_zapłonu"": ""w_zakresie_bezpiecznym"", ""liczba_zasadowa"": ""w_zakresie_bezpiecznym"", ""woda"": ""w_normie"", ""płyn_chłodniczy"": ""brak_wykrycia"", ""olej_napędowy"": ""brak_wykrycia""}",2,WSKAZÓWKA
P2418120,"Oznaczona lepkość w normie dla klasy SAE 40. Zawartość stałych ciał obcych na dobrym, niskim poziomie. Rezerwa alkaliczna w zakresie granicznym. Parametr i-pH w zakresie dopuszczalnym. Poziom metalicznych produktów zużycia oznaczony w badaniu pierwiastków (cząstki o rozmiarach <5 µm) w normie. Zawartość paliwa poniżej poziomu detekcji. Własności dyspergujące w normie. Zawartość wody w normie. Temperatura zapłonu w normie.
Zalecenia i wnioski:
Obserwować zmiany trendu w następnej analizie. Przeprowadzić kolejne badanie nie później niż za 500 mth.","{""lepkość"": ""w_normie"", ""rezerwa_alkaliczna"": ""w_zakresie_granicznym"", ""ph"": ""w_dopuszczalnym_zakresie"", ""metale_zużyciowe"": ""w_normie"", ""woda"": ""w_normie"", ""temperatura_zapłonu"": ""w_normie""}",0,WSKAZÓWKA
P2418167,"Oznaczona lepkość w normie dla klasy SAE 40. Zawartość stałych ciał obcych na dobrym, niskim poziomie. Rezerwa alkaliczna (wzajemna korelacja liczby zasadowej i liczby kwasowej) w zakresie dopuszczalnym. Zawartość wody w normie. Poziom metalicznych produktów zużycia oznaczony w badaniu pierwiastków (cząstki o rozmiarach <5 µm) w normie. Zawartość paliwa poniżej poziomu detekcji. Własności dyspergujące w
normie. Temperatura zapłonu w normie.

Zalecenia i wnioski:

Przeprowadzić kolejne badanie nie później niż za 500 mth.","{""lepkość"": ""w_normie"", ""liczba_kwasowa"": ""w_dopuszczalnym_zakresie"", ""liczba_zasadowa"": ""w_dopuszczalnym_zakresie"", ""rezerwa_alkaliczna"": ""w_dopuszczalnym_zakresie"", ""woda"": ""w_normie"", ""metale_zużyciowe"": ""w_normie"", ""temperatura_zapłonu"": ""w_normie""}",2,WSKAZÓWKA
P2418332,"Lepkość lekko powyżej zakresu typowego dla klasy SAE 40. Wskaźnik lepkości lekko powyżej zakresu oczekiwanego dla oleju Total Disola MR4015.  Liczba zasadowa na wysokim, bezpiecznym poziomie. Własności dypergujące pogorszone. Oznaczony pakiet dodatków jest typowy dla oleju Total Disola MR 4015. Temperatura zapłonu na wysokim, bezpiecznym poziomie. W porównaniu do poprzedniej analizy nie stwierdzono przyrostu zawartości cząstek zużyciowych. Widmo w podczerwieni nieczytelne. Nie stwierdzono niepokojąco podwyższonej zawartości pierwiastków świadczących o zanieczyszczeniu oleju płynem chłodniczym. Zawartość wody w normie. W badaniu chromatografii gazowej nie stwierdzono niepokojąco podwyższonej zawartości komponentów ON.  



Zalecenia i wnioski:

Wyniki przeprowadzonych badań świadczą o wysokiej zawartości sadzy w oleju. Nie stwierdzono niepokojąco podwyższonej zawartości paliwa w dostarczonej próbce. Wskazana jest wymiana filtru oleju. Proszę obserwować zmiany w kolejnym badaniu nie później niż po 500mth.","{""liczba_zasadowa"": ""w_zakresie_bezpiecznym"", ""temperatura_zapłonu"": ""w_zakresie_bezpiecznym"", ""płyn_chłodniczy"": ""brak_wykrycia"", ""woda"": ""w_normie"", ""olej_napędowy"": ""brak_wykrycia""}",1,WSKAZÓWKA
P2418694,"Zawartość dodatków uszlachetniających bliska oczekiwanej. Lepkość zgodna dla SAE 40. Widmo podczerwieni FTIR bliskie referencji, nie wskazuje na degradację oleju. Zawartość paliwa w normie. liczba zasadowa w zakresie akceptowalnym. Własności dyspergujące prawidłowe. Zawartość wody w normie. Temperatura zapłonu na bezpiecznym poziomie. Skokowy wzrost zawartości krzemu. Poziom pozostałych zanieczyszczeń oznaczonych w badaniu pierwiastków (cząstki <5 mikronów) w normie.  Zawartość cząstek metalicznych (<5 mikronów) oznaczonych w badaniu pierwiastków w zakresie akceptowalnym. 

Wnioski i zalecenia:

Podniesiony poziom krzemu może wskazywać na uszkodzenia uszczelnień elastycznych silnika, zanieczyszczenia z otoczenia(kurz, pył). Obserwować trend w kolejnych badaniach. Następną analizę przeprowadzić za 500 mth. ","{""paliwo"": ""w_normie"", ""liczba_zasadowa"": ""w_akceptowalnym_zakresie"", ""woda"": ""w_normie"", ""temperatura_zapłonu"": ""w_zakresie_bezpiecznym"", ""zanieczyszczenia_stałe"": ""w_normie"", ""metale_zużyciowe"": ""w_akceptowalnym_zakresie""}",0,WSKAZÓWKA
P2419002,"Oznaczona lepkość w normie dla oleju klasy SAE 40. Temperatura zapłonu w normie. Zawartość miedzi na poziomie akceptowalnym przy mniejszej ilości mth. Poziom pozostałych metalicznych produktów zużycia oznaczony w badaniu pierwiastków w normie. Zawartość paliwa w normie. Własności dyspergujące w normie. Zawartość wody w normie. Liczba zasadowa na bezpiecznym poziomie

Wnioski i zalecenia:

Obserwować zmiany trendu w następnej analizie. Przeprowadzić kolejne badanie za 500 mth pracy silnika.","{""lepkość"": ""w_normie"", ""temperatura_zapłonu"": ""w_normie"", ""miedź"": ""w_akceptowalnym_zakresie"", ""metale_zużyciowe"": ""w_normie"", ""paliwo"": ""w_normie"", ""woda"": ""w_normie"", ""liczba_zasadowa"": ""w_zakresie_bezpiecznym""}",1,WSKAZÓWKA
P2419092,"Lepkość w zakresie typowym dla klasy SAE 40. Wskaźnik lepkości mieści się w oczekiwanym zakresie. Oznaczony pakiet dodatków dobrze koreluje z posiadaną przez nas próbką referencyjną oleju Shell Mysella S5 N 40. Wzajemna relacja liczby kwasowej oraz liczby zasadowej świadczą o rezerwie alkaliczną na jeszcze bezpiecznym poziomie, jednak bliskim wyczerpaniu. Parametr i-pH na dopuszczalnym poziomie. Własności dyspergujące w normie. Oksydacja oraz nitracja na dopuszczalnym poziomie. Zawartość wody na dopuszczalnym poziomie. Zawartość oznaczonych pierwiastków zużyciowych (cząstki o rozmiarze <5 mikronów) oraz indeks PQ (informujący o zawartości cząstek ferromagnetycznych bez względu na rozmiar) w normie.

Zalecenia i wnioski:

Olej kwalifikuje się do dalszej eksploatacji. Proszę obserwować zmiany w następnej analizie. W celu obserwacji zmian rezerwy alkalicznej zaleca się przeprowadzić kolejne badanie za miesiąc od daty pobrania próbki aktualnej.","{""lepkość"": ""w_normie"", ""liczba_kwasowa"": ""w_zakresie_bezpiecznym"", ""liczba_zasadowa"": ""w_zakresie_bezpiecznym"", ""ph"": ""w_dopuszczalnym_zakresie"", ""oksydacja"": ""w_dopuszczalnym_zakresie"", ""nitracja"": ""w_dopuszczalnym_zakresie"", ""woda"": ""w_dopuszczalnym_zakresie"", ""pq_indeks"": ""w_normie"", ""metale_zużyciowe"": ""w_normie""}",1,WSKAZÓWKA
P2419118,"Lepkość w zakresie typowym dla klasy SAE 40. Wskaźnik lekko powyżej wartości oczekiwanej. Liczba zasadowa na bezpiecznym poziomie. Własności dyspergujące w normie. Temperatura zapłonu na bezpiecznym poziomie. Zawartość stałych zanieczyszczeń na dopuszczalnym poziomie. Zawartość cząstek zużyciowych na dopuszczalnym poziomie. Zawartość wody w normie. Widmo w podczerwieni nieczytelne ze względu na zawartość sadzy. Nie stwierdzono niepokojąco podwyższonej zawartości pierwiastków świadczących o zanieczyszczeniu oleju płynem chłodniczym. W badaniu chromatografii gazowej nie stwierdzono niepokojąco podwyższonej zawartości komponentów ON.



Zalecenia i wnioski:

Wskazana jest wymiana filtru oleju. Zalecana jest obserwacja zmian w kolejnym badaniu za 500mth.","{""lepkość"": ""w_normie"", ""liczba_zasadowa"": ""w_zakresie_bezpiecznym"", ""temperatura_zapłonu"": ""w_zakresie_bezpiecznym"", ""zanieczyszczenia_stałe"": ""w_dopuszczalnym_zakresie"", ""metale_zużyciowe"": ""w_dopuszczalnym_zakresie"", ""woda"": ""w_normie"", ""płyn_chłodniczy"": ""brak_wykrycia"", ""olej_napędowy"": ""brak_wykrycia""}",0,WSKAZÓWKA
P2419430,"Lepkość w normie dla klasy SAE 40. Wskaźnik lepkości na poziomie typowym dla oleju jednosezonowego. Temperatura zapłonu na bezpiecznym poziomie. Liczba zasadowa na wysokim, bezpiecznym poziomie. Własności dyspergujące obniżone. Nie stwierdzono niepokojąco podwyższonej zawartości pierwiastków typowych dla zanieczyszczenia oleju płynem chłodniczym. Zawartość wody w normie. Na widmie w podczerwieni nie stwierdzono charakterystycznych zmian świadczących o zanieczyszczeniu oleju płynem chłodniczym. W badaniu chromatografii gazowej nie stwierdzono podwyższonej zawartości ON. 



Zalecenia i wnioski:

Zalecane jest przeprowadzenie kolejnego badania nie później niż po 500mth.","{""lepkość"": ""w_normie"", ""wskaźnik_lepkości"": ""w_normie"", ""temperatura_zapłonu"": ""w_zakresie_bezpiecznym"", ""liczba_zasadowa"": ""w_zakresie_bezpiecznym"", ""płyn_chłodniczy"": ""brak_wykrycia"", ""woda"": ""w_normie"", ""olej_napędowy"": ""brak_wykrycia""}",0,WSKAZÓWKA
P2419542,"Poziom metalicznych produktów zużycia oznaczony w badaniu pierwiastków (cząstki o rozmiarze <5 mikronów) w dopuszczalnych limitach jednak przy mniejszej ilości przepracowanych godzin. Wysoki poziom ołowiu pochodzi z paliwa lotniczego i jest to sytuacja normalna dla tłokowych silników lotniczych.

Wnioski i zalecenia:

Obserwować zmiany trendu  w następnej analizie. Przeprowadzić kolejne badanie po 50 godzinach pracy silnika.","{""metale_zużyciowe"": ""w_dopuszczalnym_zakresie""}",0,WSKAZÓWKA
P2419590,"Oznaczona lepkość lekko poniżej dolnego zakresu granicznego dla klasy SAE 50. Temperatura zapłonu w normie. Zawartość metalicznych produktów zużycia w normie. Własności dyspergujące w normie. 

Zalecenia i wnioski:

Proszę zweryfikować, czy olej o danej lepkości kwalifikuje się do eksploatacji, w przeciwnym wypadku wymienić na świeży. Obserwować zmiany w kolejnej analizie zgodnie z harmonogramem diagnostyki.","{""lepkość"": ""w_zakresie_granicznym"", ""temperatura_zapłonu"": ""w_normie"", ""metale_zużyciowe"": ""w_normie""}",0,WSKAZÓWKA
P2420475,"Lepkość w zakresie typowym dla klasy SAE 40. Wskaźnik lepkości na poziomie oczekiwanym dla oleju jednosezonowego. Temperatura zapłonu na bezpiecznym poziomie. Liczba zasadowa na wysokim, bezpiecznym poziomie. Własności dyspergujące lekko pogorszone. Na widmie w podczerwieni nie stwierdzono charakterystycznych pasm wskazujących na zanieczyszczenie oleju płynem chłodniczym. Nie stwierdzono niepokojąco podwyższonej zawartości pierwiastków typowych dla zanieczyszczenia oleju płynem chłodniczym. Zawartość wody w normie. Zawartość stałych zanieczyszczeń na dopuszczalnym poziomie. Zawartość cząstek zużyciowych w normie. W badaniu chromatografii gazowej nie stwierdzono podwyższonej zawartości komponentów ON.    



Zalecenia i wnioski:

Olej kwalifikuje się do dalszej eksploatacji. Zalecana jest obserwacja zmian w kolejnym badaniu po 500mth.  ","{""lepkość"": ""w_normie"", ""wskaźnik_lepkości"": ""w_normie"", ""temperatura_zapłonu"": ""w_zakresie_bezpiecznym"", ""liczba_zasadowa"": ""w_zakresie_bezpiecznym"", ""płyn_chłodniczy"": ""brak_wykrycia"", ""woda"": ""w_normie"", ""zanieczyszczenia_stałe"": ""w_dopuszczalnym_zakresie"", ""metale_zużyciowe"": ""w_normie"", ""olej_napędowy"": ""brak_wykrycia""}",0,WSKAZÓWKA
P2420481,"Oznaczona lepkość lekko poniżej dolnego zakresu granicznego dla klasy SAE 40. Liczba zasadowa na bezpiecznym poziomie. Temperatura zapłonu na bezpiecznym poziomie. Poziom metalicznych produktów zużycia oznaczony w badaniu pierwiastków (cząstki o rozmiarach <5µm) w normie. Na widmie w podczerwieni nie stwierdzono charakterystycznych zmian świadczących o zanieczyszczeniu oleju płynem chłodniczym. Zawartość paliwa w normie. Własności dyspergujące w normie. Zawartość wody w normie. 
Wnioski i zalecenia:

Proszę upewnić się czy olej o danej lepkości kwalifikuje się do eksploatacji. Przeprowadzić kolejne badanie zgodnie z harmonogramem diagnostyki.","{""lepkość"": ""w_zakresie_granicznym"", ""liczba_zasadowa"": ""w_zakresie_bezpiecznym"", ""temperatura_zapłonu"": ""w_zakresie_bezpiecznym"", ""metale_zużyciowe"": ""w_normie"", ""płyn_chłodniczy"": ""brak_wykrycia"", ""paliwo"": ""w_normie"", ""woda"": ""w_normie""}",0,WSKAZÓWKA
P2420590,"Oznaczona lepkość w normie dla klasy SAE 40. Temperatura zapłonu w normie. Poziom metalicznych produktów zużycia oznaczony w badaniu pierwiastków (cząstki o rozmiarach <5µm) w normie. Zawartość paliwa w normie. Własności dyspergujące w normie. Zawartość wody w normie. Liczba zasadowa na bezpiecznym poziomie.

Zalecenia i wnioski:

Wykonać kolejne badanie zgodnie z przyjętym harmonogramem diagnostyki olejowej.","{""lepkość"": ""w_normie"", ""temperatura_zapłonu"": ""w_normie"", ""metale_zużyciowe"": ""w_normie"", ""paliwo"": ""w_normie"", ""woda"": ""w_normie"", ""liczba_zasadowa"": ""w_zakresie_bezpiecznym""}",0,WSKAZÓWKA
P2420597,"Lepkość w zakresie typowym dla klasy SAE 40. Wskaźnik lepkości na poziomie oczekiwanym. Temperatura zapłonu na bezpiecznym poziomie. Liczba zasadowa na wysokim, bezpiecznym poziomie. Własności dyspergujące w normie. Zawartość miedzi na akceptowalnym poziomie. Zawartość pozostałych oznaczonych pierwiastków zużyciowych w normie. Zawartość stałych zanieczyszczeń na dopuszczalnym poziomie. Zawartość wody na dobrym, niskim poziomie. Na widmie w podczerwieni nie stwierdzono charakterystycznych pasm świadczących o zanieczyszczeniu oleju płynem chłodniczym. Nie stwierdzono niepokojąco podwyższonej zawartości pierwiastków świadczących o zanieczyszczeniu oleju płynem chłodniczym. Zawartość ON na dopuszczalnym poziomie.



Zalecenia i wnioski:

Olej kwalifikuje się do dalszej eksploatacji. Zalecana jest obserwacja zmian w kolejnym badaniu po 500mth.","{""lepkość"": ""w_normie"", ""wskaźnik_lepkości"": ""w_normie"", ""temperatura_zapłonu"": ""w_zakresie_bezpiecznym"", ""liczba_zasadowa"": ""w_zakresie_bezpiecznym"", ""miedź"": ""w_akceptowalnym_zakresie"", ""metale_zużyciowe"": ""w_normie"", ""zanieczyszczenia_stałe"": ""w_dopuszczalnym_zakresie"", ""płyn_chłodniczy"": ""brak_wykrycia"", ""olej_napędowy"": ""w_dopuszczalnym_zakresie""}",1,WSKAZÓWKA
P2420888,"Lepkość w zakresie typowym dla klasy SAE 40. Wskaźnik lepkości na poziomie oczekiwanym dla oleju jednosezonowego. Liczba zasadowa na wysokim, bezpiecznym poziomie. Własności dyspergujące w normie. Temperatura zapłonu na wysokim, bezpiecznym poziomie. Lekko podwyższona zawartość miedzi, nie stwierdzono przyrostu w porównaniu do poprzedniej analizy. Pozostałe oznaczone pierwiastki zużyciowe na dopuszczalnym poziomie. Czytelność widma w podczerwieni pogorszona ze względu na zawartość sadzy, jednak nie stwierdzono charakterystycznych pasm wskazujących na zanieczyszczenie oleju płynem chłodniczym. Nie stwierdzono niepokojąco podwyższonej zawartości pierwiastków wskazujących na zanieczyszczenie oleju płynem chłodniczym. Zawartość ON w normie. Zawartość wody w normie.



Zalecenia i wnioski:

Olej kwalifikuje się do dalszej eksploatacji, jednak zalecana jest obserwacja zmian w kolejnym badaniu po 500mth. ","{""lepkość"": ""w_normie"", ""wskaźnik_lepkości"": ""w_normie"", ""liczba_zasadowa"": ""w_zakresie_bezpiecznym"", ""temperatura_zapłonu"": ""w_zakresie_bezpiecznym"", ""metale_zużyciowe"": ""w_dopuszczalnym_zakresie"", ""płyn_chłodniczy"": ""brak_wykrycia"", ""sadza"": ""brak_wykrycia"", ""olej_napędowy"": ""w_normie"", ""woda"": ""w_normie""}",1,WSKAZÓWKA
P2420889,"Lepkość w zakresie typowym dla klasy SAE 40. Wskaźnik lepkości na poziomie oczekiwanym dla oleju jednosezonowego. Liczba zasadowa na wysokim, bezpiecznym poziomie. Własności dyspergujące w normie. Temperatura zapłonu na wysokim, bezpiecznym poziomie. Podwyższona zawartość miedzi, nie stwierdzono przyrostu w porównaniu do poprzedniej analizy. Zawartość pozostałych oznaczonych pierwiastków zużyciowych na dopuszczalnym poziomie. Widmo w podczerwieni nieczytelne ze względu na zawartość sadzy. Nie stwierdzono niepokojąco podwyższonej zawartości pierwiastków wskazujących na zanieczyszczenie oleju płynem chłodniczym. Zawartość ON w normie. Zawartość wody w normie.



Zalecenia i wnioski:

Wskazana jest obserwacja zmian w kolejnym badaniu po 250mth. ","{""lepkość"": ""w_normie"", ""wskaźnik_lepkości"": ""w_normie"", ""liczba_zasadowa"": ""w_zakresie_bezpiecznym"", ""temperatura_zapłonu"": ""w_zakresie_bezpiecznym"", ""metale_zużyciowe"": ""w_dopuszczalnym_zakresie"", ""płyn_chłodniczy"": ""brak_wykrycia"", ""olej_napędowy"": ""w_normie"", ""woda"": ""w_normie""}",1,WSKAZÓWKA
P2420922,"Lepkość w zakresie typowym dla klasy SAE 40. Wskaźnik lepkości lekko poniżej wartości oczekiwanej. Liczba zasadowa na bezpiecznym poziomie. Na widmie w podczerwieni nie stwierdzono charakterystycznych pasm świadczących o zanieczyszczeniu oleju płynem chłodniczym. Zawartość boru oraz molibdenu powyżej wartości referencyjnych, co może sugerować zmieszanie z olejem innego typu lub być pochodną zanieczyszczenia oleju płynem chłodniczym. Zawartość pozostałych pierwiastków kategorii dodatków dobrze koreluje z posiadaną przez nas próbką referencyjną oleju świeżego Fuchs Titan Truck Plus 15W-40. Nie stwierdzono niepokojąco podwyższonej zawartości pierwiastków zużyciowych.  Zawartość wody  w normie. W badaniu chromatografii gazowej nie stwierdzono podwyższonej zawartości ON. Temperatura zapłonu na bezpiecznym poziomie. Własności dyspergujące w normie.



Zalecenia i wnioski:

Zalecana jest obserwacja zmian trendu w kolejnym badaniu po 500mth oraz wymiana oleju zgodnie z przyjętym harmonogramem po 1000mth. ","{""lepkość"": ""w_normie"", ""liczba_zasadowa"": ""w_zakresie_bezpiecznym"", ""płyn_chłodniczy"": ""brak_wykrycia"", ""woda"": ""w_normie"", ""olej_napędowy"": ""brak_wykrycia"", ""temperatura_zapłonu"": ""w_zakresie_bezpiecznym""}",0,WSKAZÓWKA
P2420924,"Lepkość w zakresie typowym dla klasy SAE 40. Wskaźnik lepkości na poziomie oczekiwanym. Nie podaliście Państwo typu eksploatowanego oleju i z tego powodu niemożliwe jest zestawienie liczby zasadowej oraz oznaczonej zawartości dodatków z wartościami parametrów w oleju świeżym, jednak oznaczona liczba zasadowa mieści się w dopuszczalnym zakresie. Zawartość potasu powyżej oczekiwanej, może być pozostałością sprzed wymiany lub być pochodną zanieczyszczenia oleju płynem chłodniczym. Bor oraz molibden mogą wchodzić w skład pakietu dodatków eksploatowanego oleju lub być pozostałością sprzed wymiany lub być pochodną zanieczyszczenia oleju płynem chłodniczym. Na widmie w podczerwieni nie stwierdzono charakterystycznych pasm świadczących o zanieczyszczeniu oleju płynem chłodniczym. Nie stwierdzono niepokojąco podwyższonej zawartości pierwiastków zużyciowych. Zawartość wody  w normie. W badaniu chromatografii gazowej nie stwierdzono podwyższonej zawartości ON. Temperatura zapłonu na bezpiecznym poziomie. Własności dyspergujące w normie.



Zalecenia i wnioski:

Zalecana jest obserwacja zmian trendu w kolejnym badaniu po 500mth oraz wymiana oleju zgodnie z przyjętym harmonogramem po 1000mth. ","{""lepkość"": ""w_normie"", ""wskaźnik_lepkości"": ""w_normie"", ""liczba_zasadowa"": ""w_dopuszczalnym_zakresie"", ""płyn_chłodniczy"": ""brak_wykrycia"", ""woda"": ""w_normie"", ""olej_napędowy"": ""brak_wykrycia"", ""temperatura_zapłonu"": ""w_zakresie_bezpiecznym""}",1,WSKAZÓWKA
P2421028,"Lepkość poniżej dolnego zakresu granicznego dla klasy SAE 40. Temperatura zapłonu na bezpiecznym poziomie. Nie stwierdzono niepokojąco podwyższonej zawartości cząstek zużyciowych. Na widmie w podczerwieni nie stwierdzono charakterystycznych pasm świadczących o zanieczyszczeniu oleju płynem chłodniczym. Własności dyspergujące w normie.

Zalecenia i wnioski:

Proszę zweryfikować, czy olej o danej lepkości może być eksploatowany, w przeciwnym wypadku, wymienić na świeży. Obserwować zmiany w kolejnej analizie.","{""lepkość"": ""w_zakresie_granicznym"", ""temperatura_zapłonu"": ""w_zakresie_bezpiecznym"", ""płyn_chłodniczy"": ""brak_wykrycia""}",1,WSKAZÓWKA
P2421082,"Oznaczona lepkość poniżej zakresu dla klasy SAE 50. Temperatura zapłonu w normie. Liczba zasadowa w normie. Zawartość stałych ciał obcych w normie. Własności dyspergujące w normie. Zawartość wody w normie. Poziom metalicznych produktów zużycia oznaczony w badaniu pierwiastków (cząstki o rozmiarach <5um) w normie. Zawartość paliwa w normie.

Wnioski i zalecenia: 

Jeżeli oznaczona lepkość spełnia wymagania producenta silnika olej warunkowo kwalifikuje się do dalszej eksploatacji. Zalecana jest obserwacja zmian w kolejnym badaniu za 500mth.","{""temperatura_zapłonu"": ""w_normie"", ""liczba_zasadowa"": ""w_normie"", ""stałe_ciała_obce"": ""w_normie"", ""woda"": ""w_normie"", ""metale_zużyciowe"": ""w_normie"", ""paliwo"": ""w_normie""}",1,WSKAZÓWKA
P2421542,"Lepkość w zakresie typowym dla klasy SAE 50. Temperatura zapłonu na bezpiecznym poziomie. Nie stwierdzono niepokojąco podwyższonej zawartości cząstek zużyciowych. Na widmie w podczerwieni nie stwierdzono charakterystyczne zmiany sugerujące lekko podwyższoną zawartość wody. W porównaniu do poprzedniego badania nie stwierdzono przyrostu zawartości potasu i sodu. Zawartość wody w zakresie granicznym. Zawartość ON w normie. Liczba zasadowa na wysokim, bezpiecznym poziomie. Własności dyspergujące lekko pogorszone.



Zalecenia i wnioski:

Olej kwalifikuje się do eksploatacji, jednak wskazana jest obserwacja zmian w kolejnym badaniu nie później niż po 500mth.","{""lepkość"": ""w_normie"", ""temperatura_zapłonu"": ""w_zakresie_bezpiecznym"", ""woda"": ""w_zakresie_granicznym"", ""olej_napędowy"": ""w_normie"", ""liczba_zasadowa"": ""w_zakresie_bezpiecznym""}",1,WSKAZÓWKA
P2421932,"Lepkość w zakresie typowym dla klasy SAE 40. Liczba zasadowa na bezpiecznym poziomie. Na widmie w podczerwieni nie stwierdzono charakterystycznych pasm świadczących o zanieczyszczeniu oleju płynem chłodniczym. Zawartość boru oraz molibdenu powyżej wartości referencyjnych, co może sugerować zmieszanie z olejem innego typu lub być pochodną zanieczyszczenia oleju płynem chłodniczym. Zawartość pozostałych pierwiastków kategorii dodatków dobrze koreluje z posiadaną przez nas próbką referencyjną oleju świeżego Fuchs Titan Truck Plus 15W-40. Nie stwierdzono niepokojąco podwyższonej zawartości pierwiastków zużyciowych. Zawartość paliwa w normie. Własności dyspergujące w normie. Temperatura zapłonu w normie. Zawartość wody w normie.

Zalecenia i wnioski:

Zalecana jest obserwacja zmian trendu w kolejnym badaniu po 500mth oraz wymiana oleju zgodnie z przyjętym harmonogramem po 1000mth.","{""lepkość"": ""w_normie"", ""liczba_zasadowa"": ""w_zakresie_bezpiecznym"", ""płyn_chłodniczy"": ""brak_wykrycia"", ""paliwo"": ""w_normie"", ""temperatura_zapłonu"": ""w_normie"", ""woda"": ""w_normie""}",0,WSKAZÓWKA
P2421934,"Lepkość w zakresie typowym dla klasy SAE 40. Liczba zasadowa na bezpiecznym poziomie. Na widmie w podczerwieni nie stwierdzono charakterystycznych pasm świadczących o zanieczyszczeniu oleju płynem chłodniczym. Zawartość boru oraz molibdenu powyżej wartości referencyjnych, co może sugerować zmieszanie z olejem innego typu lub być pochodną zanieczyszczenia oleju płynem chłodniczym. Zawartość pozostałych pierwiastków kategorii dodatków dobrze koreluje z posiadaną przez nas próbką referencyjną oleju świeżego Fuchs Titan Truck Plus 15W-40. Nie stwierdzono niepokojąco podwyższonej zawartości pierwiastków zużyciowych. Zawartość paliwa w normie. Własności dyspergujące w normie. Temperatura zapłonu w normie. Zawartość wody w normie.

Zalecenia i wnioski:

Zalecana jest obserwacja zmian trendu w kolejnym badaniu po 500mth oraz wymiana oleju zgodnie z przyjętym harmonogramem po 1000mth.","{""lepkość"": ""w_normie"", ""liczba_zasadowa"": ""w_zakresie_bezpiecznym"", ""płyn_chłodniczy"": ""brak_wykrycia"", ""paliwo"": ""w_normie"", ""temperatura_zapłonu"": ""w_normie"", ""woda"": ""w_normie""}",0,WSKAZÓWKA
P2422136,"Lepkość w normie dla oleju klasy SAE 40. Temperatura zapłonu na wysokim, bezpiecznym poziomie. Liczba zasadowa na wysokim, bezpiecznym poziomie. Zawartość oznaczonych pierwiastków zużyciowych w dopuszczalnym zakresie, nie stwierdzono znacznego wzrostu w porównaniu do poprzedniej analizy. Zawartość wody w normie. Widmie w podczerwieni nieczytelne ze względu na zawartość sadzy. Nie stwierdzono niepokojąco podwyższonej zawartości pierwiastków świadczących o zanieczyszczeniu oleju płynem chłodniczym. 

Zalecenia i wnioski:

Zalecana jest wymiana filtru oleju. Proszę obserwować zmiany w następnej analizie po 500mth.","{""lepkość"": ""w_normie"", ""temperatura_zapłonu"": ""w_zakresie_bezpiecznym"", ""liczba_zasadowa"": ""w_zakresie_bezpiecznym"", ""woda"": ""w_normie"", ""płyn_chłodniczy"": ""brak_wykrycia""}",1,WSKAZÓWKA
P2422427,"Płyn jest mętny. Stosunek zawartości glikolu i wody w zakresie granicznym. Pozostałe oznaczone parametry w normie. 

Wnioski i zalecenia:

Obserwować zmiany trendu w następnej analizie. Przeprowadzić kolejne badanie zgodnie z przyjętym harmonogramem diagnostyki olejowej.","{""pozostałe_parametry"": ""w_normie"", ""woda"": ""w_zakresie_granicznym"", ""glikol"": ""w_zakresie_granicznym""}",0,WSKAZÓWKA
P2422436,"Lepkość w granicznym akceptowalnym zakresie dla SAE 40. Widmo podczerwieni FTIR nie wykazuje zanieczyszczenia oleju płynem chłodniczym. Liczba zasadowa na bezpiecznym poziomie. Własności dyspergujące prawidłowe. Zawartość wody w normie.  Zawartość paliwa w oleju w granicznym dopuszczalnym zakresie. Temperatura zapłonu w normie. Zawartość zanieczyszczeń oznaczonych w badaniu pierwiastków (cząstki <5 mikronów) w zakresie prawidłowym. Poziom metalicznych cząstek zużyciowych (<5 mikronów) oznaczonych w badaniu pierwiastków w normie. Indeks PQ, informujący o zawartości cząstek ferromagnetycznych (bez względu na rozmiar) w normie. 

Wnioski i zalecenia:

Obserwować trend w kolejnych badaniach. Następną analizę przeprowadzić nie później niż za 500 mth. ","{""lepkość"": ""w_akceptowalnym_zakresie"", ""liczba_zasadowa"": ""w_zakresie_bezpiecznym"", ""woda"": ""w_normie"", ""paliwo"": ""w_dopuszczalnym_zakresie"", ""temperatura_zapłonu"": ""w_normie"", ""metale_zużyciowe"": ""w_normie"", ""pq_indeks"": ""w_normie""}",0,WSKAZÓWKA
P2500013,"Poziom zanieczyszczeń (cząstki <5 mikronów) oznaczonych w badaniu pierwiastków w normie, skokowy wzrost zawartości krzemu. Poziom zużyciowych cząstek metalicznych (<5 mikronów) oznaczonych w badaniu pierwiastków w zakresie prawidłowym. Podwyższona zawartość ołowiu jest pochodną paliwa lotniczego, co typowe dla tłokowych silników lotniczych. 

Wnioski i zalecenia:

Zaleca się przeprowadzenie kontroli układu doprowadzania powietrza lub/i wymianę filtra powietrzna silnika. Obserwować trend w kolejnych badaniach. Następną analizę przeprowadzić za 25 mth.","{""krzem"": ""w_normie""}",1,WSKAZÓWKA
P2500554,"Widmo w podczerwieni i pierwiastki dodatków uszlachetniających odbiegają od innych próbek oleju Lotos Oil Superol Falco CD 15W40 w naszej bazie. Oznaczona lepkość w normie dla oleju klasy SAE 40. Wskaźnik lepkości powyżej wartości deklarowanej przez producenta. Temperatura zapłonu w normie. Poziom metalicznych produktów zużycia oznaczony w badaniu pierwiastków (cząstki o rozmiarach <5µm) w normie. Na widmie w podczerwieni brak charakterystycznych zmian świadczących o zanieczyszczeniu oleju płynem chłodniczym. Zawartość paliwa w normie. Liczba zasadowa w normie. Własności dyspergujące w normie. Zawartość wody w normie.

Zalecenia i wnioski:

Proszę zweryfikować nazwę zastosowanego oleju. Proszę obserwować zmiany w następnej analizie. Wykonać kolejne badanie zgodnie z przyjętym harmonogramem diagnostyki olejowej.","{""lepkość"": ""w_normie"", ""temperatura_zapłonu"": ""w_normie"", ""metale_zużyciowe"": ""w_normie"", ""paliwo"": ""w_normie"", ""liczba_zasadowa"": ""w_normie"", ""woda"": ""w_normie""}",0,WSKAZÓWKA
P2500626,"Oznaczona lepkość w normie dla klasy SAE 40. Temperatura zapłonu w normie. Zawartość miedzi podwyższona, w zakresie granicznym. Poziom pozostałych metalicznych produktów zużycia oznaczony w badaniu pierwiastków (cząstki o rozmiarze <5 um) w normie. Zawartość paliwa w normie. Liczba zasadowa w normie. Własności dyspergujące w normie. Zawartość wody w normie.

Wnioski i zalecenia: 

Proszę obserwować zmiany w następnej analizie, przeprowadzić kolejne badanie oleju za 500h pracy, licząc od chwili pobrania aktualnej próbki.","{""lepkość"": ""w_normie"", ""temperatura_zapłonu"": ""w_normie"", ""miedź"": ""w_zakresie_granicznym"", ""metale_zużyciowe"": ""w_normie"", ""paliwo"": ""w_normie"", ""liczba_zasadowa"": ""w_normie"", ""woda"": ""w_normie""}",1,WSKAZÓWKA
P2500691,"Lepkość ponizej zakresu typowego dla klasy SAE 40. Wskaźnik lepkości na poziomie oczekiwanym. Własności dyspergujące w normie. Liczba zasadowa na akceptowalnym poziomie. Oznaczony pakiet dodatków jest typowy dla oleju Shell Rimula R4L 15W-40. Nie stwierdzono niepokojąco podwyższonej zawartości metalicznych produktów zużycia (oznaczonej w badaniu pierwiastków, cząstki o rozmiarach <5µm). Nie stwierdzono niepokojąco podwyższonej zawartości pierwiastków wskazujących na zanieczyszczenie oleju płynem chłodniczym. Na widmie w podczerwieni nie stwierdzono charakterystycznych zmian świadczących o zanieczyszczeniu oleju płynem chłodniczym, stwierdzono pasma sugerujące wysoką zawartość biokomponentów ON. W badaniu chromatografii gazowej stwierdzono wysoką zawartość komponentów ON. Zawartość wody w normie.



Zalecenia i wnioski:

Nie stwierdzono niepokojąco podwyższonej zawartości cząstek zużyciowych. Zalecana jest wykonanie kolejnego badania po 250mth w celu obserwacji zmian trendu zmian lepkości oleju. Proszę przeprowadzić wymianę oleju na świeży zgodnie z przyjętym harmonogramem.   ","{""lepkość"": ""w_normie"", ""wskaźnik_lepkości"": ""w_normie"", ""liczba_zasadowa"": ""w_akceptowalnym_zakresie"", ""płyn_chłodniczy"": ""brak_wykrycia"", ""olej_napędowy"": ""brak_wykrycia"", ""woda"": ""w_normie""}",2,WSKAZÓWKA
P2500709,"Oznaczona lepkość w normie dla klasy SAE 40. Rezerwa alkaliczna (wzajemna korelacja liczby zasadowej i liczby kwasowej) w zakresie granicznym. Parametr i-pH na poziomie akceptowalnym. Poziom metalicznych produktów zużycia oznaczony w badaniu pierwiastków (cząstki o rozmiarach <5 µm) w normie. Zawartość paliwa poniżej poziomu detekcji. Własności dyspergujące w normie. Zawartość wody w normie. Temperatura zapłonu w normie. 

Zalecenia i wnioski:

Zalecane jest przeprowadzenie kolejnego badania za 300 godzin pracy slnika.","{""lepkość"": ""w_normie"", ""liczba_kwasowa"": ""w_zakresie_granicznym"", ""liczba_zasadowa"": ""w_zakresie_granicznym"", ""rezerwa_alkaliczna"": ""w_zakresie_granicznym"", ""ph"": ""w_akceptowalnym_zakresie"", ""metale_zużyciowe"": ""w_normie"", ""woda"": ""w_normie"", ""temperatura_zapłonu"": ""w_normie""}",1,WSKAZÓWKA
P2500931,"Oznaczona lepkość w normie dla klasy SAE 40. Rezerwa alkaliczna (wzajemna korelacja liczby zasadowej i liczby kwasowej) na bezpiecznym poziomie. Nastąpił wyraźny wzrost zawartości boru i sodu przy małej ilości przepracowanych godzin - pierwiastki są typowe dla inhibitorów korozji płynów chłodniczych. Poziom metalicznych produktów zużycia oznaczony w badaniu pierwiastków (cząstki o rozmiarach <5 µm) w normie. Indeks PQ informujący o zawartości cząstek ferromagnetycznych (niezależnie od rozmiaru cząstek) w normie. Zawartość paliwa poniżej poziomu detekcji. Własności dyspergujące w normie. Zawartość wody w normie. Temperatura zapłonu w normie.

Zalecenia i wnioski:

Wskazana jest kontrola szczelności układu chłodzenia silnika. ","{""lepkość"": ""w_normie"", ""liczba_kwasowa"": ""w_zakresie_bezpiecznym"", ""liczba_zasadowa"": ""w_zakresie_bezpiecznym"", ""rezerwa_alkaliczna"": ""w_zakresie_bezpiecznym"", ""metale_zużyciowe"": ""w_normie"", ""pq_indeks"": ""w_normie"", ""woda"": ""w_normie"", ""temperatura_zapłonu"": ""w_normie""}",2,UWAGA
P2500943,"Oznaczona lepkość poniżej normy dla klasy SAE 40. Temperatura zapłonu na poziomie akceptowalnym. Poziom metalicznych produktów zużycia oznaczony w badaniu pierwiastków w normie.

Zalecenia i wnioski:

Proszę zweryfikować czy olej o danej lepkości może być eksploatowany, w przeciwnym razie wymienić na świeży. W przypadku dalszej eksploatacji proszę wykonać kolejne badanie za 500 mth pracy silnika.","{""temperatura_zapłonu"": ""w_akceptowalnym_zakresie"", ""metale_zużyciowe"": ""w_normie""}",2,WSKAZÓWKA
P2501034,"Lepkość lekko powyżej zakresu typowego dla klasy SAE 40. Liczba zasadowa na wysokim, bezpiecznym poziomie. Oznaczony pakiet dodatków jest typowy dla oleju Total Disola MR 4015. Temperatura zapłonu na wysokim, bezpiecznym poziomie. W porównaniu do poprzedniej analizy nie stwierdzono przyrostu zawartości cząstek zużyciowych. Widmo w podczerwieni nieczytelne. Nie stwierdzono niepokojąco podwyższonej zawartości pierwiastków świadczących o zanieczyszczeniu oleju płynem chłodniczym. Zawartość wody w normie. 

Zalecenia i wnioski:

Wyniki przeprowadzonych badań świadczą o wysokiej zawartości sadzy w oleju. Nie stwierdzono niepokojąco podwyższonej zawartości paliwa w dostarczonej próbce. Wskazana jest wymiana filtru oleju. Proszę obserwować zmiany w kolejnym badaniu nie później niż po 500mth.","{""liczba_zasadowa"": ""w_zakresie_bezpiecznym"", ""temperatura_zapłonu"": ""w_zakresie_bezpiecznym"", ""płyn_chłodniczy"": ""brak_wykrycia"", ""woda"": ""w_normie""}",1,WSKAZÓWKA
P2501035,"Lepkość w zakresie typowym dla klasy SAE 40. Wskaźnik lepkości zgodny z wartością deklarowaną przez producenta oleju. Temperatura zapłonu na wysokim, bezpiecznym poziomie. Oznaczony pakiet dodatków jest typowy dla oleju Shell Rimula R6 LM 10W-40. Liczba zasadowa na bezpiecznym poziomie. Własności dyspergujące w normie, jednak stwierdzono podwyższony indeks zanieczyszczeń. Nie stwierdzono niepokojąco podwyższonej zawartości cząstek zużyciowych. Zawartość stałych zanieczyszczeń (oznaczona na sączku membranowym) w normie. Zawartość wody w normie. Na widmie w podczerwieni nie stwierdzono charakterystycznych pasm świadczących o zanieczyszczeniu oleju płynem chłodniczym. Nie stwierdzono niepokojąco podwyższonej zawartości pierwiastków sugerujących zanieczyszczenie oleju płynem chłodniczym. W badaniu chromatografii gazowej nie stwierdzono niepokojąco podwyższonej zawartości ON.





Zalecenia i wnioski:

Oznaczone parametry mieszczą się w dopuszczalnych zakresach. Proszę obserwować zmiany w kolejnym badaniu zgodnie z przyjętym harmonogramem. ","{""lepkość"": ""w_normie"", ""temperatura_zapłonu"": ""w_zakresie_bezpiecznym"", ""liczba_zasadowa"": ""w_zakresie_bezpiecznym"", ""zanieczyszczenia_stałe"": ""w_normie"", ""własności_filtrujące"": ""w_normie"", ""woda"": ""w_normie"", ""płyn_chłodniczy"": ""brak_wykrycia"", ""olej_napędowy"": ""brak_wykrycia""}",0,WSKAZÓWKA
P2501282,"Lepkość oleju zgodna z klasą SAE 40. Widmo podczerwieni FITR odpowiada referencji, nie wykazuje pasm charakterystycznych dla zanieczyszczenia oleju płynem chłodniczym. Zawartość paliwa w normie. Liczba zasadowa na bezpiecznym poziomie. Zawartość wody w normie. Temperatura zapłonu w normie. Zawartość miedzi w granicznym zakresie dopuszczalnym. Poziom pozostałych produktów zużycia (cząstki <5 mikronów) oznaczonych w badaniu pierwiastków w zakresie prawidłowym. 

Wnioski i zalecenia:

Obserwować trend w kolejnych badaniach. Następną analizę przeprowadzić za 500 mth. ","{""paliwo"": ""w_normie"", ""liczba_zasadowa"": ""w_zakresie_bezpiecznym"", ""woda"": ""w_normie"", ""temperatura_zapłonu"": ""w_normie"", ""miedź"": ""w_dopuszczalnym_zakresie""}",1,WSKAZÓWKA
P2501412,"Lepkość w zakresie typowym dla klasy SAE 40. Wskaźnik lepkości na poziomie oczekiwanym. Liczba zasadowa na bezpiecznym poziomie. Własności dyspergujące w normie. Temperatura zapłonu na wysokim, bezpiecznym poziomie. Zawartość dodatków jest niższa niż oczekiwana. Widmo w podczerwieni odbiega od posiadanej przez nas referencji oleju świeżego Total Disola MR 4015, co sugeruje zmieszanie z olejem innego typu. Nie stwierdzono niepokojąco podwyższonej zawartości cząstek zużyciowych. Nie stwierdzono niepokojąco podwyższonej zawartości pierwiastków wskazujących na zanieczyszczenie oleju płynem chłodniczym. Na widmie w podczerwieni nie stwierdzono zmian świadczących o zanieczyszczeniu oleju płynem chłodniczym. Zawartość wody w normie. W badaniu chromatografii gazowej nie stwierdzono podwyższonej zawartości ON.





Zalecenia i wnioski:

Olej warunkowo kwalifikuje się do eksploatacji. Zalecana jest obserwacja zmian w kolejnej analizie po 250mth.","{""lepkość"": ""w_normie"", ""wskaźnik_lepkości"": ""w_normie"", ""liczba_zasadowa"": ""w_zakresie_bezpiecznym"", ""temperatura_zapłonu"": ""w_zakresie_bezpiecznym"", ""płyn_chłodniczy"": ""brak_wykrycia"", ""woda"": ""w_normie"", ""olej_napędowy"": ""brak_wykrycia""}",0,WSKAZÓWKA
P2501700,"Lepkość w zakresie typowym dla klasy SAE 40. Wskaźnik lepkości na poziomie oczekiwanym. Liczba zasadowa na wysokim, bezpiecznym poziomie. Własności dyspergujące pogorszone. Temperatura zapłonu na wysokim, bezpiecznym poziomie. Zawartość cząstek zużyciowych w normie. Czytelność widma w podczerwieni pogorszona ze względu na zawartość sadzy, jednak nie stwierdzono charakterystycznych pasm świadczących o zanieczyszczeniu oleju płynem chłodniczym. Nie stwierdzono niepokojąco podwyższonej zawartości pierwiastków wskazujących zanieczyszczenie oleju płynem chłodniczym. Zawartość stałych zanieczyszczeń w normie. Zawartość wody w normie. 

Zalecenia i wnioski:

Olej kwalifikuje się do eksploatacji, jednak zalecana jest obserwacja zmian w kolejnym badaniu nie później niż po 500mth.","{""lepkość"": ""w_normie"", ""wskaźnik_lepkości"": ""w_normie"", ""liczba_zasadowa"": ""w_zakresie_bezpiecznym"", ""temperatura_zapłonu"": ""w_zakresie_bezpiecznym"", ""metale_zużyciowe"": ""w_normie"", ""płyn_chłodniczy"": ""brak_wykrycia"", ""sadza"": ""brak_wykrycia"", ""zanieczyszczenia_stałe"": ""w_normie"", ""woda"": ""w_normie""}",1,WSKAZÓWKA
P2501780,"Lepkość w normie dla oleju klasy SAE 40. Widmo podczerwieni FTIR nie wskazuje na zanieczyszczenie oleju płynem chłodniczym. Zawartość paliwa w granicznym akceptowalnym zakresie. Liczba zasadowa na bezpiecznym, wysokim poziomie. Własności dyspergujące w normie. Temperatura zapłonu w normie. Zawartość wody w zakresie prawidłowym. Poziom cząstek zużyciowych (<5 mikronów) oznaczonych w badaniu pierwiastków w normie. 

Wnioski i zalecenia:

Obserwować trend w kolejnych badaniach. Następną analizę przeprowadzić za 500 mth.","{""lepkość"": ""w_normie"", ""paliwo"": ""w_akceptowalnym_zakresie"", ""temperatura_zapłonu"": ""w_normie"", ""metale_zużyciowe"": ""w_normie""}",0,WSKAZÓWKA
P2501968,"Lepkość w zakresie typowym dla klasy SAE 40. Wskaźnik lepkości na poziomie oczekiwanym. Temperatura zapłonu na bezpiecznym poziomie. Liczba zasadowa na bezpiecznym poziomie. Zawartość wody w normie. Nie stwierdzono niepokojąco podwyższonej zawartości cząstek zużyciowych. Własności dyspergujące w normie. Na widmie w podczerwieni nie stwierdzono zmian świadczących o zanieczyszczeniu oleju płynem chłodniczym. Nie stwierdzono niepokojąco podwyższonej zawartości pierwiastków świadczącej o zanieczyszczeniu oleju płynem chłodniczym. W badaniu chromatografii gazowej nie stwierdzono niepokojąco podwyższonej zawartości ON. 

Zalecenia i wnioski:

Oznaczone parametry mieszczą się w dopuszczalnych zakresach. Proszę obserwować zmiany w następnej analizie. Wykonać kolejne badanie zgodnie z przyjętym harmonogramem diagnostyki olejowej.","{""lepkość"": ""w_normie"", ""wskaźnik_lepkości"": ""w_normie"", ""temperatura_zapłonu"": ""w_zakresie_bezpiecznym"", ""liczba_zasadowa"": ""w_zakresie_bezpiecznym"", ""woda"": ""w_normie"", ""płyn_chłodniczy"": ""brak_wykrycia"", ""olej_napędowy"": ""brak_wykrycia""}",1,WSKAZÓWKA
P2502065,"Oznaczona lepkość wskazuje na lepkość klasy SAE 40, bądź może być wynikiem zmieszania olejów o różnych klasach. Wskaźnik lepkości odbiega od deklarowanego przez producenta oleju. Zawartość stałych ciał obcych w normie. Liczba zasadowa na bezpiecznym poziomie. Widmo podczerwieni FTIR odpowiada referencji. Własności dyspergujące prawidłowe. Temperatura zapłonu w normie. Zawartość wody w normie. Zawartość zanieczyszczeń (cząstki <5 mikronów) oznaczonych w badaniu pierwiastków w normie. Poziom cząstek metalicznych ( <5 mikronów) oznaczonych w badaniu pierwiastków w zakresie akceptowalnym. Indeks PQ, informujący o zawartości cząstek ferromagnetycznych (bez względu na rozmiar) w normie. 

Wnioski i zalecenia:

Proszę zweryfikować informacje dot. stosowanego środka smarnego. Wykonać kolejne badanie zgodnie z harmonogramem diagnostyki.","{""stałe_ciała_obce"": ""w_normie"", ""liczba_zasadowa"": ""w_zakresie_bezpiecznym"", ""temperatura_zapłonu"": ""w_normie"", ""woda"": ""w_normie"", ""metale_zużyciowe"": ""w_akceptowalnym_zakresie"", ""pq_indeks"": ""w_normie""}",0,WSKAZÓWKA
P2502078,"Oznaczona lepkość poniżej zakresu dolnego dla klasy SAE 40. Temperatura zapłonu w normie. Poziom metalicznych produktów zużycia oznaczony w badaniu pierwiastków (cząstki o rozmiarze <5 mikronów) w normie. Zawartość paliwa w normie. Własności dyspergujące w normie. Zawartość wody w normie. Liczba zasadowa w normie
Zalecenia i wnioski:
Upewnić się, że olej o danej lepkości może być eksploatowany. Przeprowadzić kolejne badanie zgodnie z przyjętym harmonogramem diagnostyki.","{""temperatura_zapłonu"": ""w_normie"", ""metale_zużyciowe"": ""w_normie"", ""paliwo"": ""w_normie"", ""woda"": ""w_normie"", ""liczba_zasadowa"": ""w_normie""}",1,WSKAZÓWKA
P2502081,"Lepkość w zakresie typowym dla klasy SAE 40. Wskaźnik lepkości na poziomie oczekiwanym dla oleju Total Disola MR 4015. Oznaczony pakiet dodatków jest typowy dla oleju  Total Disola MR 4015. Temperatura zapłonu na bezpiecznym poziomie.  Liczba zasadowa na wysokim, bezpiecznym poziomie. Własności dyspergujące lekko poniżej wartości oczekiwanej. Nie stwierdzono niepokojąco podwyższonej zawartości cząstek zużyciowych. Zawartość wody w normie. Na widmie w podczerwieni nie stwierdzono charakterystycznych zmian świadczących o zanieczyszczeniu oleju płynem chłodniczym. Nie stwierdzono niepokojąco podwyższonej zawartości pierwiastków typowych dla zanieczyszczenie oleju płynem chłodniczym. W badaniu chromatografii gazowej nie stwierdzono podwyższonej zawartości komponentów ON. 



Zalecenia i wnioski:

roszę obserwować zmiany w kolejnym badaniu. Zalecane jest przeprowadzenie następnej analizy nie później niż po 500mth.  ","{""lepkość"": ""w_normie"", ""wskaźnik_lepkości"": ""w_normie"", ""temperatura_zapłonu"": ""w_zakresie_bezpiecznym"", ""liczba_zasadowa"": ""w_zakresie_bezpiecznym"", ""woda"": ""w_normie"", ""płyn_chłodniczy"": ""brak_wykrycia"", ""olej_napędowy"": ""brak_wykrycia""}",1,WSKAZÓWKA
P2503050,"Poziom metalicznych produktów zużycia oznaczony w badaniu pierwiastków (cząstki o rozmiarze <5 mikronów) w normie, jednak przy bardzo małej ilości przepracowanych godzin. Podwyższony poziom ołowiu pochodzi z paliwa lotniczego i jest to sytuacja normalna dla tego typu tłokowych silników lotniczych.    

Wnioski i zalecenia:

W celu weryfikacji dynamiki zużycia przeprowadzić kolejne badanie przynajmniej po 25 godzinach pracy silnika. ","{""metale_zużyciowe"": ""w_normie""}",0,WSKAZÓWKA
P2503270,"Zawartość dodatków uszlachetniających, a w szczególności zawartość cynku, jest niezgodna z posiadanymi w naszej bazie danymi oleju Ibis RDEO LA (olej bezcynkowy) i wskazuje na to, że w użyciu jest inny olej, lub nastąpiło zmieszanie. Oznaczona lepkość w normie dla oleju klasy SAE 40. Rezerwa alkaliczna na bezpiecznym poziomie. Temperatura zapłonu w normie. Zawartość wody w normie. Poziom metalicznych produktów zużycia oznaczony w badaniu pierwiastków (cząstki o rozmiarze <5 mikronów) nie świadczy o niepokojących procesach zużyciowych w obrębie układu smarnego.

Wnioski i zalecenia:

Proszę zweryfikować informacje dot. stosowanego środka smarnego i przeanalizować możliwość zmieszania. W razie konieczności wymienić olej na świeży zgodny z DTR producenta. W przypadku dalszej eksploatacji, proszę obserwować zmiany w kolejnej analizie, wykonanej zgodnie z harmonogramem diagnostyki.","{""lepkość"": ""w_normie"", ""rezerwa_alkaliczna"": ""w_zakresie_bezpiecznym"", ""temperatura_zapłonu"": ""w_normie"", ""woda"": ""w_normie""}",1,WSKAZÓWKA
