Lab_Number,sample_description,parser_output,prediction,ground_truth
P1400003,W efekcie zużycia i/lub korozji poziom miedzi lekko podwyższony. Własności reologiczne w normie.  Odczyn pH obniżony - nie krytycznie. Liczba kwasowa podwyższona. Liczba zasadowa poniżej poziomu dopuszczalnego. Zalecenia i wnioski: Wymienić olej na świeży.  Dostosować częstotliwość badań oleju do zaleceń wynikających z aktualnego stanu oleju  i/lub specyfikacji producenta urządzenia.,"{""miedź"": ""lekko_podniesiony"", ""lepkość"": ""w_normie"", ""ph"": ""obniżony"", ""liczba_kwasowa"": ""podniesiony"", ""liczba_zasadowa"": ""obniżony""}",2,UWAGA
P1501659,"PQ indeks informujący o magnetycznych cząstkach zużyciowych (żelazny ścier) w 
normie. W efekcie zużycia poziom żelaza pierwiastkowego (cząstki <5um) 
podwyższony, trend stabilny.  Poziom krzemu podwyższony, wskazuje na kurz i/lub 
elastyczne uszczelnienia, pasty montażowe, smar na bazie silikonów, trend 
stabilny. W efekcie zużycia komponentów silnika podwyższony poziom miedzi i 
antymonu (np. brąz, mosiądz,  łożyska ślizgowe) i ołowiu (np. łożyska ślizgowe, 
łożyska korbowodu), stabilny trend.  Poziom sodu lekko podwyższony, w 
porównaniu z ostatnim badaniem nastąpił znaczny spadek.

Zalecenia i wnioski:
W celu śledzenia trendu zmian zalecamy prowadzić regularny monitoring 
własności fizykochemicznych oleju, co 500-1000h pracy.","{""pq_indeks"": ""w_normie"", ""żelazo"": ""podniesiony"", ""krzem"": ""podniesiony"", ""miedź"": ""podniesiony"", ""sód"": ""lekko_podniesiony""}",1,W NORMIE
P1503411,"Zawartość wody w normie. Poziom miedzi  podniesiony.  Oznaczona lepkość w 
normie. Nie stwierdzono zanieczyszczenia  glikolem. Temperatura zapłonu w 
normie. Zawartość paliwa lekko podniesiona, w granicach normy.

Wnioski i zalecenia:  
Wszystkie oznaczone parametry znajdują się w dopuszczalnym przedziale. Proszę 
obserwować zmiany w następnej analizie.  Wykonać badanie kolejnej próbki 
zgodnie z przyjętym programem diagnostyki olejowej.","{""woda"": ""w_normie"", ""miedź"": ""podniesiony"", ""lepkość"": ""w_normie"", ""glikol"": ""brak_wykrycia"", ""temperatura_zapłonu"": ""w_normie"", ""paliwo"": ""lekko_podniesiony""}",2,W NORMIE
P1503735,"Oznaczona lepkość w normie. Temperatura zapłonu nieznacznie poniżej wymagań. 
Poziom krzemu lekko podniesiony, mieści się jednak w zakresie dopuszczalnym. 
Wszystkie pozostałe oznaczenia w normie.

Zalecenia i wnioski:
Proszę obserwować zmiany w następnej analizie. W celu obserwacji trendu 
wykonać badanie kolejnej zgodnie z przyjętym programem diagnostyki olejowej.","{""lepkość"": ""w_normie"", ""temperatura_zapłonu"": ""obniżony"", ""krzem"": ""lekko_podniesiony""}",1,W NORMIE
P1600135,"Poziom metalicznych produktów zużycia w normie. Poziom krzemu podniesiony, 
wskazuje na komponenty biogazu i/lub kurz z otoczenia, elastyczne 
uszczelniania, materiały montażowe, bądź smar na bazie silikonu. Oznaczona 
lepkość w normie. Rezerwa alkaliczna (liczba zasadowa) w normie. Liczba kwasowa 
lekko podniesiona.

Zalecenia i wnioski:
Olej kwalifikuje się do dalszej eksploatacji, wykonać badanie kolejnej próbki 
zgodnie z przyjętym programem diagnostyki olejowej, nie później niż za 200h 
pracy.","{""metale_zużyciowe"": ""w_normie"", ""krzem"": ""podniesiony"", ""lepkość"": ""w_normie"", ""liczba_zasadowa"": ""w_normie"", ""rezerwa_alkaliczna"": ""w_normie"", ""liczba_kwasowa"": ""lekko_podniesiony""}",2,W NORMIE
P1600880,"Zawartość wody w normie. Poziom metalicznych produktów zużycia oznaczony w 
badaniu pierwiastków (cząstki o rozmiarach <5um) w normie. Indeks PQ, 
informujący o magnetycznych ferrocząstkach (niezależnie od rozmiaru cząstek) w 
normie. Oznaczona lepkość w normie. Liczba kwasowa lekko podniesiona. Liczba 
zasadowa w normie. Nie stwierdzono niepokojącej oksydacji oleju.

Wnioski i zalecenia:  
Proszę obserwować zmiany w następnej analizie. Wykonać kolejne badanie zgodnie 
z przyjętym harmonogramem diagnostyki olejowej.","{""woda"": ""w_normie"", ""metale_zużyciowe"": ""w_normie"", ""pq_indeks"": ""w_normie"", ""lepkość"": ""w_normie"", ""liczba_kwasowa"": ""lekko_podniesiony"", ""liczba_zasadowa"": ""w_normie"", ""oksydacja"": ""brak_wykrycia""}",0,W NORMIE
P1600897,"Poziom metalicznych produktów zużycia oznaczony w badaniu pierwiastków 
(cząstki o rozmiarach <5um) w normie. Poziom krzemu podwyższony, 
może pochodzić z komponentów  biogazu i/lub wskazywać na kurz z 
otoczenia i/lub elastyczne uszczelniania, materiały 
montażowe, bądź olej/smar na bazie silikonu, trend stabilny. Zawartość wody w 
normie.
Oznaczona lepkość w normie. Liczba zasadowa lekko obniżona. Liczba 
kwasowa lekko podniesiona. Nie stwierdzono niepokojącej oksydacji.

Wnioski i zalecenia:
Olej kwalifikuje się do dalszej eksploatacji. Prowadzić regularny 
monitoring własności fizykochemicznych oleju. Przysłać do badania 
kolejną próbkę oleju nie później niż po 250h pracy","{""metale_zużyciowe"": ""w_normie"", ""krzem"": ""podniesiony"", ""woda"": ""w_normie"", ""lepkość"": ""w_normie"", ""liczba_zasadowa"": ""lekko_obniżony"", ""liczba_kwasowa"": ""lekko_podniesiony"", ""oksydacja"": ""brak_wykrycia""}",2,W NORMIE
P1600910,"Poziom metalicznych produktów zużycia w normie.  Poziom krzemu lekko 
podniesiony, wskazuje na komponenty biogazu i/lub kurz z otoczenia, elastyczne 
uszczelniania, materiały montażowe, bądź smar na bazie silikonu. Oznaczona 
lepkość kinematyczna w normie. Rezerwa alkaliczna (liczba zasadowa) w normie. 
Liczba kwasowa lekko podniesiona.

Zalecenia i wnioski:
Olej kwalifikuje się do dalszej eksploatacji, wykonać badanie kolejnej próbki 
zgodnie z przyjętym programem diagnostyki olejowej, nie później niż za 200h 
pracy.","{""metale_zużyciowe"": ""w_normie"", ""krzem"": ""lekko_podniesiony"", ""lepkość"": ""w_normie"", ""liczba_zasadowa"": ""w_normie"", ""rezerwa_alkaliczna"": ""w_normie"", ""liczba_kwasowa"": ""lekko_podniesiony""}",0,W NORMIE
P1600914,"Poziom metalicznych produktów zużycia w normie. Poziom krzemu lekko 
podniesiony, wskazuje na komponenty biogazu i/lub kurz z otoczenia, elastyczne 
uszczelniania, materiały montażowe. Oznaczona lepkość w normie. Rezerwa 
alkaliczna (liczba zasadowa) w normie. Liczba kwasowa w normie.

Zalecenia i wnioski:
Obserwować zmiany w następnej analizie. Wykonać badanie kolejnej próbki za 
200h pracy.","{""metale_zużyciowe"": ""w_normie"", ""krzem"": ""lekko_podniesiony"", ""lepkość"": ""w_normie"", ""liczba_zasadowa"": ""w_normie"", ""rezerwa_alkaliczna"": ""w_normie"", ""liczba_kwasowa"": ""w_normie""}",0,W NORMIE
P1601268,"Poziom metalicznych produktów zużycia w normie, oznaczone metale zużyciowe 
wykazują stabilny trend. Poziom krzemu lekko podniesiony,  trend stabilny, 
wskazuje na komponenty biogazu i/lub kurz z otoczenia, elastyczne 
uszczelniania, materiały montażowe, bądź smar na bazie silikonu. Lepkość 
kinematyczna w normie. Liczba zasadowa w normie. Liczba kwasowa podniesiona, 
trend stabilny.

Zalecenia i wnioski:
Olej kwalifikuje się do dalszej eksploatacji, wykonać badanie kolejnej próbki 
zgodnie z przyjętym programem diagnostyki olejowej, nie później niż za 200h 
pracy.","{""metale_zużyciowe"": ""w_normie"", ""krzem"": ""lekko_podniesiony"", ""lepkość"": ""w_normie"", ""liczba_zasadowa"": ""w_normie"", ""liczba_kwasowa"": ""podniesiony""}",0,W NORMIE
P1601269,"Poziom metalicznych produktów zużycia w normie, oznaczone metale zużyciowe 
wykazują stabilny trend. Poziom krzemu lekko podniesiony,  trend stabilny, 
wskazuje na komponenty biogazu i/lub kurz z otoczenia, elastyczne 
uszczelniania, materiały montażowe, bądź smar na bazie silikonu. Lepkość 
kinematyczna w normie. Liczba zasadowa w normie. Liczba kwasowa podniesiona, 
trend stabilny.

Zalecenia i wnioski:
Olej kwalifikuje się do dalszej eksploatacji, wykonać badanie kolejnej próbki 
zgodnie z przyjętym programem diagnostyki olejowej, nie później niż za 200h 
pracy.","{""metale_zużyciowe"": ""w_normie"", ""krzem"": ""lekko_podniesiony"", ""lepkość"": ""w_normie"", ""liczba_zasadowa"": ""w_normie"", ""liczba_kwasowa"": ""podniesiony""}",0,W NORMIE
P1601270,"Poziom metalicznych produktów zużycia w normie, oznaczone metale zużyciowe 
wykazują stabilny trend. Poziom krzemu lekko podniesiony,  trend stabilny, 
wskazuje na komponenty biogazu i/lub kurz z otoczenia, elastyczne 
uszczelniania, materiały montażowe, bądź smar na bazie silikonu. Lepkość 
kinematyczna w normie. Liczba zasadowa w normie. Liczba kwasowa podniesiona.

Zalecenia i wnioski:
Olej kwalifikuje się do dalszej eksploatacji, wykonać badanie kolejnej próbki 
zgodnie z przyjętym programem diagnostyki olejowej, nie później niż za 200h 
pracy.","{""metale_zużyciowe"": ""w_normie"", ""krzem"": ""lekko_podniesiony"", ""lepkość"": ""w_normie"", ""liczba_zasadowa"": ""w_normie"", ""liczba_kwasowa"": ""podniesiony""}",0,W NORMIE
P1601271,"Poziom metalicznych produktów zużycia w normie. Poziom krzemu lekko 
podniesiony, wskazuje na komponenty biogazu i/lub kurz z otoczenia, elastyczne 
uszczelniania, materiały montażowe, bądź smar na bazie silikonu. Lepkość 
kinematyczna w normie. Liczba zasadowa w normie.

Zalecenia i wnioski:
Olej kwalifikuje się do dalszej eksploatacji, wykonać badanie kolejnej próbki 
zgodnie z przyjętym programem diagnostyki olejowej, nie później niż za 200h 
pracy.","{""metale_zużyciowe"": ""w_normie"", ""krzem"": ""lekko_podniesiony"", ""lepkość"": ""w_normie"", ""liczba_zasadowa"": ""w_normie""}",0,W NORMIE
P1601594,"Poziom metalicznych produktów zużycia w normie. Poziom krzemu lekko 
podniesiony, wskazuje na komponenty biogazu i/lub kurz z otoczenia, elastyczne 
uszczelniania, materiały montażowe, bądź smar na bazie silikonu. Lepkość 
kinematyczna w normie. Liczba kwasowa podniesiona. Liczba zasadowa w normie.

Zalecenia i wnioski:
Olej kwalifikuje się do dalszej eksploatacji, wykonać badanie kolejnej próbki 
zgodnie z przyjętym programem diagnostyki olejowej, nie później niż za 200h 
pracy.","{""metale_zużyciowe"": ""w_normie"", ""krzem"": ""lekko_podniesiony"", ""lepkość"": ""w_normie"", ""liczba_kwasowa"": ""podniesiony"", ""liczba_zasadowa"": ""w_normie""}",2,W NORMIE
P1601595,"Poziom metalicznych produktów zużycia w normie. Poziom krzemu lekko 
podniesiony, wskazuje na komponenty biogazu i/lub kurz z otoczenia, elastyczne 
uszczelniania, materiały montażowe, bądź smar na bazie silikonu. Lepkość 
kinematyczna w normie. Liczba kwasowa podniesiona. Liczba zasadowa w normie.

Zalecenia i wnioski:
Olej kwalifikuje się do dalszej eksploatacji, wykonać badanie kolejnej próbki 
zgodnie z przyjętym programem diagnostyki olejowej, nie później niż za 200h 
pracy.","{""metale_zużyciowe"": ""w_normie"", ""krzem"": ""lekko_podniesiony"", ""lepkość"": ""w_normie"", ""liczba_kwasowa"": ""podniesiony"", ""liczba_zasadowa"": ""w_normie""}",2,W NORMIE
P1601596,"Poziom metalicznych produktów zużycia w normie. Poziom krzemu lekko 
podniesiony, wskazuje na komponenty biogazu i/lub kurz z otoczenia, elastyczne 
uszczelniania, materiały montażowe, bądź smar na bazie silikonu. Lepkość 
kinematyczna w normie. Liczba kwasowa podniesiona. Liczba zasadowa w normie.

Zalecenia i wnioski:
Olej kwalifikuje się do dalszej eksploatacji, wykonać badanie kolejnej próbki 
zgodnie z przyjętym programem diagnostyki olejowej, nie później niż za 200h 
pracy.","{""metale_zużyciowe"": ""w_normie"", ""krzem"": ""lekko_podniesiony"", ""lepkość"": ""w_normie"", ""liczba_kwasowa"": ""podniesiony"", ""liczba_zasadowa"": ""w_normie""}",2,W NORMIE
P1602000,"Poziom metalicznych produktów zużycia oznaczony w badaniu pierwiastków (cząstki 
o rozmiarach <5um) wykazuje lekko podniesiony poziom żelaza i ołowiu. Indeks 
PQ, informujący o magnetycznych ferrocząstkach (niezależnie od rozmiaru 
cząstek) w normie. Własności reologiczne (lepkość i wskaźnik lepkości) w 
normie. Liczba kwasowo oraz liczba zasadowa w normie. Zawartość wody w normie.

Zalecenia i wnioski:
Wszystkie oznaczenia znajdują się na oczekiwanym poziomie. Obserwować zmiany w 
następnej analizie, wykonać badanie kolejnej próbki zgodnie z przyjętym 
programem diagnostyki olejowej, nie później niż za 50 mth i/lub po kolejnej 
usłudze.","{""żelazo"": ""lekko_podniesiony"", ""ołów"": ""lekko_podniesiony"", ""metale_zużyciowe"": ""lekko_podniesiony"", ""pq_indeks"": ""w_normie"", ""lepkość"": ""w_normie"", ""wskaźnik_lepkości"": ""w_normie"", ""liczba_kwasowa"": ""w_normie"", ""liczba_zasadowa"": ""w_normie"", ""woda"": ""w_normie""}",0,W NORMIE
P1602004,"Poziom metalicznych produktów zużycia w normie. Poziom krzemu lekko 
podniesiony, wskazuje na komponenty biogazu i/lub kurz z otoczenia, elastyczne 
uszczelniania, materiały montażowe, bądź smar na bazie silikonu. Lepkość 
kinematyczna w normie. Liczba kwasowa podniesiona. Liczba zasadowa w normie.

Zalecenia i wnioski:
Olej kwalifikuje się do dalszej eksploatacji, wykonać badanie kolejnej próbki 
zgodnie z przyjętym programem diagnostyki olejowej, nie później niż za 200h 
pracy.","{""metale_zużyciowe"": ""w_normie"", ""krzem"": ""lekko_podniesiony"", ""lepkość"": ""w_normie"", ""liczba_kwasowa"": ""podniesiony"", ""liczba_zasadowa"": ""w_normie""}",2,W NORMIE
P1602061,"Poziom metalicznych produktów zużycia w normie. Poziom krzemu lekko 
podniesiony, wskazuje na komponenty biogazu i/lub kurz z otoczenia, elastyczne 
uszczelniania, materiały montażowe, bądź smar na bazie silikonu. Lepkość 
kinematyczna w normie. Liczba kwasowa podniesiona. Liczba zasadowa w normie.

Zalecenia i wnioski:
Olej kwalifikuje się do dalszej eksploatacji, wykonać badanie kolejnej próbki 
zgodnie z przyjętym programem diagnostyki olejowej, nie później niż za 200h 
pracy.","{""metale_zużyciowe"": ""w_normie"", ""krzem"": ""lekko_podniesiony"", ""lepkość"": ""w_normie"", ""liczba_kwasowa"": ""podniesiony"", ""liczba_zasadowa"": ""w_normie""}",2,W NORMIE
P1602382,"Poziom metalicznych produktów zużycia w normie. Poziom krzemu lekko 
podniesiony, wskazuje na komponenty biogazu i/lub kurz z otoczenia, elastyczne 
uszczelniania, materiały montażowe, bądź smar na bazie silikonu. Lepkość 
kinematyczna w normie. Liczba kwasowa podniesiona. Liczba zasadowa w normie.

Zalecenia i wnioski:
Olej kwalifikuje się do dalszej eksploatacji, wykonać badanie kolejnej próbki 
zgodnie z przyjętym programem diagnostyki olejowej, nie później niż za 200h 
pracy.","{""metale_zużyciowe"": ""w_normie"", ""krzem"": ""lekko_podniesiony"", ""lepkość"": ""w_normie"", ""liczba_kwasowa"": ""podniesiony"", ""liczba_zasadowa"": ""w_normie""}",0,W NORMIE
P1602595,"Poziom metalicznych produktów zużycia w normie. Oznaczona lepkość w normie. Nie 
stwierdzono zanieczyszczenia  glikolem. Temperatura zapłonu w normie. Zawartość 
paliwa lekko podniesiona.

Wnioski i zalecenia:  
Proszę obserwować zmiany w następnej analizie.  Wykonać badanie kolejnej 
próbki zgodnie z przyjętym programem diagnostyki olejowej.","{""metale_zużyciowe"": ""w_normie"", ""lepkość"": ""w_normie"", ""glikol"": ""brak_wykrycia"", ""temperatura_zapłonu"": ""w_normie"", ""paliwo"": ""lekko_podniesiony""}",1,W NORMIE
P1603881,"Oznaczona lepkość w normie. Zawartość metalicznych produktów zużycia w normie. 
Nie stwierdzono obecności glikolu. Zawartość wody w normie. Lekko podniesiony 
poziom krzemu - trend stabilny. Temperatura zapłonu obniżona.

Zalecenia i wnioski:
Proszę obserwować zmiany w następnej analizie. Wykonać kolejne badanie zgodnie 
z przyjętym harmonogramem diagnostyki olejowej.","{""lepkość"": ""w_normie"", ""metale_zużyciowe"": ""w_normie"", ""glikol"": ""brak_wykrycia"", ""woda"": ""w_normie"", ""krzem"": ""lekko_podniesiony"", ""temperatura_zapłonu"": ""obniżony""}",0,W NORMIE
P1603905,"Oznaczona lepkość w normie. Lekko podniesiony poziom miedzi. Nie stwierdzono 
obecności glikolu. Zawartość wody w normie.

Zalecenia i wnioski:
Proszę obserwować zmiany w następnej analizie. Wykonać kolejne badanie zgodnie 
z przyjętym harmonogramem diagnostyki olejowej.","{""lepkość"": ""w_normie"", ""miedź"": ""lekko_podniesiony"", ""glikol"": ""brak_wykrycia"", ""woda"": ""w_normie""}",0,W NORMIE
P1604093,"Olej ma ciemną barwę. Oznaczona lepkość w normie. Liczba kwasowa i  zasadowa w 
normie. Oksydacja oraz sulfacja w normie. Nitracja nieznacznie podniesiona. 
Poziom  metalicznych produktów zużycia w normie. Zawartość wody w normie. Nie 
stwierdzono obecności glikolu oraz sadzy.

Wnioski i zalecenia:
Olej nadaje się do dalszej eksploatacji. Oznaczone parametry wskazują na dobrą 
kondycję oleju i urządzenia. Obserwować  zmiany w następnej analizie. Wykonać 
kolejne badanie zgodnie z przyjętym harmonogramem diagnostyki olejowej w celu 
obserwacji trendu. Prowadzić ewidencję dot. dat wymian oleju.","{""lepkość"": ""w_normie"", ""liczba_kwasowa"": ""w_normie"", ""oksydacja"": ""w_normie"", ""sulfacja"": ""w_normie"", ""nitracja"": ""nieznacznie_podniesiony"", ""metale_zużyciowe"": ""w_normie"", ""woda"": ""w_normie"", ""glikol"": ""brak_wykrycia"", ""sadza"": ""brak_wykrycia""}",1,W NORMIE
P1604158,"Oznaczona lepkość w normie. Zawartość wody w normie. Poziom metalicznych 
produktów zużycia w normie. Nie stwierdzono obecności glikolu. Zawartość paliwa 
w normie. Temperatura zapłonu lekko obniżona.

Zalecenia i wnioski:
Proszę obserwować zmiany w następnej analizie. Wykonać kolejne badanie zgodnie 
z przyjętym harmonogramem diagnostyki olejowej.","{""lepkość"": ""w_normie"", ""woda"": ""w_normie"", ""metale_zużyciowe"": ""w_normie"", ""glikol"": ""brak_wykrycia"", ""paliwo"": ""w_normie"", ""temperatura_zapłonu"": ""lekko_obniżony""}",1,W NORMIE
P1604275,"Poziom metalicznych produktów zużycia w normie. Oznaczona lepkość w normie. 
Liczba kwasowa i zasadowa wskazują na bezpieczny poziom rezerwy alkalicznej. 
Zaobserwowano lekko podniesioną oksydację oraz nitrację. Nie stwierdzono 
niepokojącej sulfacji.  Indeks PQ  w normie.

Wnioski i zalecenia:
Przy zachowaniu normalnych warunków eksploatacyjnych oraz czynności 
obsługowych (stały monitoring własności fizykochemicznych) olej kwalifikuje się 
do eksploatacji. Obserwować zmiany w kolejnym badaniu. Wykonać kolejne badanie 
zgodnie z  przyjętym harmonogramem diagnostyki olejowej.","{""metale_zużyciowe"": ""w_normie"", ""lepkość"": ""w_normie"", ""oksydacja"": ""lekko_podniesiony"", ""nitracja"": ""lekko_podniesiony"", ""sulfacja"": ""brak_wykrycia"", ""pq_indeks"": ""w_normie""}",1,W NORMIE
P1604804,"Właściwości reologiczne w normie. Liczba kwasowa podwyższona. Temperatura 
zapłonu w normie. Indeks PQ, informujący o magnetycznych ferrocząstkach 
(niezależnie od rozmiaru cząstek) w normie. W badanej próbce zaobserwowano 
obecność krzemu (możliwe pochodzenie to zanieczyszczenia z otoczenia lub 
elastyczne uszczelnienia na bazie silikonu) oraz sodu (może pochodzić z 
otoczenia, układu chłodzenia lub też być składnikiem oleju). Poziom miedzi 
znacząco podniesiony (możliwe pochodzenie to procesy takie jak zużycie i/lub 
korozja). Poziom ołowiu jest lekko podniesiony.

Wnioski i zalecenia:
Nie posiadamy referencji oleju świeżego, dlatego też nie możliwe jest 
sporządzenie precyzyjnego komentarza na temat możliwych zmian dodatków oraz 
widma IR (z tego powodu nie możliwe jest także określenie oksydacji). Proszę 
przysłać referencyjną próbkę oleju świeżego. Prowadzić ewidencję dot. 
uzupełnień, daty wymiany oleju oraz całkowitego czasu pracy urządzenia.Powiązać 
wykryte metale z metalurgią układu olejowego, przeprowadzić jego kontrolę. Ze 
względu na wysoki poziom miedzi zalecam wymienić olej na świeży.","{""lepkość"": ""w_normie"", ""liczba_kwasowa"": ""podniesiony"", ""temperatura_zapłonu"": ""w_normie"", ""pq_indeks"": ""w_normie"", ""miedź"": ""podniesiony"", ""ołów"": ""lekko_podniesiony""}",2,UWAGA
P1605434,"Oznaczona lepkość w normie. Podniesiony poziom krzemu. Podniesiony poziom 
ołowiu - skokowy wzrost. Nie stwierdzono obecności glikolu. Lekko podniesiona 
zawartość paliwa. Obniżona temperatura zapłonu.

Wnioski i zalecenia:
Powiązać wykryte metale zużyciowe z metalurgią układu olejowego. 
Zanieczyszczenie krzemem może być spowodowane przedostawaniem się 
zanieczyszczeń z otoczenia (kurz/pył) do układu. Zalecam przeprowadzenie 
kontroli układu doprowadzania powietrza do silnika. Ze względu na dużą 
zawartość zanieczyszczeń oraz cząstek zużycia w oleju zalecam, jeśli jeszcze 
nie nastąpiła, wymianę oleju na świeży.","{""lepkość"": ""w_normie"", ""krzem"": ""podniesiony"", ""ołów"": ""podniesiony"", ""glikol"": ""brak_wykrycia"", ""paliwo"": ""lekko_podniesiony"", ""temperatura_zapłonu"": ""obniżony""}",2,UWAGA
P1700456,"Oznaczona lepkość w normie. Temperatura zapłonu obniżona. Zawartość oleju 
napędowego lekko podniesiona. Podniesiony poziom krzemu, wskazuje na kurz/pył z 
otoczenia. Znacznie podniesiony poziom ołowiu - wyraźny trend wzrostowy.

Wnioski i zalecenia:
Ze względu na dużą ilość zanieczyszczeń oraz produktów zużycia w oleju zalecam 
natychmiastową wymianę na świeży. Skontrolować układ doprowadzania powietrza do 
silnika (filtry). Wysoki poziom ołowiu może być spowodowany zużywaniem się 
m.in. łożysk ślizgowych. Wykonać kolejne badanie po przeprowadzeniu zabiegów 
korygujących.","{""lepkość"": ""w_normie"", ""temperatura_zapłonu"": ""obniżony"", ""olej_napędowy"": ""lekko_podniesiony"", ""krzem"": ""podniesiony"", ""ołów"": ""podniesiony""}",2,UWAGA
P1701435,"Poziom cząstek poszczególnych kategorii zużyciowych oraz cząstek 
niemetalicznych w optycznej analizie cząstek w normie.  Właściwości reologiczne 
(lepkość kinematyczna, wskaźnik lepkości) w normie. Klasa czystości w normie. 
Liczba kwasowa lekko podniesiona, liczba zasadowa zasadowa w normie. Olej 
posiada jeszcze odpowiednią rezerwę alkaliczną (wzajemna relacja liczby 
kwasowej i zasadowej). Zawartość wody w normie. Poziom metalicznych produktów 
zużycia w normie.  Indeks PQ, informujący o magnetycznych ferrocząstkach 
(niezależnie od rozmiaru cząstek) w normie. Zwartość stałych ciał obcych w 
normie.

Wnioski i zalecenia:
Nie posiadamy referencji oleju świeżego, dlatego nie możliwe jest sporządzenie 
precyzyjnego komentarza nt. możliwych zmian dodatków oraz widma IR (dlatego też 
nie możliwe jest oznaczenie oksydacji). Proszę przysłać referencyjną próbkę 
oleju świeżego do badań. Olej kwalifikuje się do dalszej eksploatacji bez 
podejmowania dodatkowych zabiegów korygujących. Proszę obserwować zmiany w 
kolejnym badaniu. Proszę przysłać kolejną próbkę do badań w celu weryfikacji 
trendów zmian zgodnie z przyjętym harmonogramem diagnostyki olejowej.","{""lepkość"": ""w_normie"", ""wskaźnik_lepkości"": ""w_normie"", ""klasa_czystości"": ""w_normie"", ""liczba_kwasowa"": ""lekko_podniesiony"", ""liczba_zasadowa"": ""lekko_podniesiony"", ""woda"": ""w_normie"", ""metale_zużyciowe"": ""w_normie"", ""pq_indeks"": ""w_normie"", ""stałe_ciała_obce"": ""w_normie""}",0,W NORMIE
P1701449,"Poziom cynku wyższy niż w referencji oleju świeżego, natomiast poziom fosforu 
jest niższy. Poziom cząstek poszczególnych kategorii zużyciowych oraz cząstek 
niemetalicznych w optycznej analizie cząstek w normie.  Właściwości reologiczne 
(lepkość kinematyczna, wskaźnik lepkość) w normie. Liczba kwasowa i zasadowa w 
normie. Olej posiada jeszcze wystarczającą rezerwę alkaliczna (wzajemna relacja 
liczby kwasowej i zasadowej). Klasa czystości w normie. Nie stwierdzono 
niepokojącej oksydacji. Poziom sodu jest lekko podniesiony (możliwe pochodzenie 
to zanieczyszczenia z otoczenia i/lub zanieczyszczenie innym środkiem smarnym). 
Zawartość wody w normie. Poziom metalicznych produktów zużycia w normie. 
Zawartość stałych ciał obcych w normie. Indeks PQ informujący o zawartości 
cząstek ferromagnetycznych  w normie.

Wnioski i zalecenia:
Olej kwalifikuje się do dalszej eksploatacji. Proszę obserwować zmiany w 
kolejnym badaniu. Wykonać kolejne badanie zgodnie z przyjętym harmonogramem 
diagnostyki olejowej.","{""lepkość"": ""w_normie"", ""liczba_kwasowa"": ""w_normie"", ""klasa_czystości"": ""w_normie"", ""oksydacja"": ""brak_wykrycia"", ""sód"": ""lekko_podniesiony"", ""woda"": ""w_normie"", ""metale_zużyciowe"": ""w_normie"", ""stałe_ciała_obce"": ""w_normie"", ""pq_indeks"": ""w_normie""}",0,W NORMIE
P1702098,"Olej jest czarny. Oznaczona lepkość pogorszona. Liczba kwasowa podwyższona. 
Liczba zasadowa obniżona. Rezerwa alkaliczna (wzajemna relacja liczby kwasowej 
oraz zasadowej) została wyczerpana. Oksydacja poniesiona, jednak nie 
krytycznie. Nitracja podniesiona, jednak nie krytycznie. Sulfacja w normie. 
Poziom krzemu jest znacząco podniesiony, jednak uległ poprawie względem 
poprzedniego badania (możliwe pochodzenie to pył/kurz z otoczenia, elastyczne 
uszczelnienia na bazie silikonu lub z gazu zasilającego silnik). Poziom sodu 
podwyższony, jednak niższy niż w poprzednim badaniu. Zawartość wody w normie. 
Nie stwierdzono obecności glikolu oraz sadzy w oleju. Poziom metalicznych 
produktów zużycia w normie.

Wnioski i zalecenia:
Ze względu na dużą ilość zanieczyszczeń oraz wyczerpanie rezerwy alkalicznej 
zalecam wymienić olej na świeży. Przed zalaniem proszę wyczyścić układ olejowy 
w celu uniknięcia zanieczyszczenia świeżego oleju.  Obserwować zmiany w 
kolejnej analizie. Wykonać kolejne badanie w celu weryfikacji trendów zmian po 
przeprowadzeniu zabiegów korygujących.","{""lepkość"": ""pogorszony"", ""liczba_kwasowa"": ""podniesiony"", ""liczba_zasadowa"": ""obniżony"", ""nitracja"": ""podniesiony"", ""sulfacja"": ""w_normie"", ""krzem"": ""podniesiony"", ""sód"": ""podniesiony"", ""woda"": ""w_normie"", ""glikol"": ""brak_wykrycia"", ""sadza"": ""brak_wykrycia"", ""metale_zużyciowe"": ""w_normie""}",2,UWAGA
P1702136,"Oznaczona lepkość w normie. Liczba kwasowa oraz zasadowa w normie - olej posiada jeszcze wystarczającą rezerwę alkaliczną. Oksydacja i nitracja w normie - trend wzrostowy. Lekko podniesiony poziom krzemu - trend stabilny. Poziom metalicznych produktów zużycia w normie. 

Wnioski i zalecenia:
Olej kwalifikuje się do dalszej eksploatacji. Obserwować zmiany w następnej analizie. Wykonać kolejne badanie zgodnie z przyjętym harmonogramem diagnostyki.","{""lepkość"": ""w_normie"", ""liczba_kwasowa"": ""w_normie"", ""oksydacja"": ""podniesiony"", ""nitracja"": ""podniesiony"", ""krzem"": ""lekko_podniesiony"", ""metale_zużyciowe"": ""w_normie""}",1,W NORMIE
P1702251,"Oznaczona lepkość w normie, trend stabilny. Własności dyspergujące w normie. Temperatura zapłonu nieznacznie obniżona. Zawartość wody w normie, w odniesieniu do poprzedniej próbki nastąpił wzrost. Indeks PQ w normie. 

Wnioski i zalecenia:
Proszę obserwować zmiany w następnej analizie. Wykonać kolejne badanie zgodnie z przyjętym harmonogramem diagnostyki olejowej.","{""lepkość"": ""w_normie"", ""temperatura_zapłonu"": ""nieznacznie_obniżony"", ""woda"": ""w_normie"", ""pq_indeks"": ""w_normie""}",0,W NORMIE
P1702818,"Oznaczona lepkość w normie. Klasa czystości lekko pogorszona. Liczby kwasowa i zasadowa w normie - olej posiada jeszcze wystarczającą rezerwę alkaliczną. Poziom metalicznych produktów zużycia oraz indeks PQ w normie. Zawartość wody w normie. 

Wnioski i zalecenia:Olej kwalifikuje się do dalszej eksploatacji. Obserwować zmiany w następnej analizie. Wykonać kolejne badanie zgodnie z przyjętym harmonogramem diagnostyki.","{""lepkość"": ""w_normie"", ""klasa_czystości"": ""pogorszony"", ""liczba_kwasowa"": ""w_normie"", ""pq_indeks"": ""w_normie"", ""metale_zużyciowe"": ""w_normie"", ""woda"": ""w_normie""}",0,W NORMIE
P1702819,"Oznaczona lepkość w normie. Klasa czystości lekko pogorszona. Liczby kwasowa i zasadowa w normie - olej posiada jeszcze wystarczającą rezerwę alkaliczną. Poziom metalicznych produktów zużycia oraz indeks PQ w normie. Zawartość wody w normie. 

Wnioski i zalecenia:Olej kwalifikuje się do dalszej eksploatacji. Obserwować zmiany w następnej analizie. Wykonać kolejne badanie zgodnie z przyjętym harmonogramem diagnostyki.","{""lepkość"": ""w_normie"", ""klasa_czystości"": ""pogorszony"", ""liczba_kwasowa"": ""w_normie"", ""pq_indeks"": ""w_normie"", ""metale_zużyciowe"": ""w_normie"", ""woda"": ""w_normie""}",0,W NORMIE
P1702854,"Oznaczona lepkość w normie. Klasa czystości lekko pogorszona. Liczby kwasowa i zasadowa w normie - olej posiada jeszcze wystarczającą rezerwę alkaliczną. Poziom metalicznych produktów zużycia oraz indeks PQ w normie. Zawartość wody w normie. 

Wnioski i zalecenia:Olej kwalifikuje się do dalszej eksploatacji. Obserwować zmiany w następnej analizie. Wykonać kolejne badanie zgodnie z przyjętym harmonogramem diagnostyki.","{""lepkość"": ""w_normie"", ""klasa_czystości"": ""pogorszony"", ""liczba_kwasowa"": ""w_normie"", ""pq_indeks"": ""w_normie"", ""metale_zużyciowe"": ""w_normie"", ""woda"": ""w_normie""}",0,W NORMIE
P1702936,"Oznaczona lepkość w normie. Klasa czystości lekko pogorszona. Liczby kwasowa i zasadowa w normie - olej posiada jeszcze wystarczającą rezerwę alkaliczną. Poziom metalicznych produktów zużycia oraz indeks PQ w normie. Zawartość wody w normie. 

Wnioski i zalecenia:Olej kwalifikuje się do dalszej eksploatacji. Obserwować zmiany w następnej analizie. Wykonać kolejne badanie zgodnie z przyjętym harmonogramem diagnostyki.","{""lepkość"": ""w_normie"", ""klasa_czystości"": ""pogorszony"", ""liczba_kwasowa"": ""w_normie"", ""pq_indeks"": ""w_normie"", ""metale_zużyciowe"": ""w_normie"", ""woda"": ""w_normie""}",0,W NORMIE
P1702937,"Oznaczona lepkość w normie. Klasa czystości lekko pogorszona. Liczby kwasowa i zasadowa w normie - olej posiada jeszcze wystarczającą rezerwę alkaliczną. Poziom metalicznych produktów zużycia oraz indeks PQ w normie. Zawartość wody w normie. 

Wnioski i zalecenia:Olej kwalifikuje się do dalszej eksploatacji. Obserwować zmiany w następnej analizie. Wykonać kolejne badanie zgodnie z przyjętym harmonogramem diagnostyki.","{""lepkość"": ""w_normie"", ""klasa_czystości"": ""pogorszony"", ""liczba_kwasowa"": ""w_normie"", ""pq_indeks"": ""w_normie"", ""metale_zużyciowe"": ""w_normie"", ""woda"": ""w_normie""}",0,W NORMIE
P1703075,"Poziom cząstek poszczególnych kategorii oznaczonych w optycznej analizie cząstek w normie. Właściwości reologiczne (lepkość, wskaźnik lepkości) w normie. Liczba kwasowa podniesiona, wyraźny wzrost względem poprzedniego badania. Klasa czystości w zakresie granicznym. Oksydacja wykazuje trend wzrostowy względem poprzednich dwóch badań. Zawartość stałych ciał obcych w normie. Liczba zasadowa obniżona. Wzajemna relacja liczby kwasowej oraz zasadowej wskazuje na wyczerpanie rezerwy alkalicznej. Zawartość wody w normie, wykazuje trend wzrostowy. Poziom metalicznych produktów zużycia w normie. Indeks PQ informujący o zawartości magnetycznych ferrocząstek w normie.

Wnioski i zalecenia:Proszę niezwłocznie wymienić olej na świeży. W trakcie wymiany wyczyścić i/lub wypłukać układ olejowy, aby nie zanieczyścić nowego oleju. Proszę przysłać kolejną próbkę do badań w celu weryfikacji trendów zmian po przeprowadzeniu zabiegów korygujących.","{""lepkość"": ""w_normie"", ""wskaźnik_lepkości"": ""w_normie"", ""liczba_kwasowa"": ""podniesiony"", ""klasa_czystości"": ""w_zakresie_granicznym"", ""oksydacja"": ""podniesiony"", ""stałe_ciała_obce"": ""w_normie"", ""liczba_zasadowa"": ""obniżony"", ""woda"": ""podniesiony"", ""metale_zużyciowe"": ""w_normie"", ""pq_indeks"": ""w_normie""}",2,UWAGA
P1703568,"Oznaczona lepkość w normie. Własności dyspergujące w normie. Indeks PQ w normie. Zawartośc wody w normie. Temperatura zapłonu nieznacznie obniżona.

Wnioski i zalecenia: Obserwować zmiany w następnej analizie. Wykonać kolejne badanie zgodnie z przyjętym harmonogramem diagnostyki. ","{""lepkość"": ""w_normie"", ""pq_indeks"": ""w_normie"", ""woda"": ""w_normie"", ""temperatura_zapłonu"": ""nieznacznie_obniżony""}",0,W NORMIE
P1703569,"Oznaczona lepkość w normie. Własności dyspergujące w normie. Indeks PQ w normie. Zawartośc wody w normie. Temperatura zapłonu nieznacznie obniżona.

Wnioski i zalecenia: Obserwować zmiany w następnej analizie. Wykonać kolejne badanie zgodnie z przyjętym harmonogramem diagnostyki. ","{""lepkość"": ""w_normie"", ""pq_indeks"": ""w_normie"", ""woda"": ""w_normie"", ""temperatura_zapłonu"": ""nieznacznie_obniżony""}",0,W NORMIE
P1703570,"Oznaczona lepkość w normie. Własności dyspergujące w normie. Indeks PQ w normie. Zawartośc wody w normie. Temperatura zapłonu nieznacznie obniżona.

Wnioski i zalecenia: Obserwować zmiany w następnej analizie. Wykonać kolejne badanie zgodnie z przyjętym harmonogramem diagnostyki. ","{""lepkość"": ""w_normie"", ""pq_indeks"": ""w_normie"", ""woda"": ""w_normie"", ""temperatura_zapłonu"": ""nieznacznie_obniżony""}",0,W NORMIE
P1703825,"Oznaczona lepkość jest pogorszona. Liczba kwasowa jest podniesiona, wykazuje trend wzrostowy. Oksydacja znacznie podniesiona, wykazuje trend wzrostowy. Nitracja  w normie, jednak wykazuje trend wzrostowy. Sulfacja w normie. Liczba zasadowa obniżona poniżej liczby kwasowej co wskazuje na wyczerpanie rezerwy alkalicznej. Poziom krzemu jest znacząco podniesiony, nastąpił wzrost względem poprzedniego badania (możliwe pochodzenie to pył/kurz z otoczenia, elastyczne uszczelnienia na bazie silikonu lub z gazu zasilającego silnik). Poziom sodu podwyższony, jednak niższy niż w poprzednim badaniu. Nie stwierdzono obecności glikolu oraz sadzy w oleju. Poziom miedzi podniesiony, jednak nie krytycznie (możliwe przyczyny to procesy takie jak zużycie i/lub korozja). Nastąpił skokowy wzrost względem poprzedniego badania.  Poziom ołowiu podwyższony, nastąpił skokowy wzrost względem poprzedniego badania (możliwe pochodzenie np.. metalurgia układu - babit,  farby, zanieczyszczenie innym olejem). Pozostałe metaliczne produkty zużycia w normie. Indeks PQ informujący o magnetycznych ferrocząstkach w normie. 

Wnioski i zalecenia:

Ze względu na wyczerpanie rezerwy alkalicznej zalecam wymienić olej na świeży. W trakcie wymiany wyczyścić i/lub wypłukać układ olejowy, aby nie zanieczyszczać świeżego oleju. Powiązać wykryte metale z metalurgią układu olejowego. Przeprowadzić inspekcję elementów urządzenia zawierających w swej metalurgii wykryte metale. Proszę przysłać kolejną próbkę do badań w celu weryfikacji trendów zmian po przeprowadzeniu zabiegów korygujących.","{""lepkość"": ""pogorszony"", ""liczba_kwasowa"": ""podniesiony"", ""oksydacja"": ""podniesiony"", ""nitracja"": ""podniesiony"", ""sulfacja"": ""w_normie"", ""liczba_zasadowa"": ""obniżony"", ""rezerwa_alkaliczna"": ""obniżony"", ""krzem"": ""podniesiony"", ""sód"": ""podniesiony"", ""glikol"": ""brak_wykrycia"", ""sadza"": ""brak_wykrycia"", ""miedź"": ""podniesiony"", ""ołów"": ""podniesiony"", ""pq_indeks"": ""w_normie""}",2,UWAGA
P1703838,"Oznaczona lepkość w normie. Nie stwierdzono niepokojącej oksydacji. Nie stwierdzono obecności glikolu. Poziom ołowiu jest lekko podniesiony, jednak uległ znaczącej poprawie względem poprzedniego badania. Pozostałe metaliczne produkty zużycia w normie. Zawartość paliwa jest podniesiona (możliwe pochodzenie to nieszczelności układu doprowadzania paliwa do silnika). Temperatura zapłonu jest obniżona. 

Wnioski i zalecenia:

Proszę przeprowadzić inspekcję układu doprowadzania paliwa do silnika pod kątem możliwych przecieków. Proszę w krótkim czasie przysłać kolejną próbkę do badań. Jeżeli nie zamierzacie Państwo tego robić zalecam wymienić olej na świeży.","{""lepkość"": ""w_normie"", ""oksydacja"": ""brak_wykrycia"", ""glikol"": ""brak_wykrycia"", ""ołów"": ""lekko_podniesiony"", ""paliwo"": ""podniesiony"", ""temperatura_zapłonu"": ""obniżony""}",2,UWAGA
P1704064,"Oznaczona lepkość w normie. Nie stwierdzono niepokojącej oksydacji. Nie stwierdzono obecności glikolu. Poziom ołowiu jest lekko podniesiony, wykazuje stabilny trend względem poprzedniego badania. Poziom paliwa jest znacząco podniesiony. Temperatura zapłonu jest obniżona.

Wnioski i zalecenia:

Dokonać przeglądu układu doprowadzania paliwa do silnika pod kątem możliwych przecieków. Zidentyfikować i usunąć przyczynę podniesionego poziomu paliwa, aby zapobiec jego dalszemu podnoszeniu. Proszę obserwować zmiany w kolejnej analizie. Proszę przysłać kolejną próbkę w celu weryfikacji trendów zmian po przeprowadzeniu zabiegów korygujących.","{""lepkość"": ""w_normie"", ""oksydacja"": ""brak_wykrycia"", ""glikol"": ""brak_wykrycia"", ""ołów"": ""lekko_podniesiony"", ""paliwo"": ""podniesiony"", ""temperatura_zapłonu"": ""obniżony""}",1,UWAGA
P1704538,"Oznaczona lepkość w normie. Własności dyspergujące w normie. Indeks PQ w normie. Zawartośc wody w normie. Temperatura zapłonu nieznacznie obniżona.

Wnioski i zalecenia: Obserwować zmiany w następnej analizie. Wykonać kolejne badanie zgodnie z przyjętym harmonogramem diagnostyki. ","{""lepkość"": ""w_normie"", ""pq_indeks"": ""w_normie"", ""woda"": ""w_normie"", ""temperatura_zapłonu"": ""nieznacznie_obniżony""}",0,W NORMIE
P1705252,"Oznaczona lepkość w normie. Własności dyspergujące w normie. Indeks PQ w normie. Zawartośc wody w normie. Temperatura zapłonu nieznacznie obniżona.

Wnioski i zalecenia: 

Obserwować zmiany w następnej analizie. Wykonać kolejne badanie zgodnie z przyjętym harmonogramem diagnostyki. ","{""lepkość"": ""w_normie"", ""pq_indeks"": ""w_normie"", ""woda"": ""w_normie"", ""temperatura_zapłonu"": ""nieznacznie_obniżony""}",1,W NORMIE
P1800677,"Oznaczona lepkość w normie. Temperatura zapłonu lekko obniżona. Podniesiony poziom żelaza, ołowiu oraz miedzi. Widmo IR wskazuje na obecność paliwa w oleju. Nie wykryto obecności glikolu.

Wnioski i zalecenia:
Ze względu na wysoką zawartość metali zużyciowych oraz obecność paliwa w oleju zalecam wymianę oleju na świeży przy najbliższej okazji. Powiązać wykryte metale zużyciowe z metalurgią układu olejowego (m.in. łożyska). Zalecam wykonanie kolejnego badania po ok. 250 mth pracy silnika po wymianie oleju. ","{""lepkość"": ""w_normie"", ""temperatura_zapłonu"": ""lekko_obniżony"", ""żelazo"": ""podniesiony"", ""miedź"": ""podniesiony"", ""ołów"": ""podniesiony"", ""glikol"": ""brak_wykrycia""}",2,UWAGA
P1801451,"Poziom dodatków uszlachetniających dobrze koresponduje z referencją oleju świeżego. Oznaczona lepkość w zakresie dopuszczalnym. Poziom metalicznych produktów zużycia w normie. Lekko podniesiony poziom oleju napędowego - trend spadkowy. Temperatura zapłonu lekko obniżona, lecz stabilna. Nie stwierdzono obecności glikolu w próbce. 

Wnioski i zalecenia

Ze względu na podniesioną zawartość paliwa zalecam przy następnej okazji wymianę oleju na świeży. Wykonać kolejne badanie po przeprowadzeniu zabiegów korygujących. ","{""lepkość"": ""w_dopuszczalnym_zakresie"", ""metale_zużyciowe"": ""w_normie"", ""olej_napędowy"": ""lekko_podniesiony"", ""temperatura_zapłonu"": ""lekko_obniżony"", ""glikol"": ""brak_wykrycia""}",2,UWAGA
P1801787,"Oznaczona lepkość w normie. Liczba kwasowa i zasadowa w normie - olej posiada jeszcze wystarczającą rezerwę alkaliczną. Odczyn pH oraz parametr  i-pH w normie. Nie stwierdzono niepokojącej oksydacji oraz nitracji. Zawartość wody w normie. Lekko podniesiony poziom krzemu - prawdopodobne pochodzi z biogazu zasilającego silnik i/lub występuje jako zanieczyszczenie z otoczenia (kurz/pył). Poziom metalicznych produktów zużycia w normie - świadczy o braku intensywnych procesów zużycia/korozji w układzie. 

Wnioski i zalecenia:
Olej kwalifikuje się do dalszej eksploatacji. Należy obserwować zmiany w następnej analizie. Wykonać kolejne badanie zgodnie z przyjętym harmonogramem diagnostyki. ","{""lepkość"": ""w_normie"", ""liczba_kwasowa"": ""w_normie"", ""ph"": ""w_normie"", ""oksydacja"": ""brak_wykrycia"", ""nitracja"": ""brak_wykrycia"", ""woda"": ""w_normie"", ""krzem"": ""lekko_podniesiony"", ""metale_zużyciowe"": ""w_normie""}",0,W NORMIE
P1801837,"Oznaczona lepkość w normie. Liczba kwasowa i zasadowa w normie - olej posiada jeszcze wystarczającą rezerwę alkaliczną. Parametr  i-pH w normie. Nie stwierdzono niepokojącej oksydacji oraz nitracji. Zawartość wody w normie. Lekko podniesiony poziom krzemu - prawdopodobne pochodzi z biogazu zasilającego silnik i/lub występuje jako zanieczyszczenie z otoczenia (kurz/pył). Poziom metalicznych produktów zużycia w normie - świadczy o braku intensywnych procesów zużycia/korozji w układzie. 

Wnioski i zalecenia:
Olej kwalifikuje się do dalszej eksploatacji. Należy obserwować zmiany w następnej analizie. Wykonać kolejne badanie zgodnie z przyjętym harmonogramem diagnostyki. ","{""lepkość"": ""w_normie"", ""liczba_kwasowa"": ""w_normie"", ""ph"": ""w_normie"", ""oksydacja"": ""brak_wykrycia"", ""nitracja"": ""brak_wykrycia"", ""woda"": ""w_normie"", ""krzem"": ""lekko_podniesiony"", ""metale_zużyciowe"": ""w_normie""}",1,W NORMIE
P1802153,"Oznaczona lepkość w normie. Liczba kwasowa i zasadowa w normie - olej posiada jeszcze wystarczającą rezerwę alkaliczną. Odczyn pH oraz parametr  i-pH w normie. Nie stwierdzono niepokojącej oksydacji oraz nitracji. Zawartość wody w normie. Lekko podniesiony poziom krzemu, trend stabilny - prawdopodobne pochodzi z biogazu zasilającego silnik i/lub występuje jako zanieczyszczenie z otoczenia (kurz/pył). Poziom metalicznych produktów zużycia w normie - świadczy o braku intensywnych procesów zużycia/korozji w układzie. 

Wnioski i zalecenia:
Olej kwalifikuje się do dalszej eksploatacji. Należy obserwować zmiany w następnej analizie. Wykonać kolejne badanie zgodnie z przyjętym harmonogramem diagnostyki. ","{""lepkość"": ""w_normie"", ""liczba_kwasowa"": ""w_normie"", ""ph"": ""w_normie"", ""oksydacja"": ""brak_wykrycia"", ""nitracja"": ""brak_wykrycia"", ""woda"": ""w_normie"", ""krzem"": ""lekko_podniesiony"", ""metale_zużyciowe"": ""w_normie""}",0,W NORMIE
P1802809,"Oznaczona lepkość w normie. Liczba kwasowa i zasadowa w normie - olej posiada jeszcze wystarczającą rezerwę alkaliczną. Parametr  i-pH lekko obniżony. Nie stwierdzono niepokojącej oksydacji oraz nitracji. Zawartość wody w normie. Lekko podniesiony poziom krzemu - prawdopodobne pochodzi z biogazu zasilającego silnik i/lub występuje jako zanieczyszczenie z otoczenia (kurz/pył). Poziom metalicznych produktów zużycia w normie - świadczy o braku intensywnych procesów zużycia/korozji w układzie. 

Wnioski i zalecenia:Olej kwalifikuje się do dalszej eksploatacji. Należy obserwować zmiany w następnej analizie. Wykonać kolejne badanie zgodnie z przyjętym harmonogramem diagnostyki. ","{""lepkość"": ""w_normie"", ""liczba_kwasowa"": ""w_normie"", ""ph"": ""lekko_obniżony"", ""oksydacja"": ""brak_wykrycia"", ""nitracja"": ""brak_wykrycia"", ""woda"": ""w_normie"", ""krzem"": ""lekko_podniesiony"", ""metale_zużyciowe"": ""w_normie""}",0,W NORMIE
P1803143,"Właściwości reologiczne w normie. Temperatura zapłonu w normie. Indeks PQ w normie. Liczba kwasowa lekko podwyższona. Liczba zasadowa w normie. Utrzymujący się znacząco podniesiony poziom miedzi.

Wnioski i zalecenia:Powiązać wykryte metale zużyciowe z metalurgią układu olejowego. Nie posiadamy referencji oleju świeżego, dlatego też nie możliwe jest sporządzenie precyzyjnego komentarza na temat możliwych zmian dodatków oraz widma IR (z tego powodu nie możliwe jest także określenie oksydacji). Proszę przysłać referencyjną próbkę oleju świeżego. Prowadzić ewidencję dot. uzupełnień, daty wymiany oleju oraz całkowitego czasu pracy urządzenia.","{""lepkość"": ""w_normie"", ""temperatura_zapłonu"": ""w_normie"", ""pq_indeks"": ""w_normie"", ""liczba_kwasowa"": ""lekko_podniesiony"", ""liczba_zasadowa"": ""w_normie"", ""miedź"": ""podniesiony""}",2,UWAGA
P1803285,"Oznaczona lepkość w normie. Liczba kwasowa i zasadowa w normie - olej posiada jeszcze wystarczającą rezerwę alkaliczną. Parametr  i-pH nieznacznie obniżony - trend jest jednak stabilny. Nie stwierdzono niepokojącej oksydacji oraz nitracji. Zawartość wody w normie. Lekko podniesiony poziom krzemu - trend stabilny.Poziom metalicznych produktów zużycia w normie - świadczy o braku intensywnych procesów zużycia/korozji w układzie. 

Wnioski i zalecenia:Olej kwalifikuje się do dalszej eksploatacji. Należy obserwować zmiany w następnej analizie. Wykonać kolejne badanie zgodnie z przyjętym harmonogramem diagnostyki. ","{""lepkość"": ""w_normie"", ""liczba_kwasowa"": ""w_normie"", ""ph"": ""nieznacznie_obniżony"", ""oksydacja"": ""brak_wykrycia"", ""nitracja"": ""brak_wykrycia"", ""woda"": ""w_normie"", ""krzem"": ""lekko_podniesiony"", ""metale_zużyciowe"": ""w_normie""}",0,W NORMIE
P1803870,"Oznaczona lepkość w normie. Liczba kwasowa i zasadowa w normie - olej posiada jeszcze wystarczającą rezerwę alkaliczną. Parametr  i-pH prezentuje stabilny trend. Nie stwierdzono niepokojącej oksydacji oraz nitracji. Zawartość wody w normie. Lekko podniesiony poziom krzemu - trend stabilny. Poziom metalicznych produktów zużycia w normie - świadczy o braku intensywnych procesów zużycia/korozji w układzie. 

Wnioski i zalecenia:Olej kwalifikuje się do dalszej eksploatacji. Należy obserwować zmiany w następnej analizie. Wykonać kolejne badanie zgodnie z przyjętym harmonogramem diagnostyki. ","{""lepkość"": ""w_normie"", ""liczba_kwasowa"": ""w_normie"", ""oksydacja"": ""brak_wykrycia"", ""nitracja"": ""brak_wykrycia"", ""woda"": ""w_normie"", ""krzem"": ""lekko_podniesiony"", ""metale_zużyciowe"": ""w_normie""}",0,W NORMIE
P1803975,"Oznaczona lepkość obniżona. Lekko podniesiony PQ indeks. Temperatura zapłonu obniżona. Zawartość wody w normie. 

Wnioski i zalecenia:
Obniżona lepkość i niska temperatura zapłonu mogą świadczyć o obecności paliwa w oleju. Zalecam kontrolę układu doprowadzania paliwa pod kątem ewentualnych przecieków oraz wymianę oleju na świeży. Wykonać kolejne badanie po przeprowadzeniu zabiegów korygujących. ","{""lepkość"": ""obniżony"", ""pq_indeks"": ""lekko_podniesiony"", ""temperatura_zapłonu"": ""obniżony"", ""woda"": ""w_normie""}",2,UWAGA
P1806290,"Oznaczona lepkość w normie. Liczba kwasowa i liczba zasadowa w normie. Oksydacja lekko podniesiona. Nitracja w normie. Poziom metalicznych produktów zużycia oraz indeks PQ w normie.

Wnioski i Zalecenia:

Obserwować zmiany w następnej analizie. Przeprowadzić kolejne badanie zgodnie z przyjętym harmonogramem diagnostyki olejowej.","{""lepkość"": ""w_normie"", ""liczba_kwasowa"": ""w_normie"", ""liczba_zasadowa"": ""w_normie"", ""oksydacja"": ""lekko_podniesiony"", ""nitracja"": ""w_normie"", ""pq_indeks"": ""w_normie"", ""metale_zużyciowe"": ""w_normie""}",0,W NORMIE
P1806913,"Oznaczona lepkość w normie. temperatura zapłonu lekko obniżona. Podwyższony poziom sodu i potasu, prawdopodobne źródło - pochodna zanieczyszczenia wodą lub płynem chłodniczym. Podwyższony poziom krzemu, prawdopodobne pochodzenie - kurz/pył z otoczenia. Podwyższony poziom metali zużyciowych: ołowiu, miedzi, glinu i żelaza.



Zalecenia i wnioski:

Olej nie kwalifikuje się do dalszej eksploatacji. Przeprowadzić inspekcję układu olejowego ukierunkowaną na zużycie/korozję elementów zawierających w metalurgii wykryte pierwiastki. Skontrolować układ chłodzenia pod kątem ewentualnych przecieków. Zadbać o poprawne zabezpieczenie układu olejowego przed wnikaniem zanieczyszczeń z zewnątrz. Proszę przysłać kolejną próbkę do badań po wykonaniu działań naprawczych. ","{""lepkość"": ""w_normie"", ""temperatura_zapłonu"": ""lekko_obniżony"", ""płyn_chłodniczy"": ""podniesiony"", ""sód"": ""podniesiony"", ""potas"": ""podniesiony"", ""krzem"": ""podniesiony"", ""żelazo"": ""podniesiony"", ""miedź"": ""podniesiony"", ""ołów"": ""podniesiony"", ""glin"": ""podniesiony"", ""metale_zużyciowe"": ""podniesiony""}",2,UWAGA
P1900137,"Oznaczona lepkość w normie dla klasy SAE 40. Liczba kwasowa w normie. Liczba zasadowa na wysokim poziomie.  Zawartość wody w normie. Temperatura zapłonu lekko obniżona.

Wnioski i Zalecenia:

Olej kwalifikuje się do dalszej eksploatacji. Obserwować zmiany w następnej analizie. Przeprowadzić kolejne badanie zgodnie z przyjętym harmonogramem diagnostyki olejowej.","{""lepkość"": ""w_normie"", ""liczba_kwasowa"": ""w_normie"", ""liczba_zasadowa"": ""wysoki"", ""woda"": ""w_normie"", ""temperatura_zapłonu"": ""lekko_obniżony""}",1,W NORMIE
P1900805,"Oznaczona lepkość obniżona. Temperatura zapłonu lekko obniżona. Zawartość wody w normie. Indeks PQ w normie. Własności dyspergujące na poziomie akceptowalnym.



Zalecenia i wnioski:

Ze względu na niski poziom lepkości zalecam, jeżeli już nie nastąpiła, wymianę oleju. Proszę przeprowadzić kolejne badanie po wykonaniu zabiegów korygujących.","{""lepkość"": ""obniżony"", ""temperatura_zapłonu"": ""lekko_obniżony"", ""woda"": ""w_normie"", ""pq_indeks"": ""w_normie""}",2,UWAGA
P1901873,"Oznaczona lepkość w dopuszczalnym zakresie. Liczba zasadowa obniżona, znajduje się jednak w akceptowalnym zakresie. Klasa czystości w normie. Poziom metalicznych produktów zużycia w normie, świadczy o braku intensywnych procesów korozji/zużycia w układzie olejowym. Lekko podwyższony poziom sodu, możliwe pochodzenie - pochodna zanieczyszczenia smarem, płynem chłodniczym lub wodą lub pył z otoczenia. 



Zalecenia i wnioski:

Proszę obserwować zmiany w następnej analizie. Przysłać kolejną próbkę do badań zgodnie z przyjętym harmonogramem diagnostyki olejowej.","{""lepkość"": ""w_dopuszczalnym_zakresie"", ""liczba_zasadowa"": ""w_akceptowalnym_zakresie"", ""klasa_czystości"": ""w_normie"", ""metale_zużyciowe"": ""w_normie"", ""płyn_chłodniczy"": ""lekko_podniesiony"", ""sód"": ""lekko_podniesiony""}",1,W NORMIE
P1902463,"Lekko podwyższony poziom miedzi - trend stabilny. Na widmie w podczerwieni widoczne pozostałości komponentów oleju napędowego jednak bez korelacji z obniżeniem temperatury zapłonu lub/i lepkości oleju. Pozostałe oznaczone parametry w dopuszczalnym zakresie.



Zalecenia i wnioski:

Proszę obserwować zmiany w następnej analizie. Przysłać kolejną próbkę do badań zgodnie z przyjętym harmonogramem diagnostyki.","{""pozostałe_parametry"": ""w_dopuszczalnym_zakresie"", ""miedź"": ""lekko_podniesiony"", ""lepkość"": ""w_normie"", ""temperatura_zapłonu"": ""w_normie""}",0,W NORMIE
P1902821,"Indeks PQ informujący o zawartości cząstek ferromagnetycznych (niezależnie od rozmiaru cząstek) w normie. Lekko podwyższony poziom miedzi oznaczony w badaniu pierwiastków (cząstki <5µm). Pozostałe oznaczone pierwiastki zużyciowe w akceptowalnym zakresie. Podwyższona zawartość ołowiu pochodzi z paliwa lotniczego, jest to sytuacja normalna dla silników lotniczych. Klasa czystości lekko pogorszona.



Zalecenia i wnioski:

Należy obserwować zmiany w następnej analizie. Wykonać kolejne badanie zgodnie z przyjętym harmonogramem diagnostyki.   ","{""pq_indeks"": ""w_normie"", ""miedź"": ""lekko_podniesiony"", ""metale_zużyciowe"": ""w_akceptowalnym_zakresie"", ""klasa_czystości"": ""pogorszony""}",0,W NORMIE
P1903239,"Oznaczona lepkość w zakresie akceptowalnym klasy SAE 40. Liczba kwasowa podniesiona. Liczba zasadowa obniżona. Wzajemna relacja liczby kwasowej i zasadowej wskazuje na wyczerpywanie się rezerwy alkalicznej. Oksydacja lekko podniesiona. Parametr i-pH w zakresie akceptowalnym. Zawartość wody w normie. Poziom metalicznych produktów zużycia określony w badaniu pierwiastków (cząstki <5um) w normie.

Wnioski i Zalecenia:

Ze względu na wyczerpywanie się rezerwy alkalicznej olej nie kwalifikuje się do dalszej eksploatacji. Proszę wymienić olej. Przeprowadzić kolejne badanie po wymianie oleju zgodnie z przyjętym harmonogramem diagnostyki olejowej.","{""lepkość"": ""w_akceptowalnym_zakresie"", ""liczba_kwasowa"": ""podniesiony"", ""liczba_zasadowa"": ""obniżony"", ""oksydacja"": ""lekko_podniesiony"", ""ph"": ""w_akceptowalnym_zakresie"", ""woda"": ""w_normie"", ""metale_zużyciowe"": ""w_normie""}",2,UWAGA
P1903970,"Własności reologiczne (lepkość i wskaźnik lepkości) w normie. Wzajemna relacja liczby kwasowej oraz liczby zasadowej pogorszona, wskazuje na wyczerpywanie się rezerwy alkalicznej oleju. Zawartość krzemu na niższym poziomie w stosunku do poprzedniej analizy, krzem może być pozostałością po poprzednim zalaniu lub krzem może wskazywać na kurz/pył z otoczenia jak i na paliwo stosowane w silniku (biogaz). Zawartość wody w normie. Poziom metalicznych produktów zużycia określony w badaniu pierwiastków (cząstki <5um) w normie.

Wnioski i Zalecenia:

Ze względu na pogorszoną relację liczby kwasowej i zasadowej zalecam przeprowadzić badanie kontrolne nie później niż za 100 mth pracy silnika. Jeżeli nie mają Państwo zamiaru przeprowadzać badania weryfikacyjnego to należy olej wymienić.","{""lepkość"": ""w_normie"", ""wskaźnik_lepkości"": ""w_normie"", ""liczba_kwasowa"": ""pogorszony"", ""liczba_zasadowa"": ""pogorszony"", ""rezerwa_alkaliczna"": ""pogorszony"", ""woda"": ""w_normie"", ""metale_zużyciowe"": ""w_normie""}",2,UWAGA
P1906526,"Temperatura zapłonu lekko obniżona. Oznaczona lepkość w normie. Zawartość żelaza oraz ołowiu przedstawia trend wzrostowy. Zawartość miedzi jest na niższym poziomie w stosunku do poprzednich badań.

Wnioski i Zalecenia:

Zalecanym jest przeprowadzenie inspekcji diagnostycznej silnika ukierunkowanej na zużycie elementów zawierających w metalurgii oznaczone metale zużyciowe (np. łożyska). Proszę przeprowadzić kolejne badanie po wykonaniu zabiegów korygujących.","{""temperatura_zapłonu"": ""lekko_obniżony"", ""lepkość"": ""w_normie"", ""żelazo"": ""podniesiony"", ""ołów"": ""podniesiony""}",2,UWAGA
P1907253,"Oznaczona lepkość odbiega jedynie nieznacznie od wartości katalogowych. Temperatura zapłonu w normie. Poziom metalicznych produktów zużycia określony w badaniu pierwiastków (cząstki <5um) w normie.

Wnioski i Zalecenia:

Obserwować zmiany w następnej analizie. Proszę przeprowadzić kolejne badanie zgodnie z przyjętym harmonogramem diagnostyki olejowej.","{""lepkość"": ""nieznacznie_odbiega"", ""temperatura_zapłonu"": ""w_normie"", ""metale_zużyciowe"": ""w_normie""}",1,W NORMIE
P1907653,"Oznaczona lepkość w zakresie dopuszczalnym dla oleju klasy SAE 40. Temperatura zapłonu w normie. Lekko podwyższona zawartość sodu, trend malejący - prawdopodobne źródło to pochodna zanieczyszczenia oleju płynem chłodniczym. Poziom metalicznych produktów zużycia w normie.



Zalecenia i wnioski:

Proszę obserwować zmiany trendu w następnej analizie. Przysłać kolejną próbkę do badań zgodnie z przyjętym harmonogramem diagnostyki olejowej.   ","{""lepkość"": ""w_dopuszczalnym_zakresie"", ""temperatura_zapłonu"": ""w_normie"", ""płyn_chłodniczy"": ""lekko_podniesiony"", ""sód"": ""lekko_podniesiony"", ""metale_zużyciowe"": ""w_normie""}",0,W NORMIE
P1907911,"Oznaczona lepkość w normie dla oleju klasy SAE 40. Temperatura zapłonu w zakresie granicznym. Zawartość wody  w normie. Zawartość zanieczyszczeń stałych na dopuszczalnym poziomie. Poziom dodatków uszlachetniających niezgodny z oczekiwanym (podwyższona zawartość magnezu) - wskazuje na zmieszanie eksploatowanego oleju ze środkiem smarnym innego typu.



Zalecenia i wnioski:

Proszę zweryfikować historię wymian i uzupełnień oleju. Obserwować zmiany w następnej analizie. Przysłać kolejną próbkę do badań zgodnie z przyjętym harmonogramem diagnostyki olejowej.","{""lepkość"": ""w_normie"", ""temperatura_zapłonu"": ""w_zakresie_granicznym"", ""woda"": ""w_normie"", ""zanieczyszczenia_stałe"": ""w_dopuszczalnym_zakresie"", ""magnez"": ""podniesiony"", ""dodatki_uszlachetniające"": ""podniesiony""}",1,W NORMIE
P1907956,"Oznaczona lepkość w normie dla oleju klasy SAE 15W-40. Temperatura zapłonu lekko obniżona. Lekko podwyższony poziom ołowiu, trend stabilny. Pozostałe oznaczone pierwiastki zużyciowe na dopuszczalnym poziomie. W próbce nie stwierdzono obecności oleju napędowego ani płynu chłodniczego.



Zalecenia i wnioski:

Proszę obserwować zmiany trendu w następnej analizie. Przysłać kolejną próbkę do badań zgodnie z przyjętym harmonogramem diagnostyki olejowej. ","{""lepkość"": ""w_normie"", ""temperatura_zapłonu"": ""lekko_obniżony"", ""ołów"": ""lekko_podniesiony"", ""metale_zużyciowe"": ""w_dopuszczalnym_zakresie"", ""olej_napędowy"": ""brak_wykrycia""}",1,W NORMIE
P1908669,"Oznaczona lepkość w normie dla klasy SAE 40. Temperatura zapłonu lekko obniżona. Zawartość metali zużyciowcyh w normie - nie wskazuje na intensywne procesy zużycia/korozji układu. Prosimy w miarę możliwości o podawanie pełnej nazwy stosowanego środka smarnego (producent i nazwa)

Wnioski i zalecenia:

Obserwować zmiany w następnej analizie. Wykonać kolejne badanie zgodnie z przyjętym harmonogramem.","{""lepkość"": ""w_normie"", ""temperatura_zapłonu"": ""lekko_obniżony"", ""metale_zużyciowe"": ""w_normie""}",0,W NORMIE
P1908814,"Oznaczona lepkość w normie dla oleju klasy SAE 20W-50. Temperatura zapłonu lekko obniżona. Poziom miedzi i ołowiu, oznaczony w badaniu pierwiastków (cząstki <5µm), podwyższony. Pozostałe oznaczone pierwiastki zużyciowe w normie. Indeks PQ, informujący o zawartości cząstek ferromagnetycznych bez względu na rozmiar, w normie. Własności dyspergujące na akceptowalnym poziomie. Zawartość wody na akceptowalnym poziomie.



Zalecenia i wnioski:

Proszę obserwować stan elementów układu olejowego zawierających w metalurgii wykryte pierwiastki (np. łożysk). Zalecana jest wymiana oleju na świeży o ile jeszcze nie nastąpiła. Proszę przysłać kolejną próbkę do badań po wykonaniu działań korygujących","{""lepkość"": ""w_normie"", ""temperatura_zapłonu"": ""lekko_obniżony"", ""miedź"": ""podniesiony"", ""ołów"": ""podniesiony"", ""metale_zużyciowe"": ""w_normie"", ""pq_indeks"": ""w_normie"", ""woda"": ""w_akceptowalnym_zakresie""}",1,UWAGA
P1909147,"Oznaczona lepkość mieści się w granicach klasy SAE 40. Liczba zasadowa w normie. Temperatura zapłonu jest lekko obniżona. Poziom metalicznych produktów zużycia określony w badaniu pierwiastków (cząstki <5um) w normie.

Wnioski i Zalecenia:

Obserwować zmiany w następnej analizie. Przeprowadzić kolejne badanie zgodnie z przyjętym harmonogramem diagnostyki olejowej.","{""liczba_zasadowa"": ""w_normie"", ""temperatura_zapłonu"": ""lekko_obniżony"", ""metale_zużyciowe"": ""w_normie""}",0,W NORMIE
P1909256,"Oznaczona lepkość mieści się w granicach klasy SAE 30. Liczba kwasowa w normie. Nie posiadamy referencji oleju świeżego oraz dokładnych danych dotyczących oleju świeżego, dlatego dokładny komentarz obejmujący poziom liczby zasadowej jest niemożliwy do przedstawienia, wartość jednak wskazuje na wystarczający poziom rezerwy alkalicznej. Zawartość krzemu jest podniesiona wskazuje na kurz/pył z otoczenia, elastyczne uszczelnienia czy materiały montażowe na bazie silikonu. Zawartość sodu może być lekko podniesiona, co wskazywać może na niewielką obecność płynu chłodniczego - dokładny komentarz jednak nie jest możliwy ze względu na brak referencji. Zawartość metali żużyciowych (ołowiu, miedzi oraz żelaza) wskazuje na znacznie postępujące procesy zużyciowe w układzie olejowym silnika - koresponduje z awarią silnika.

Wnioski i Zalecenia:

Należy przeprowadzić działania serwisowe silnika mające na celu identyfikację i naprawę elementów uległych awarii. Oznaczony rodzaj metali zużyciowych może wskazywać na awarię łożysk ślizgowych. Proszę jeszcze równolegle sprawdzić układ chłodzenia silnika oraz doprowadzania powietrza (zasysanie fałszywego powietrza czy zablokowane wkłady filtracyjne). Pod względem starzeniowym olej nie przejawia znacznych symptomów degradacji.","{""liczba_kwasowa"": ""w_normie"", ""krzem"": ""podniesiony"", ""sód"": ""lekko_podniesiony""}",2,UWAGA
P1909968,"Oznaczona lepkość w normie dla klasy SAE 50. Temperatura zapłonu jest lekko obniżona. Na widmie IR widoczny jest znaczny pik związany z obecnością biokomponentów. Zawartość sodu jest podniesiona, nie krytycznie. Zawartość miedzi, żelaza oraz ołowiu jest podniesiona. Poziom pozostałych metalicznych produktów zużycia określony w badaniu pierwiastków (cząstki <5um) w normie. Indeks PQ w normie.

Wnioski i Zalecenia:

Oznaczony poziom metali zużyciowych wskazywać może na zachodzenie procesów zużycia w silniku. Proszę przeprowadzić inspekcję diagnostyczną ukierunkowaną na ocenę stanu technicznego elementów zawierających w swojej metalurgii oznaczone metale zużyciowe (np. łożyska). Należy również sprawdzić układy chłodzenia - istnieje ryzyko dostawania się płynu chłodzącego do układu olejowego oraz doprowadzania paliwa. Przeprowadzić kolejne badanie po wykonaniu zabiegów korygujących.","{""lepkość"": ""w_normie"", ""temperatura_zapłonu"": ""lekko_obniżony"", ""sód"": ""podniesiony"", ""żelazo"": ""podniesiony"", ""miedź"": ""podniesiony"", ""ołów"": ""podniesiony"", ""metale_zużyciowe"": ""w_normie"", ""pq_indeks"": ""w_normie""}",1,UWAGA
P2000604,"Lepkość w normie dla klasy SAE 40. Czystość oleju na poziomie dopuszczalnym. Liczba kwasowa w normie. Liczba zasadowa w normie. Temperatura zapłonu nieznacznie obniżona. Poziom metali zużyciowych w normie. 

Wnioski i zalecenia:

Olej kwalifikuje się do dalszej eksploatacji. Obserwować zmiany w następnej analizie. Wykonać kolejne badanie zgodnie z przyjętym harmonogramem. ","{""lepkość"": ""w_normie"", ""klasa_czystości"": ""w_dopuszczalnym_zakresie"", ""liczba_kwasowa"": ""w_normie"", ""liczba_zasadowa"": ""w_normie"", ""temperatura_zapłonu"": ""nieznacznie_obniżony"", ""metale_zużyciowe"": ""w_normie""}",0,W NORMIE
P2001019,"Oznaczona lepkość w zakresie dopuszczalnym dla oleju klasy SAE 15W-40. Temperatura zapłonu obniżona. Liczba zasadowa w normie. Własności dyspergujące pogorszone. Poziom metalicznych cząstek zużyciowych oraz indeks PQ w normie. Zawartość stałych zanieczyszczeń w normie. Zawartość wody lekko podwyższona. 



Zalecenia i wnioski:

Olej nie kwalifikuje się do dalszej eksploatacji. Proszę przysłać kolejną próbkę do analizy po wykonaniu działań korygujących.","{""lepkość"": ""w_dopuszczalnym_zakresie"", ""temperatura_zapłonu"": ""obniżony"", ""liczba_zasadowa"": ""w_normie"", ""pq_indeks"": ""w_normie"", ""metale_zużyciowe"": ""w_normie"", ""zanieczyszczenia_stałe"": ""w_normie"", ""woda"": ""lekko_podniesiony""}",1,UWAGA
P2001474,"Oznaczona lepkość w zakresie dopuszczalnym dla oleju klasy SAE 0W-20. Rezerwa alkaliczna na bezpiecznym poziomie. Nie stwierdzono oksydacji, nitracji ani sulfacji oleju na niepokojącym poziomie. Widmo w podczerwieni oraz poziom dodatków wykazują zgodność z referencją oleju świeżego - niewielkie odchylenia to prawdopodobnie wynik pozostałości oleju sprzed wymiany. Lekko podwyższona zawartość krzemu - prawdopodobne pochodzenie to kurz/pył z otoczenia, procedura poboru próbki mogła mieć wpływ na wynik analizy. Zawartość metalicznych produktów zużycia na akceptowalnym poziomie, świadczy o braku intensywnych procesów korozji lub/i zużycia smarowanych elementów.



Wnioski i zalecenia:

Rezultaty przeprowadzonych badań nie świadczą, że w eksploatacji jest olej innego typu niż zdeklarowano. Olej kwalifikuje się do dalszej eksploatacji. Nie stwierdzono symptomów zaawansowanych procesów degradacji oleju. Nie stwierdzono szkodliwego zanieczyszczenia oleju. Niemożliwym jest potwierdzenie/zaprzeczenie ilości godzin pracy oleju.","{""lepkość"": ""w_dopuszczalnym_zakresie"", ""rezerwa_alkaliczna"": ""w_zakresie_bezpiecznym"", ""oksydacja"": ""brak_wykrycia"", ""nitracja"": ""brak_wykrycia"", ""sulfacja"": ""brak_wykrycia"", ""krzem"": ""lekko_podniesiony"", ""metale_zużyciowe"": ""w_akceptowalnym_zakresie""}",1,W NORMIE
P2001476,"Oznaczona lepkość w normie dla oleju klasy SAE 40. Temperatura zapłonu lekko obniżona. Podwyższona zawartość sodu - prawdopodobne źródło to pochodna zanieczyszczenia oleju wodą lub płynem chłodniczym. Podwyższona zawartość krzemu - prawdopodobne pochodzenie to kurz/pył z otoczenia. Wysoka zawartość metali zużyciowych - ołowiu, miedzi, cyny, glinu oraz żelaza.



Zalecenia i wnioski:

Proszę przeprowadzić kontrolę układu olejowego ukierunkowaną na zużycie/korozję elementów zawierających w metalurgii wykryte pierwiastki (np. łożysk). Przeprowadzić kontrolę układu doprowadzania powietrza do silnika. Przeprowadzić kolejne badanie po wykonaniu działań korygujących.","{""lepkość"": ""w_normie"", ""temperatura_zapłonu"": ""lekko_obniżony"", ""płyn_chłodniczy"": ""podniesiony"", ""sód"": ""podniesiony"", ""krzem"": ""podniesiony"", ""żelazo"": ""podniesiony"", ""miedź"": ""podniesiony"", ""ołów"": ""podniesiony"", ""glin"": ""podniesiony"", ""cyna"": ""podniesiony"", ""metale_zużyciowe"": ""podniesiony""}",1,UWAGA
P2001675,"Oznaczona lepkość w normie dla oleju klasy SAE 15W-40. Temperatura zapłonu w normie. Zawartość stałych zanieczyszczeń w normie. Zawartość wody w dopuszczalnym zakresie. Lekko podwyższona zawartość sodu - prawdopodobne źródło to pochodna zanieczyszczenia oleju wodą lub płynem chłodniczym. Podwyższony poziom ołowiu, nieznana jest dynamika zmian tego parametru. Pozostałe oznaczone pierwiastki zużyciowe w normie.



Zalecenia i wnioski:

Zalecana jest kontrola układu olejowego ukierunkowana na zużycie/korozję elementów zawierających w metalurgii wykryte pierwiastki (np. łożysk). Proszę obserwować zmiany trendu w następnej analizie. Przysłać kolejną próbkę do badań nie później niż za 500mth licząc od momentu pobrania próbki aktualnej.","{""lepkość"": ""w_normie"", ""temperatura_zapłonu"": ""w_normie"", ""zanieczyszczenia_stałe"": ""w_normie"", ""woda"": ""w_dopuszczalnym_zakresie"", ""płyn_chłodniczy"": ""lekko_podniesiony"", ""sód"": ""lekko_podniesiony"", ""ołów"": ""podniesiony"", ""metale_zużyciowe"": ""w_normie""}",1,UWAGA
P2001720,"Oznaczona lepkość w normie dla oleju klasy SAE 40. Temperatura zapłonu w zakresie granicznym. Zawartość metalicznych produktów zużycia w normie. Nie stwierdzono niepokojącego zanieczyszczenia oleju.



Wnioski i zalecenia:

Olej kwalifikuje się do dalszej eksploatacji. Proszę obserwować zmiany w następnej analizie. Wykonać kolejne badanie zgodnie z przyjętym harmonogramem diagnostyki. ","{""lepkość"": ""w_normie"", ""temperatura_zapłonu"": ""w_zakresie_granicznym"", ""metale_zużyciowe"": ""w_normie""}",1,W NORMIE
P2002400,"Oznaczona lepkość w normie. Temperatura zapłonu jest lekko obniżona. Zawartość ołowiu jest podniesiona. Poziom pozostałych metalicznych produktów zużycia określony w badaniu pierwiastków (cząstki <5um) w normie.

Wnioski i Zalecenia:

Oznaczona zawartość ołowiu może wskazywać na zachodzące procesy zużyciowe w silniku (np. zużycie łożysk ślizgowych). W celu potwierdzenia diagnostyki i oszacowania dynamiki zużycia proszę przeprowadzić kolejne badanie za około 200h.","{""lepkość"": ""w_normie"", ""temperatura_zapłonu"": ""lekko_obniżony"", ""ołów"": ""podniesiony"", ""metale_zużyciowe"": ""w_normie""}",1,UWAGA
P2002724,"Oznaczona lepkość w normie. Temperatura zapłonu utrzymuje się na stabilnym poziomie. Zawartość krzemu jest lekko podniesiona. Zawartość sodu wzrosła jedynie nieznacznie w stosunku do poprzedniej analizy. Zawartość żelaza, miedzi oraz ołowiu jest podniesiona i wskazuje na zachodzenie procesów zużycia w obrębie układu smarnego silnika. Indeks PQ w normie.

Wnioski i Zalecenia:

Ze względu na przyrost parametrów zużyciowych zalecam przeprowadzić inspekcję silnika. Proszę powiązać wykryte metale zużyciowe z metalurgią układu (np. łożyska silnika). Proszę przeprowadzić kolejne badanie po wykonaniu zabiegów korygujących.","{""lepkość"": ""w_normie"", ""krzem"": ""lekko_podniesiony"", ""sód"": ""podniesiony"", ""żelazo"": ""podniesiony"", ""miedź"": ""podniesiony"", ""ołów"": ""podniesiony"", ""pq_indeks"": ""w_normie""}",1,UWAGA
P2002744,"Oznaczona lepkość w normie dla oleju klasy SAE 15W-40. Temperatura zapłonu obniżona. Własności dyspergujące w normie. Liczba zasadowa na bezpiecznym poziomie. Zawartość stałych zanieczyszczeń w normie. Skokowy wzrost zawartości metali zużyciowych (oznaczona w badaniu pierwiastków, cząstki <5µm) - ołowiu, miedzi oraz żelaza. Indeks PQ, informujący o zawartości cząstek ferromagnetycznych bez względu na rozmiar cząstek, w normie. Zawartość wody w dopuszczalnym zakresie. Podwyższona zawartość sodu, lekko podwyższona zawartość potasu - prawdopodobne źródło to pochodna zanieczyszczenia oleju płynem chłodniczym lub wodą. Podwyższona zawartość krzemu - prawdopodobne źródło to pył/kurz z otoczenia.



Zalecenia i wnioski:

Olej nie kwalifikuje się do dalszej eksploatacji. Proszę przeprowadzić kontrolę układu olejowego ukierunkowaną na zużycie lub/i korozję elementów zawierających w metalurgii wykryte pierwiastki (np. łożysk). Przeprowadzić kontrolę układu chłodzenia. Proszę przysłać kolejną próbkę do badań po wykonaniu działań korygujących.","{""lepkość"": ""w_normie"", ""temperatura_zapłonu"": ""obniżony"", ""liczba_zasadowa"": ""w_zakresie_bezpiecznym"", ""zanieczyszczenia_stałe"": ""w_normie"", ""pq_indeks"": ""w_normie"", ""woda"": ""w_dopuszczalnym_zakresie"", ""płyn_chłodniczy"": ""lekko_podniesiony"", ""sód"": ""lekko_podniesiony"", ""potas"": ""lekko_podniesiony"", ""krzem"": ""podniesiony""}",2,UWAGA
P2002855,"Oznaczona lepkość w normie. Temperatura zapłonu jest lekko obniżona. Zawartość sodu jest na wysokim poziomie i wykazuje trend wzrostowy. Zawartość żelaza jest lekko podniesiona. Poziom pozostałych metalicznych produktów zużycia określony w badaniu pierwiastków (cząstki <5um) w normie. Indeks PQ w normie.

Wnioski i Zalecenia:

Proszę sprawdzić układ chłodzenia silnika pod kątem wycieku płynu chłodniczego do układu smarnego silnika. Proszę przeprowadzić kolejne badanie po wykonaniu zabiegów korygujących.","{""lepkość"": ""w_normie"", ""temperatura_zapłonu"": ""lekko_obniżony"", ""sód"": ""podniesiony"", ""żelazo"": ""lekko_podniesiony"", ""metale_zużyciowe"": ""w_normie"", ""pq_indeks"": ""w_normie""}",1,UWAGA
P2003074,"Oznaczona lepkość w normie. Zawartość stałych ciał obcych w normie. Liczba zasadowa w normie. Własności dyspergujące w normie. Temperatura zapłonu nieznacznie obniżona. Zawartość wody w normie. Poziom metalicznych produktów zużycia określony w badaniu pierwiastków (cząstki <5um) w normie. Indeks PQ w normie.

Wnioski i Zalecenia:

Proszę obserwować zmiany w następnej analizie. Przeprowadzić proszę kolejne badani zgodnie z przyjętym harmonogramem diagnostyki olejowej.","{""lepkość"": ""w_normie"", ""stałe_ciała_obce"": ""w_normie"", ""liczba_zasadowa"": ""w_normie"", ""temperatura_zapłonu"": ""nieznacznie_obniżony"", ""woda"": ""w_normie"", ""metale_zużyciowe"": ""w_normie"", ""pq_indeks"": ""w_normie""}",0,W NORMIE
P2003761,"Oznaczona lepkość w normie dla oleju klasy SAE 40. Temperatura zapłonu w normie. Zawartość metalicznych produktów zużycia w normie. Lekko podwyższona zawartość krzemu - prawdopodobne pochodzenie to kurz/pył z otoczenia.



Zalecenia i wnioski:

Olej kwalifikuje się do dalszej eksploatacji. Proszę obserwować zmiany trendów w następnej analizie, zgodnie z przyjętym harmonogramem diagnostyki.","{""lepkość"": ""w_normie"", ""temperatura_zapłonu"": ""w_normie"", ""metale_zużyciowe"": ""w_normie"", ""krzem"": ""lekko_podniesiony""}",1,W NORMIE
P2004386,"Lepkość w dolnej granicy klasy SAE 50. Temperatura zapłonu nieznacznie obniżona. Liczba zasadowa w normie. Zawartość metali zużyciowych w normie. Nie wykryto niepokojącego zanieczyszczenia paliwem ani glikolem w próbce.

Wnioski i zalecenia:

Obserwować zmiany w następnej analizie. Wykonać kolejne badanie zgodnie z harmonoramem. ","{""temperatura_zapłonu"": ""nieznacznie_obniżony"", ""liczba_zasadowa"": ""w_normie"", ""metale_zużyciowe"": ""w_normie"", ""paliwo"": ""brak_wykrycia"", ""glikol"": ""brak_wykrycia""}",1,W NORMIE
P2004493,"Oznaczona lepkość w normie dla oleju klasy SAE 15W-40. Temperatura zapłonu w zakresie granicznym. Zawartość stałych zanieczyszczeń w normie. Zawartość metalicznych produktów zużycia (oznaczona w badaniu pierwiastków, cząstki <5µm) oraz indeks PQ (informujący o zawartości cząstek ferromagnetycznych bez względu na rozmiar) w normie. Zawartość wody w normie. Własności dyspergujące w normie. Liczba zasadowa na bezpiecznym poziomie.



Zalecenia i wnioski:

Olej kwalifikuje się do dalszej eksploatacji. Proszę obserwować zmiany w następnej analizie, zgodnie z przyjętym harmonogramem diagnostyki. ","{""lepkość"": ""w_normie"", ""temperatura_zapłonu"": ""w_zakresie_granicznym"", ""zanieczyszczenia_stałe"": ""w_normie"", ""pq_indeks"": ""w_normie"", ""metale_zużyciowe"": ""w_normie"", ""woda"": ""w_normie"", ""liczba_zasadowa"": ""w_zakresie_bezpiecznym""}",0,W NORMIE
P2005452,"Oznaczona lepkość obniżona i wykracza poza granicę klasy SAE 50. Zawartość żelaza jest na znacznie wyższym poziomie w stosunku do poprzedniej analizy. Poziom pozostałych metalicznych produktów zużycia również jest lekko podniesiony. Temperatura zapłonu w normie.

Wnioski i Zalecenia:

Ze względu na wysoki poziom parametrów zużyciowych olej nie kwalifikuje się do dalszej eksploatacji. Proszę przeprowadzić inspekcję ukierunkowaną na zużycie/korozję elementów układu olejowego. Przeprowadzić proszę kolejne badanie po wykonaniu zabiegów korygujacych.","{""lepkość"": ""obniżony"", ""metale_zużyciowe"": ""lekko_podniesiony"", ""temperatura_zapłonu"": ""w_normie""}",2,UWAGA
P2005887,"Oznaczona lepkość wskazuje na olej klasy SAE 40. Temperatura zapłonu w normie. Zawartość krzemu jest lekko podniesiona. Zawartość ołowiu oraz żelaza jest podniesiona. Zawartość miedzi jest lekko podniesiona. Poziom pozostałych metalicznych produktów zużycia określony w badaniu pierwiastków (cząstki <5um) w normie.

Wnioski i Zalecenia:

Proszę przeprowadzić inspekcję diagnostyczną silnika. Proszę powiązać wykryte metale zużyciowe z metalurgią układu (metale wskazywać mogą na zużycie łożysk). Proszę przeprowadzić kolejne badanie po wykonaniu zabiegów korygujących.","{""lepkość"": ""w_normie"", ""temperatura_zapłonu"": ""w_normie"", ""krzem"": ""lekko_podniesiony"", ""żelazo"": ""podniesiony"", ""ołów"": ""podniesiony"", ""miedź"": ""lekko_podniesiony"", ""metale_zużyciowe"": ""w_normie""}",1,UWAGA
P2006268,"Lepkość w normie dla klasy SAE 40. Zawartość zanieczyszczeń w normie. Temperatura zapłonu lekko obniżona. Zawartość wody w normie. Wyraźny wzrost zawartości żelaza oraz ołowiu w stosunku do poprzednich analiz. 

Wnioski i zalecenia:

Ze względu na wyraźny wzrost zawartość metali zużyciowych zalecam wymianę oleju na świeży. Skontrolować smarowane elementy pod kątem ewentualnego zużycia/uszkodzenia. Wykonać kolejne badanie po przeprowadzeniu czynności korygujących. ","{""lepkość"": ""w_normie"", ""temperatura_zapłonu"": ""lekko_obniżony"", ""woda"": ""w_normie""}",1,UWAGA
P2006680,"Oznaczona lepkość w normie. Temperatura zapłonu w normie. Zawartość krzemu jest lekko podniesiona - wskazuje na kurz/pył z otoczenia, elastyczne uszczelnienia czy materiały montażowe na bazie silikonu. Poziom metalicznych produktów zużycia określony w badaniu pierwiastków (cząstki <5um) w normie.

Wnioski i Zalecenia:

Proszę skontrolować układ doprowadzania powietrza. Należy obserwować zmiany w następnej analizie. Przeprowadzić kolejne badanie zgodnie z przyjętym harmonogramem diagnostyki olejowej.","{""lepkość"": ""w_normie"", ""temperatura_zapłonu"": ""w_normie"", ""krzem"": ""lekko_podniesiony"", ""metale_zużyciowe"": ""w_normie""}",1,W NORMIE
P2006942,"Lepkość w normie dla klasy SAE 40. Liczba zasadowa w normie. Własności dyspergujące w normie. Temperatura zapłonu nieznacznie obniżona. Zawartość wody w normie. Poziom metali zużyciowych w normie. 

Wnioski i zalecenia:

Olej kwalifikuje się do dalszej eksploatacji. Obserwować zmiany w kolejnej analizie. Wykonać następne badanie zgodnie z harmonogramem. ","{""lepkość"": ""w_normie"", ""liczba_zasadowa"": ""w_normie"", ""temperatura_zapłonu"": ""nieznacznie_obniżony"", ""woda"": ""w_normie"", ""metale_zużyciowe"": ""w_normie""}",0,W NORMIE
P2008439,"Lepkość w normie dla klasy SAE 40. Liczba zasadowa w normie. Własności dyspergujące w normie. Temperatura zapłonu nieznacznie obniżona. Zawartość wody w normie. Poziom metali zużyciowych w normie. 

Wnioski i zalecenia:

Olej kwalifikuje się do dalszej eksploatacji. Obserwować zmiany w kolejnej analizie. Wykonać następne badanie zgodnie z harmonogramem. ","{""lepkość"": ""w_normie"", ""liczba_zasadowa"": ""w_normie"", ""temperatura_zapłonu"": ""nieznacznie_obniżony"", ""woda"": ""w_normie"", ""metale_zużyciowe"": ""w_normie""}",1,W NORMIE
P2008653,"Oznaczona lepkość jest w zakresie granicznym. Zawartość stałych ciał obcych w normie. Liczba zasadowa w normie. Temperatura zapłonu w normie. Zawartość wody w normie. Poziom metalicznych produktów zużycia określony w badaniu pierwiastków (cząstki <5um) w normie. Indeks PQ w normie.

Wnioski i Zalecenia:

Proszę obserwować zmiany w następnej analizie. Przeprowadzić kolejne badanie zgodnie z przyjętym harmonogramem diagnostyki olejowej.","{""lepkość"": ""w_zakresie_granicznym"", ""stałe_ciała_obce"": ""w_normie"", ""liczba_zasadowa"": ""w_normie"", ""temperatura_zapłonu"": ""w_normie"", ""woda"": ""w_normie"", ""metale_zużyciowe"": ""w_normie"", ""pq_indeks"": ""w_normie""}",1,W NORMIE
P2008966,"Lepkość w normie dla klasy SAE 40. Liczba zasadowa w trendzie spadkowym. Zawartość zanieczyszczeń stałych w normie. Temperatura zapłonu w normie. Nie stwierdzono niepokojącego zanieczyszczenia oleju glikolem ani paliwem. Lekko podniesiona zawartość miedzi, nastąpił spadek w stosunku do poprzedniej analizy. Własności dyspergujące znacznie obniżone. Widmo IR wskazuje na inny typ oleju niż deklarowany przez Państwa.

Wnioski i zalecenia:

Ze względu na spadkowy trend własności dyspergujących oraz liczby zasadowej zalecamy przeprowadzenie wymiany oleju  przy najbliższej okazji. Wykonać kolejne badanie zgodnie z harmonogramem. ","{""lepkość"": ""w_normie"", ""zanieczyszczenia_stałe"": ""w_normie"", ""temperatura_zapłonu"": ""w_normie"", ""glikol"": ""brak_wykrycia"", ""miedź"": ""lekko_podniesiony""}",1,UWAGA
P2009720,"Lepkość w normie dla klasy SAE 40. Zawartość ciał stałych w zakresie dopuszczalnym. Liczba zasadowa w normie. Własności dyspergujące w normie. Temperatura zapłonu nieznacznie obniżona. Zawartość metali zużyciowych w normie. 

Wnioski i zalecenia:

Oznaczone parametry uległy jedynie niewielkim zmianom w stosunku do poprzednich analiz. Zalecane śledzenie zmian w kolejnej analizie. Prosimy wykonać kolejne badanie nie później niż za ok. 500mth pracy silnika. ","{""lepkość"": ""w_normie"", ""stałe_ciała_obce"": ""w_dopuszczalnym_zakresie"", ""liczba_zasadowa"": ""w_normie"", ""temperatura_zapłonu"": ""nieznacznie_obniżony"", ""metale_zużyciowe"": ""w_normie""}",1,W NORMIE
P2010310,"Oznaczona lepkość w zakresie granicznym dla oleju klasy SAE 15W/40. Temperatura zapłonu w normie. Zawartość metalicznych cząstek zużyciowych (oznaczona w badaniu pierwiastków, cząstki <5µm) w akceptowalnym zakresie. Zawartość krzemu utrzymuje się na stałym poziomie w porównaniu do poprzedniej analizy.



Zalecenia i wnioski:

Proszę obserwować zmiany trendów w następnej analizie, zgodnie z przyjętym harmonogramem diagnostyki olejowej.","{""lepkość"": ""w_zakresie_granicznym"", ""temperatura_zapłonu"": ""w_normie"", ""metale_zużyciowe"": ""w_akceptowalnym_zakresie""}",1,W NORMIE
P2010641,"Oznaczona lepkość w zakresie dopuszczalnym dla oleju klasy SAE 40. Własności dyspergujące w normie. Liczba zasadowa na bezpiecznym poziomie. Temperatura zapłonu lekko obniżona. Wysoka zawartość ołowiu i miedzi - wskazuje na wycieranie łożysk, nieznana jest dynamika przyrostu parametrów. Zawartość wody w zakresie granicznym. Zawartość stałych zanieczyszczeń w normie.



Zalecenia i wnioski:

Ze względu na zawartość cząstek zużyciowych zalecana jest wymiana oleju na świeży przy okazji najbliższych czynności serwisowych silnika. Zalecana jest kontrola smarowanych elementów w celu wykrycia ewentualnych oznak zużycia/awarii. Proszę wykonać kolejne badanie po przeprowadzeniu zabiegów korygujących.","{""lepkość"": ""w_dopuszczalnym_zakresie"", ""liczba_zasadowa"": ""w_zakresie_bezpiecznym"", ""temperatura_zapłonu"": ""lekko_obniżony"", ""miedź"": ""podniesiony"", ""ołów"": ""podniesiony"", ""woda"": ""w_zakresie_granicznym"", ""zanieczyszczenia_stałe"": ""w_normie""}",2,UWAGA
P2010807,"Oznaczona lepkość w zakresie granicznym dla oleju klasy SAE 40. Temperatura zapłonu w normie. Zawartość stałych ciał obcych w normie. Liczba zasadowa na bezpiecznym poziomie. Własności dyspergujące w normie.  Zawartość wody w akceptowalnym zakresie. Poziom metalicznych produktów zużycia w normie.

Wnioski i zalecenia:

Proszę obserwować zmiany w następnej analizie. Przeprowadzić kolejne badanie zgodnie z przyjętym harmonogramem diagnostyki olejowej.","{""lepkość"": ""w_zakresie_granicznym"", ""temperatura_zapłonu"": ""w_normie"", ""stałe_ciała_obce"": ""w_normie"", ""liczba_zasadowa"": ""w_zakresie_bezpiecznym"", ""woda"": ""w_akceptowalnym_zakresie"", ""metale_zużyciowe"": ""w_normie""}",0,W NORMIE
P2011353,"Lepkość w normie. Temperatura zapłonu lekko obniżona. Zawartość zanieczyszczeń stałych w normie. Własności dyspergujące w normie. Zawartość wody w normie. Zawartość metali zużyciowych w normie. 

Wnioski i zalecenia:

Zauważalny jest lekki spadek lepkości raz temperatury zapłonu - zalecana obserwacja zmian w kolejnej analizie. Wykonać następne badanie za ok. 500 mth pracy silnika. ","{""lepkość"": ""w_normie"", ""temperatura_zapłonu"": ""lekko_obniżony"", ""zanieczyszczenia_stałe"": ""w_normie"", ""woda"": ""w_normie"", ""metale_zużyciowe"": ""w_normie""}",1,W NORMIE
P2011817,"Lepkość w górnej granicy klasy SAE 40. Liczba zasadowa w normie. Zawartość ciał stałych w normie. Własności dyspergujące w normie. Temperatura zapłonu nieznacznie obniżona. Nie stwierdzono zanieczyszczenia paliwem ani glikolem. Zawartość metali zużyciowych w normie. 

Wnioski i zalecenia:

Olej kwalifikuje się do dalszej eksploatacji. Zalecane wykonanie kolejnego badania za ok 500 mth pracy silnika. ","{""liczba_zasadowa"": ""w_normie"", ""stałe_ciała_obce"": ""w_normie"", ""temperatura_zapłonu"": ""nieznacznie_obniżony"", ""paliwo"": ""brak_wykrycia"", ""glikol"": ""brak_wykrycia"", ""metale_zużyciowe"": ""w_normie""}",1,W NORMIE
P2012174,"Oznaczona lepkość oraz poziom dodatków uszlachetniających w normie. Temperatura zapłonu w normie. Nieznacznie podniesiona zawartość miedzi i żelaza. Poziom pozostałych metalicznych produktów zużycia w dopuszczalnym zakresie.

Zalecenia i wnioski:

W celu śledzenia trendu zawartości pierwiastków przeprowadzić kolejne badania za około 250mth. Proszę obserwować zmiany w następnej analizie. ","{""lepkość"": ""w_normie"", ""dodatki_uszlachetniające"": ""w_normie"", ""temperatura_zapłonu"": ""w_normie"", ""żelazo"": ""nieznacznie_podniesiony"", ""miedź"": ""nieznacznie_podniesiony"", ""metale_zużyciowe"": ""w_dopuszczalnym_zakresie""}",1,W NORMIE
P2012307,"Lepkość w normie dla klasy SAE 40. Zawartość zanieczyszczeń stałych w normie. Zawartość wody w normie. Temperatura zapłonu nieznacznie obniżona.

Wnioski i zalecenia:

Oznaczone parametry znajdują się w dopuszczalnych przedziałach. Prosimy o przesłanie kolejnej próbki do analizy zgodnie z przyjętym harmonogramem. ","{""lepkość"": ""w_normie"", ""zanieczyszczenia_stałe"": ""w_normie"", ""woda"": ""w_normie"", ""temperatura_zapłonu"": ""nieznacznie_obniżony""}",1,W NORMIE
P2012635,"Oznaczona lepkość w górnej granicy dla oleju klasy SAE 40. Zawartość ciał stałych w normie. Liczba zasadowa w normie. Własności dyspergujące w normie. Zawartość wody w normie. Temperatura zapłonu nieznacznie obniżona. Poziom metalicznych produktów zużycia oznaczony w badaniu pierwiastków (cząstki o rozmiarze <5um w normie. Indeks PQ informujący o zawartości cząstek ferromagnetycznych (niezależnie od rozmiaru cząstek) w normie.

Zalecenia i wnioski:

Proszę obserwować zmiany w następnej analizie. Przeprowadzić kolejne badanie zgodnie z harmonogramem diagnostyki olejowej.","{""stałe_ciała_obce"": ""w_normie"", ""liczba_zasadowa"": ""w_normie"", ""woda"": ""w_normie"", ""temperatura_zapłonu"": ""nieznacznie_obniżony"", ""metale_zużyciowe"": ""w_normie"", ""pq_indeks"": ""w_normie""}",0,W NORMIE
P2012910,"Lepkość w zakresie granicznym klas SAE 40 i 50. Temperatura zapłonu w normie. Nie stwierdzono niepokojącego zanieczyszczenia oleju glikolem ani olejem napędowym. Zawartość metali zużyciowych w normie. 

Wnioski i zalecenia:

Zalecane śledzenie zmian w kolejnych analizach. Wykonać następne badanie za ok. 500 mth pracy silnika. ","{""lepkość"": ""w_zakresie_granicznym"", ""temperatura_zapłonu"": ""w_normie"", ""glikol"": ""brak_wykrycia"", ""metale_zużyciowe"": ""w_normie""}",1,W NORMIE
P2013429,"Oznaczona lepkość w normie. Temperatura zapłonu w normie. Poziom dodatków uszlachetniających w normie. Lekko podniesiona zawartość miedzi. Poziom pozostałych metalicznych produktów zużycia w normie.

Zalecenia i wnioski:

W celu obserwacji trendu zawartości miedzi przeprowadzić kolejne badanie za około 500mth. Proszę obserwować zmiany w następnej analizie.","{""lepkość"": ""w_normie"", ""temperatura_zapłonu"": ""w_normie"", ""dodatki_uszlachetniające"": ""w_normie"", ""miedź"": ""lekko_podniesiony"", ""metale_zużyciowe"": ""w_normie""}",1,W NORMIE
P2013736,"Oznaczona lepkość w normie. Temperatura zapłonu lekko obniżona w stosunku do poprzedniego badania. Zawartość pierwiastków zużyciowych w dopuszczalnym zakresie.

Zalecenia i wnioski : 

Proszę obserwować zmiany w następnej analizie. Przysłać kolejną próbkę do badań zgodnie z przyjętym harmonogramem diagnostyki płynu.   ","{""lepkość"": ""w_normie"", ""temperatura_zapłonu"": ""lekko_obniżony"", ""metale_zużyciowe"": ""w_dopuszczalnym_zakresie""}",0,W NORMIE
P2014143,"Oznaczona lepkość w normie dla klasy SAE 40. Temperatura zapłonu nieznacznie obniżona. Zawartość metali zużyciowych w normie. Nie stwierdzono niepokojącego zanieczyszczenia glikolem ani paliwem.

Zalecenia i wnioski : 

Obserwować zmiany w następnej analizie. Wykonać kolejne badanie zgodnie z harmonogramem. ","{""lepkość"": ""w_normie"", ""temperatura_zapłonu"": ""nieznacznie_obniżony"", ""metale_zużyciowe"": ""w_normie"", ""glikol"": ""brak_wykrycia""}",0,W NORMIE
P2100263,"Oznaczona lepkość w dolnym zakresie granicznym. Temperatura zapłonu obniżona. Na widmie w podczerwieni FTIR widoczne ślady pozostałości biokomponentów paliwa. Poziom metalicznych produktów zużycia oznaczony w badaniu pierwiastków (cząstki o rozmiarze <5um) w normie. 

Wnioski i zalecenia:

Wyniki analizy olejowej wskazują na obecność paliwa w oleju. Zaleca się skontrolować układ doprowadzania paliwa w celu zweryfikowania źródła paliwa w oleju. Przeprowadzić kolejne badanie po wykonaniu zabiegów korygujących.","{""lepkość"": ""w_zakresie_granicznym"", ""temperatura_zapłonu"": ""obniżony"", ""metale_zużyciowe"": ""w_normie""}",1,UWAGA
P2100448,"Oznaczona lepkość w normie dla oleju klasy SAE 40. Zawartość stałych ciał obcych w zakresie akceptowalnym. Temperatura zapłonu w zakresie granicznym. Zawartość wody w normie. 

Wnioski i zalecenia:

Przeprowadzić kolejne badanie zgodnie z harmonogramem diagnostyki olejowej. Proszę obserwować zmiany w następnej analizie.","{""lepkość"": ""w_normie"", ""stałe_ciała_obce"": ""w_akceptowalnym_zakresie"", ""temperatura_zapłonu"": ""w_zakresie_granicznym"", ""woda"": ""w_normie""}",1,W NORMIE
P2100464,"Oznaczona lepkość oraz poziom dodatków uszlachetniających w normie. Temperatura zapłonu w normie. Nieznacznie podniesiona zawartość miedzi. Poziom pozostałych metalicznych produktów zużycia w dopuszczalnym zakresie.

Zalecenia i wnioski:

W celu śledzenia trendu zawartości pierwiastków przeprowadzić kolejne badania za około 250mth. Proszę obserwować zmiany w następnej analizie.","{""lepkość"": ""w_normie"", ""dodatki_uszlachetniające"": ""w_normie"", ""temperatura_zapłonu"": ""w_normie"", ""miedź"": ""nieznacznie_podniesiony"", ""metale_zużyciowe"": ""w_dopuszczalnym_zakresie""}",0,W NORMIE
P2100632,"Oznaczona lepkość w zakresie granicznym dla klasy SAE 40. Temperatura zapłonu w normie. Zawartość metali zużyciowych oraz dodatków uszlachetniających w normie.

Zalecenia i wskazania : 

Proszę obserwować zmiany w następnej analizie. Wykonać kolejne badanie zgodnie z przyjętym harmonogramem diagnostyki olejowej.","{""lepkość"": ""w_zakresie_granicznym"", ""temperatura_zapłonu"": ""w_normie"", ""metale_zużyciowe"": ""w_normie"", ""dodatki_uszlachetniające"": ""w_normie""}",0,W NORMIE
P2100635,"Oznaczona lepkość w zakresie granicznym dla klasy SAE 40. Temperatura zapłonu w normie. Zawartość żelaza lekko podniesiona. Zawartość pozostałych metali zużyciowych w normie. 

Zalecenia i wnioski : 

Proszę śledzić trend zużycia w kolejnym badaniu. Wykonać kolejne badanie zgodnie z przyjętym harmonogramem diagnostyki olejowej. ","{""lepkość"": ""w_zakresie_granicznym"", ""temperatura_zapłonu"": ""w_normie"", ""żelazo"": ""lekko_podniesiony"", ""metale_zużyciowe"": ""w_normie""}",0,W NORMIE
P2100853,"Oznaczona lepkość w normie. Własności dyspergujące lekko obniżone, jednak wygląd membrany nie wskazuje na pogorszony stan oleju. Temperatura zapłonu w normie. Indeks PQ informujący o zawartości cząstek ferromagnetycznych w normie.

Wnioski i zalecenia:

Przeprowadzić kolejne badanie zgodnie z harmonogramem diagnostyki olejowej. Proszę obserwować zmiany w następnej analizie. ","{""lepkość"": ""w_normie"", ""własności_filtrujące"": ""lekko_obniżony"", ""temperatura_zapłonu"": ""w_normie"", ""pq_indeks"": ""w_normie""}",1,W NORMIE
P2100888,"Oznaczona lepkość jest w zakresie granicznym między klasą SAE 40, a SAE 50. Zawartość stałych ciał obcych podwyższona. Liczba zasadowa w normie. Własności dyspergujące w normie. Temperatura zapłonu w normie. Zawartość wody w normie. Zawartość potasu i sodu podniesiona. Zawartość miedzi, żelaza i ołowiu podniesiona - utrzymuje się jednak stabilny trend wartości. Poziom pozostałych metalicznych produktów zużycia określony w badaniu pierwiastków (cząstki <5um) w normie. Indeks PQ w normie.

Wnioski i Zalecenia:

Uzyskane wyniki wskazują na zanieczyszczenie oleju paliwem oraz płynem chłodniczym. Zalecana wymiana oleju na świeży oraz kontrola układów pod kątem ewentualnych przecieków. Zwiększona zawartość miedzi oraz ołowiu wskazuje na możliwe zużycie łożysk ślizgowych. ","{""lepkość"": ""w_zakresie_granicznym"", ""stałe_ciała_obce"": ""podniesiony"", ""liczba_zasadowa"": ""w_normie"", ""temperatura_zapłonu"": ""w_normie"", ""woda"": ""w_normie"", ""sód"": ""podniesiony"", ""potas"": ""podniesiony"", ""żelazo"": ""podniesiony"", ""miedź"": ""podniesiony"", ""ołów"": ""podniesiony"", ""metale_zużyciowe"": ""w_normie"", ""pq_indeks"": ""w_normie""}",1,UWAGA
P2100889,"Oznaczona lepkość w normie dla klasy SAE 40. Temperatura zapłonu w normie. Poziom krzemu lekko podniesiony. Zawartość metali zużyciowych w przedziale akceptowalnym. 

Zalecenia i wnioski:

Proszę obserwować zmiany w następnej analizie. Wykonać kolejne badanie zgodnie z przyjętym harmonogramem diagnostyki olejowej.","{""lepkość"": ""w_normie"", ""temperatura_zapłonu"": ""w_normie"", ""krzem"": ""lekko_podniesiony"", ""metale_zużyciowe"": ""w_akceptowalnym_zakresie""}",0,W NORMIE
P2101134,"Oznaczona lepkość w normie dla klasy SAE 40. Temperatura zapłonu w normie. Zawartość krzemu lekko podniesiona. Zawartość pierwiastków zużyciowych w normie.



Zalecenia i wnioski:

Proszę monitorować układ pod kątem dostawania się zanieczyszczeń z otoczenia (pył/kurz). Proszę obserwować zmiany w następnej analizie. Wykonać kolejne badanie zgodnie z przyjętym harmonogramem diagnostyki olejowej.","{""lepkość"": ""w_normie"", ""temperatura_zapłonu"": ""w_normie"", ""krzem"": ""lekko_podniesiony"", ""metale_zużyciowe"": ""w_normie""}",0,W NORMIE
P2101591,"Oznaczona lepkość w normie dla klasy SAE 40. Temperatura zapłonu w normie. Zawartość krzemu lekko podniesiona - wskazuje na zanieczyszczenia z zewnątrz (pył/kurz). Nie stwierdzono zanieczyszczenia glikolem czy olejem napędowym. Zawartość miedzi na poziomie krytycznym.

Zalecenia i wnioski:

Wysoka zawartość miedzi może świadczyć o postępującej korozji i/lub zużywaniu się elementów silnika. Proszę o niezwłoczne przesłanie próbki kontrolnej do weryfikacji. ","{""lepkość"": ""w_normie"", ""temperatura_zapłonu"": ""w_normie"", ""krzem"": ""lekko_podniesiony"", ""glikol"": ""brak_wykrycia""}",2,UWAGA
P2101626,"Oznaczona lepkość w zakresie akceptowalnym dla oleju klasy SAE 40. Temperatura zapłonu obniżona. Wysoka zawartość sodu - prawdopodobne źródło to pochodna zanieczyszczenia oleju płynem chłodniczym lub wodą. Zawartość metalicznych cząstek zużyciowych lekko podwyższona, jednak nie wskazuje na krytyczny przebieg procesów zużycia i/lub korozji smarowanych elementów.     



Zalecenia i wnioski:

Wskazana jest wymiana oleju na świeży o ile jeszcze nie nastąpiła. Proszę przeprowadzić kontrolę układu chłodzenia. Wykonać kolejne badanie po przeprowadzeniu działań korygujących.","{""lepkość"": ""w_akceptowalnym_zakresie"", ""temperatura_zapłonu"": ""obniżony"", ""płyn_chłodniczy"": ""podniesiony"", ""sód"": ""podniesiony"", ""metale_zużyciowe"": ""lekko_podniesiony""}",2,UWAGA
P2101753,"Oznaczona lepkość w zakresie granicznym dla oleju klasy SAE 40. Zawartość stałych ciał obcych w normie. Liczba zasadowa w normie. Własności dyspergujące w normie. Temperatura zapłonu w normie. Zawartość wody w normie. Poziom metalicznych produktów zużycia lekko podniesiony, jednak w trendzie stabilnym. Indeks PQ w normie.

Wnioski i zalecenia:

Przeprowadzić kolejne badanie zgodnie z harmonogramem diagnostyki olejowej. Proszę obserwować zmiany w następnej analizie.","{""lepkość"": ""w_zakresie_granicznym"", ""stałe_ciała_obce"": ""w_normie"", ""liczba_zasadowa"": ""w_normie"", ""temperatura_zapłonu"": ""w_normie"", ""woda"": ""w_normie"", ""metale_zużyciowe"": ""lekko_podniesiony"", ""pq_indeks"": ""w_normie""}",0,W NORMIE
P2101803,"Lepkość w normie dla klasy SAE 40. Zawartość ciał stałych w zakresie akceptowalnym. Liczba zasadowa w normie. Własności dyspergujące w normie. Temperatura zapłonu nieznacznie obniżona. Zawartość wody w normie. Nie stwierdzono niepokojącego zanieczyszczenia glikolem ani paliwem. Zawartość metali zużyciowych w trendzie stabilnym - nie wskazuje na intensywne zużycie/korozję smarowanych elementów.

Wnioski i zalecenia:

Olej kwalifikuje się do dalszej eksploatacji. Obserwować zmiany w kolejnej analizie. Wykonać następne badanie zgodnie z przyjętym harmonogramem diagnostyki. ","{""lepkość"": ""w_normie"", ""stałe_ciała_obce"": ""w_akceptowalnym_zakresie"", ""liczba_zasadowa"": ""w_normie"", ""temperatura_zapłonu"": ""nieznacznie_obniżony"", ""woda"": ""w_normie"", ""glikol"": ""brak_wykrycia""}",0,W NORMIE
P2101898,"Oznaczona lepkość w normie. Własności dyspergujące są obniżone, jednak wygląd membrany nie wskazuje na pogorszony stan oleju. Temperatura zapłonu w normie. Indeks PQ w normie.

Wnioski i zalecenia:

Przeprowadzić kolejne badanie zgodnie z harmonogramem diagnostyki olejowej. Proszę obserwować zmiany w następnej analizie.","{""lepkość"": ""w_normie"", ""własności_filtrujące"": ""pogorszony"", ""temperatura_zapłonu"": ""w_normie"", ""pq_indeks"": ""w_normie""}",1,W NORMIE
P2101911,"Oznaczona lepkość w normie dla oleju klasy SAE 15W-40. Wzajemny stosunek liczby kwasowej i liczby zasadowej świadczy o wyczerpaniu rezerwy alkalicznej. Na widmie w podczerwieni widoczne charakterystyczne zmiany wskazujące na zaawansowaną oksydację oleju. Zawartość metalicznych cząstek zużyciowych podwyższona, nie krytycznie. Zawartość wody lekko podwyższona. Podwyższona zawartość krzemu - prawdopodobne pochodzenie to kurz/pył z otoczenia. 





Zalecenia i wnioski:

Wyniki przeprowadzonych badań świadczą o intensywnym przebiegu procesów degradacji oleju. Olej nie kwalifikuje się do dalszej eksploatacji. Zalecane jest wykonanie kolejnego badania po przeprowadzeniu wymiany oleju na świeży.","{""lepkość"": ""w_normie"", ""metale_zużyciowe"": ""podniesiony"", ""woda"": ""lekko_podniesiony"", ""krzem"": ""podniesiony""}",2,UWAGA
P2102047,"Oznaczona lepkość w normie dla klasy SAE 40. Temperatura zapłonu w normie. Poziom krzemu lekko podniesiony. Nie stwierdzono niepokojącej obecności glilkolu oraz oleju napędowego. Zawartość metali zużyciowych określona w badaniu pierwiastków w normie. 

Zalecenia i wnioski:

Olej kwalifikuje się do dalszej eksploatacji. Proszę obserwować zmiany w następnej analizie. Wykonać kolejne badanie zgodnie z przyjętym harmonogramem diagnostyki olejowej. ","{""lepkość"": ""w_normie"", ""temperatura_zapłonu"": ""w_normie"", ""krzem"": ""lekko_podniesiony"", ""olej_napędowy"": ""brak_wykrycia"", ""metale_zużyciowe"": ""w_normie""}",0,W NORMIE
P2102282,"Oznaczona lepkość w normie. Zawartość stałych ciał obcych w normie. Liczba zasadowa w normie. Poziom sodu lekko podniesiony. Zawartość metalicznych produktów zużycia określona w badaniu pierwiastków w normie.

Zalecenia i wnioski:

Proszę obserwować zmiany w następnej analizie. Wykonać kolejne badanie zgodnie z przyjętym harmonogramem diagnostyki olejowej.","{""lepkość"": ""w_normie"", ""stałe_ciała_obce"": ""w_normie"", ""liczba_zasadowa"": ""w_normie"", ""sód"": ""lekko_podniesiony"", ""metale_zużyciowe"": ""w_normie""}",0,W NORMIE
P2102283,"Oznaczona lepkość w normie. Zawartość stałych ciał obcych w normie. Liczba zasadowa w normie. Poziom krzemu lekko podniesiony. Zawartość metalicznych produktów zużycia określona w badaniu pierwiastków w normie.

Zalecenia i wnioski:

Proszę obserwować zmiany w następnej analizie. Wykonać kolejne badanie zgodnie z przyjętym harmonogramem diagnostyki olejowej.","{""lepkość"": ""w_normie"", ""stałe_ciała_obce"": ""w_normie"", ""liczba_zasadowa"": ""w_normie"", ""krzem"": ""lekko_podniesiony"", ""metale_zużyciowe"": ""w_normie""}",1,W NORMIE
P2102884,"Oznaczona lepkość w normie dla oleju klasy SAE 15W-40. Temperatura zapłonu lekko obniżona. Rezerwa alkaliczna na bezpiecznym poziomie. Własności dyspergujące pogorszone. W porównaniu do poprzednich badań stwierdzono skokowy wzrost zawartości miedzi (cząstki <5µm). Pozostałe oznaczone pierwiastki zużyciowe w normie. Zawartość wody w dopuszczalnym zakresie. Zawartość stałych zanieczyszczeń w normie. Na widmie w podczerwieni nie stwierdzono charakterystycznych zmian świadczących o podwyższonej zawartości płynu chłodniczego lub oleju napędowego w próbce.



Zalecenia i wnioski:

Wskazana jest wymiana oleju na świeży. Proszę obserwować zmiany w następnych analizach po przeprowadzeniu działań korygujących.","{""lepkość"": ""w_normie"", ""temperatura_zapłonu"": ""lekko_obniżony"", ""rezerwa_alkaliczna"": ""w_zakresie_bezpiecznym"", ""metale_zużyciowe"": ""w_normie"", ""woda"": ""w_dopuszczalnym_zakresie"", ""zanieczyszczenia_stałe"": ""w_normie"", ""olej_napędowy"": ""brak_wykrycia""}",1,UWAGA
P2102885,"Oznaczona lepkość w normie dla oleju klasy SAE 40. Temperatura zapłonu w zakresie granicznym. Rezerwa alkaliczna w normie. Własności dyspergujące w normie. Zawartość metalicznych cząstek zużyciowych w normie. Zawartość wody w dopuszczalnym zakresie. Zawartość stałych zanieczyszczeń w normie. 



Zalecenia i wnioski:

Proszę obserwować zmiany w następnej analizie zgodnie z przyjętym harmonogramem diagnostyki. ","{""lepkość"": ""w_normie"", ""temperatura_zapłonu"": ""w_zakresie_granicznym"", ""rezerwa_alkaliczna"": ""w_normie"", ""metale_zużyciowe"": ""w_normie"", ""woda"": ""w_dopuszczalnym_zakresie"", ""zanieczyszczenia_stałe"": ""w_normie""}",1,W NORMIE
P2103171,"Lepkość w normie dla klasy SAE 40. Zawartość zanieczyszczeń stałych lekko podniesiona. Liczba zasadowa w normie. Temperatura zapłonu w normie. Własności dyspergujące w zakresie akceptowalnym. Zawartość wody w normie. Krytyczny wzrost zawartości miedzi w stosunku do poprzednich analiz. Nie stwierdzono zanieczyszczenie glikolem ani olejem napędowym. 

Wnioski i zalecenia:

Zalecamy przesłanie do analizy próbki weryfikującej, tak nagły przyrost zawartości miedzi wskazuje na możliwe uszkodzenie smarowanych elementów zawierających wspomniany pierwiastek (m.in. łożyska). Zalecamy przesłanie do analizy możliwie szybko próbki kontrolnej lub wymianę oleju na świeży przy najbliższej okazji. ","{""lepkość"": ""w_normie"", ""zanieczyszczenia_stałe"": ""lekko_podniesiony"", ""liczba_zasadowa"": ""w_normie"", ""temperatura_zapłonu"": ""w_normie"", ""woda"": ""w_normie"", ""glikol"": ""brak_wykrycia""}",2,UWAGA
P2103405,"Oznaczona lepkość w dolnym zakresie granicznym dla oleju klasy SAE 40. Zawartość stałych ciał obcych w normie. Liczba zasadowa w normie. Własności dyspergujące lekko obniżone. Temperatura zapłonu lekko obniżona. Zawartość wody w normie. Poziom metalicznych produktów zużycia oznaczony w badaniu pierwiastków (cząstki o rozmiarze <5um) w normie. Indeks PQ w normie.

Wnioski i zalecenia:

Przeprowadzić kolejne badanie zgodnie z harmonogramem diagnostyki olejowej. Proszę obserwować zmiany w następnej analizie.","{""lepkość"": ""w_zakresie_granicznym"", ""stałe_ciała_obce"": ""w_normie"", ""liczba_zasadowa"": ""w_normie"", ""temperatura_zapłonu"": ""lekko_obniżony"", ""woda"": ""w_normie"", ""metale_zużyciowe"": ""w_normie"", ""pq_indeks"": ""w_normie""}",0,W NORMIE
P2103541,"Oznaczona lepkość w normie. Temperatura zapłonu w normie. Zawartość miedzi lekko podwyższona w stosunku do ostatniego badania, jednak utrzymuje się w trendzie stabilnym. Pozostałe parametry w normie.

Zalecenia i wnioski : 

Proszę obserwować zmiany w następnej analizie. Wykonać kolejne badanie zgodnie z przyjętym harmonogramem diagnostyki olejowej.","{""pozostałe_parametry"": ""w_normie"", ""lepkość"": ""w_normie"", ""temperatura_zapłonu"": ""w_normie"", ""miedź"": ""lekko_podniesiony""}",0,W NORMIE
P2104298,"Oznaczona lepkość w normie. Temperatura zapłonu w normie. Zawartość miedzi jest lekko podwyższona, jednak pozostaje na tym samym poziomie w stosunku do poprzedniego badania. Poziom pozostałych metalicznych produktów zużycia w normie.

Wnioski i zalecenia:

Przeprowadzić kolejne badanie zgodnie z harmonogramem diagnostyki olejowej. Proszę obserwować zmiany w następnej analizie.","{""lepkość"": ""w_normie"", ""temperatura_zapłonu"": ""w_normie"", ""miedź"": ""lekko_podniesiony"", ""metale_zużyciowe"": ""w_normie""}",1,W NORMIE
P2104386,"Oznaczona lepkość w normie dla oleju klasy SAE 40. Zawartość stałych ciał obcych w normie. Liczba zasadowa w normie. Własności dyspergujące w normie. Temperatura zapłonu lekko obniżona. Zawartość wody w normie. Poziom metalicznych produktów zużycia oznaczony w badaniu pierwiastków (cząstki o rozmiarze <5um) w normie. Indeks PQ w normie.

Wnioski i zalecenia:

Przeprowadzić kolejne badanie zgodnie z harmonogramem diagnostyki olejowej. Proszę obserwować zmiany w następnej analizie. ","{""lepkość"": ""w_normie"", ""stałe_ciała_obce"": ""w_normie"", ""liczba_zasadowa"": ""w_normie"", ""temperatura_zapłonu"": ""lekko_obniżony"", ""woda"": ""w_normie"", ""metale_zużyciowe"": ""w_normie"", ""pq_indeks"": ""w_normie""}",0,W NORMIE
P2104552,"Oznaczona lepkość w normie dla oleju klasy SAE 40. Temperatura zapłonu w normie. Zawartość krzemu na wysokim poziomie. Bardzo wysoka zawartość żelaza. Podniesiony poziom miedzi. Lekko podniesiona zawartość cyny, glinu. Pozostałe parametry zużyciowe w normie. 

Zalecenia i wnioski:

W krótkim czasie eksploatacji licząc od ostatniej wymiany oleju nastąpił znaczny przyrost żelaza. Może to wskazywać na stan awaryjny silnika. Zaleca się niezwłocznie wykonać badanie kontrolne. Jeżeli uważacie Państwo że próbka jest reprezentatywna, należy przeprowadzić inspekcję silnika.  Wysłać próbkę do badania po przeprowadzeniu zabiegów korygujących.","{""pozostałe_parametry"": ""w_normie"", ""lepkość"": ""w_normie"", ""temperatura_zapłonu"": ""w_normie"", ""krzem"": ""wysoki"", ""żelazo"": ""podniesiony"", ""miedź"": ""podniesiony"", ""glin"": ""lekko_podniesiony"", ""cyna"": ""lekko_podniesiony""}",2,UWAGA
P2104596,"Oznaczona lepkość w normie. Liczba zasadowa w normie. Temperatura zapłonu w normie. Zawartość krzemu lekko podwyższona. Zawartość żelaza, miedzi oraz manganu podwyższona.

Wnioski i zalecenia:

Podwyższona zawartość krzemu może mieć związek z zachodzącym zużyciem abrazyjnym. Obecność manganu oraz pozostałych metalicznych produktów zużycia świadczy o intensywnych procesach zużyciowych zachodzących w obrębie układu smarnego. Proszę skontrolować stan elementów zawierających pierwiastki wykryte w badaniu. Przeprowadzić kolejne badanie po wykonaniu zabiegów korygujących. Proszę obserwować zmiany w następnej analizie.","{""lepkość"": ""w_normie"", ""liczba_zasadowa"": ""w_normie"", ""temperatura_zapłonu"": ""w_normie"", ""krzem"": ""lekko_podniesiony"", ""żelazo"": ""podniesiony"", ""miedź"": ""podniesiony""}",1,UWAGA
P2104959,"Oznaczona lepkość w normie dla oleju klasy SAE 40. Zawartość stałych ciał obcych w zakresie akceptowalnym. Liczba zasadowa w normie. Własności dyspergujące w normie. Temperatura zapłonu lekko obniżona. Zawartość sodu oraz potasu podwyższona. Zawartość wody w normie. Poziom metalicznych produktów zużycia jest podwyższony, jednak utrzymuje się w trendzie stabilnym. Indeks PQ w normie.

Wnioski i zalecenia:

Podwyższona zawartość sodu oraz potasu wskazuje na zanieczyszczenie oleju płynem chłodniczym. Należy zidentyfikować i usunąć źródło przedostającego się płynu do oleju. Po przeprowadzeniu napraw wymienić olej na świeży. Przeprowadzić kolejne badanie po wykonaniu zabiegów korygujących.","{""lepkość"": ""w_normie"", ""stałe_ciała_obce"": ""w_akceptowalnym_zakresie"", ""liczba_zasadowa"": ""w_normie"", ""temperatura_zapłonu"": ""lekko_obniżony"", ""sód"": ""podniesiony"", ""potas"": ""podniesiony"", ""woda"": ""w_normie"", ""metale_zużyciowe"": ""podniesiony"", ""pq_indeks"": ""w_normie""}",2,UWAGA
P2104960,"Oznaczona lepkość lekko obniżona dla oleju klasy SAE 40. Zawartość stałych ciał obcych w normie. Liczba zasadowa w normie. Własności dyspergujące w normie. Temperatura zapłonu lekko obniżona. Zawartość wody w normie. Poziom metalicznych produktów zużycia oznaczony w badaniu pierwiastków (cząstki o rozmiarze <5um) w normie. Indeks PQ w normie.

Wnioski i zalecenia:

Obniżona temperatura zapłonu oraz lepkość może wskazywać na nieznaczne zanieczyszczenie oleju paliwem lub wyeksploatowanie oleju. Zaleca się przeprowadzić wymianę oleju na świeży oraz skontrolować układ doprowadzania paliwa. Przeprowadzić kolejne badanie zgodnie z harmonogramem diagnostyki olejowej. ","{""lepkość"": ""lekko_obniżony"", ""stałe_ciała_obce"": ""w_normie"", ""liczba_zasadowa"": ""w_normie"", ""temperatura_zapłonu"": ""lekko_obniżony"", ""woda"": ""w_normie"", ""metale_zużyciowe"": ""w_normie"", ""pq_indeks"": ""w_normie""}",1,UWAGA
P2106135,"Lepkość w dolnym zakresie granicznym dla klasy SAE 40. Temperatura zapłonu w normie. Nie stwierdzono zanieczyszczenia glikolem ani olejem napędowym. Zawartość metali zużyciowych w normie. 

Wnioski i zalecenia:

Proszę obserwować zmiany w następnej analizie. Wykonać kolejne badanie zgodnie z przyjętym harmonogramem diagnostyki olejowej.","{""lepkość"": ""w_zakresie_granicznym"", ""temperatura_zapłonu"": ""w_normie"", ""glikol"": ""brak_wykrycia"", ""metale_zużyciowe"": ""w_normie""}",0,W NORMIE
P2107803,"Oznaczona lepkość obniżona. Temperatura zapłonu w zakresie granicznym. Własności dyspergujące w normie. Liczba zasadowa na bezpiecznym poziomie. Zawartość stałych zanieczyszczeń w normie. Zawartość sadzy w trendzie rosnącym. Zawartość wody w normie. Zawartość cząstek zużyciowych w normie.



Zalecenia i wnioski:

Ze względu na obniżoną lepkość wskazana jest wymiana oleju na świeży. Proszę obserwować zmiany w kolejnych badaniach po przeprowadzeniu działań korygujących. ","{""lepkość"": ""obniżony"", ""temperatura_zapłonu"": ""w_zakresie_granicznym"", ""liczba_zasadowa"": ""w_zakresie_bezpiecznym"", ""zanieczyszczenia_stałe"": ""w_normie"", ""sadza"": ""podniesiony"", ""woda"": ""w_normie"", ""metale_zużyciowe"": ""w_normie""}",1,UWAGA
P2107977,"Oznaczona lepkość w normie. Temperatura zapłonu w normie. Zawartość miedzi podwyższona. Zawartość ołowiu lekko podniesiona.

Wnioski i zalecenia:

Zawartość metali w trendzie wzrostowym wskazuje na zwiększone procesy zużyciowe w obrębie układu smarnego. Zaleca się skontrolować stan elementów silnika. Proszę przysłać próbkę weryfikacyjną. ","{""lepkość"": ""w_normie"", ""temperatura_zapłonu"": ""w_normie"", ""miedź"": ""podniesiony"", ""ołów"": ""lekko_podniesiony""}",1,UWAGA
P2108754,"Oznaczona lepkość w normie. Temperatura zapłonu w normie. Nie stwierdzono niepokojącego zanieczyszczenia glikolem czy olejem napędowym. Poziom miedzi na krytycznym poziomie. Lekko podniesiona zawartość ołowiu. Pozostałe parametry zużyciowe w normie.

Zalecenia i wnioski:

Ze względu na krytyczny wzrost zawartości miedzi proszę pilnie przysłać próbkę kontrolną w celu weryfikacji wyniku analizy. W międzyczasie proszę o kontrolę elementów smarowanych zawierających w swoim składzie wykryte pierwiastki w celu oceny ich stanu technicznego.","{""pozostałe_parametry"": ""w_normie"", ""lepkość"": ""w_normie"", ""temperatura_zapłonu"": ""w_normie"", ""glikol"": ""brak_wykrycia"", ""ołów"": ""lekko_podniesiony""}",2,UWAGA
P2109819,"Oznaczona lepkość w normie. Temperatura zapłonu w normie. Zawartość sodu lekko podniesiona - trend stabilny. Poziom metalicznych produktów zużycia na stabilnym poziomie. Indeks PQ informujący o zawartości cząstek ferromagnetycznych (niezależnie od rozmiaru cząstek) w normie.

Wnioski i zalecenia:

Przeprowadzić kolejne badanie zgodnie z harmonogramem diagnostyki olejowej. Proszę obserwować zmiany w następnej analizie.","{""lepkość"": ""w_normie"", ""temperatura_zapłonu"": ""w_normie"", ""sód"": ""lekko_podniesiony"", ""pq_indeks"": ""w_normie""}",1,W NORMIE
P2110206,"Lepkość w normie dla klasy SAE 40. Liczba zasadowa w normie. Zawartość stałych ciał obcych lekko podniesiona w stosunku do poprzedniej analizy. Poziom metalicznych produktów zużycia oznaczony w badaniu pierwiastków (cząstki o rozmiarze <5um) w normie. 

Wnioski i zalecenia:

Proszę skontrolować stan wkładów filtracyjnych pod kątem dostawania się zanieczyszczeń. Obserwować zmiany w następnej analizie. Zalecane wykonanie kolejnego badania nie później niż za 1000 mth pracy silnika. ","{""lepkość"": ""w_normie"", ""liczba_zasadowa"": ""w_normie"", ""stałe_ciała_obce"": ""lekko_podniesiony"", ""metale_zużyciowe"": ""w_normie""}",0,W NORMIE
P2110207,"Oznaczona lepkość w normie. Zawartość stałych ciał obcych w normie. Liczba zasadowa w normie. Lekko podniesiony poziom miedzi oraz żelaza - związane jest to najprawdopodobniej z początkowym okresem życia silnika i docieraniem się jego elementów - należy śledzić trend zmian. 

Wnioski i zalecenia:

W celu śledzenie trendu zalecamy wykonanie kolejnego badanie za ok. 500 mth pracy silnika. ","{""lepkość"": ""w_normie"", ""stałe_ciała_obce"": ""w_normie"", ""liczba_zasadowa"": ""w_normie"", ""żelazo"": ""lekko_podniesiony"", ""miedź"": ""lekko_podniesiony""}",1,W NORMIE
P2110871,"Oznaczona lepkość w normie. Temperatura zapłonu w normie. Zawartość miedzi podwyższona - trend rosnący. Poziom pozostałych metalicznych produktów zużycia (cząstki o rozmiarze <5 mikronów) w normie. Zawartość krzemu lekko podniesiona.

Wnioski i zalecenia:

Zalecane jest przeprowadzenie inspekcji wewnętrznej ukierunkowanej na identyfikację podwyższonego zużycia. Przeprowadzić kolejne badanie po wykonaniu niezbędnych napraw. Proszę obserwować zmiany w następnej analizie.","{""lepkość"": ""w_normie"", ""temperatura_zapłonu"": ""w_normie"", ""miedź"": ""podniesiony"", ""metale_zużyciowe"": ""w_normie"", ""krzem"": ""lekko_podniesiony""}",2,UWAGA
P2110946,"Oznaczona lepkość w zakresie akceptowalnym. Własności dyspergujące obniżone. Temperatura zapłonu lekko obniżona. Pozostałość po spopieleniu w normie. Indeks PQ informujący o zawartości cząstek ferromagnetycznych (niezależnie od rozmiaru cząstek) w normie.

Wnioski i zalecenia:

Ze względu na pogorszone parametry oleju zalecana jest wymiana oleju na świeży. Przeprowadzić kolejne badanie zgodnie z harmonogramem diagnostyki olejowej. Proszę obserwować zmiany w następnej analizie.","{""lepkość"": ""w_akceptowalnym_zakresie"", ""temperatura_zapłonu"": ""lekko_obniżony"", ""pozostałość_po_spopieleniu"": ""w_normie"", ""pq_indeks"": ""w_normie""}",1,UWAGA
P2111314,"Oznaczona lepkość w zakresie granicznym dla klasy SAE 40. Temperatura zapłonu w dopuszczalnym zakresie. Zawartość cząstek zużyciowych w normie. Nie stwierdzono niepokojącego zanieczyszczenia oleju paliwem ani płynem chłodniczym.



Zalecenia i wnioski:

Oznaczone parametry mieszczą się w granicach tolerancji. Zalecana jest obserwacja zmian w kolejnym badaniu za 500mth.","{""lepkość"": ""w_zakresie_granicznym"", ""temperatura_zapłonu"": ""w_dopuszczalnym_zakresie"", ""metale_zużyciowe"": ""w_normie"", ""płyn_chłodniczy"": ""brak_wykrycia""}",1,W NORMIE
P2111582,"Oznaczona lepkość w zakresie akceptowalnym dla oleju klasy SAE 15W-40. Liczba zasadowa na bezpiecznym poziomie. Zawartość miedzi i żelaza lekko podniesiona - najprawdopodobniej jest to spowodowane docieraniem się silnika i jest to sytuacja spodziewana. Zawartość stałych zanieczyszczeń w normie. Nie stwierdzono niepokojącego zanieczyszczenia oleju paliwem ani płynem chłodniczym.

Zalecenia i wnioski:

Proszę obserwować zmiany w następnej analizie zgodnie z przyjętym harmonogramem diagnostyki.","{""lepkość"": ""w_akceptowalnym_zakresie"", ""liczba_zasadowa"": ""w_zakresie_bezpiecznym"", ""żelazo"": ""lekko_podniesiony"", ""miedź"": ""lekko_podniesiony"", ""zanieczyszczenia_stałe"": ""w_normie"", ""płyn_chłodniczy"": ""brak_wykrycia""}",1,W NORMIE
P2112301,"Oznaczona lepkość w normie. Temperatura zapłonu w normie.Poziom metalicznych produktów zużycia oznaczony w badaniu pierwiastków ( cząstki o rozmiarze <5um) w normie.W porównaniu do poprzedniego badania lekko podwyższona zawartość krzemu pozostająca w dopuszczalnym limicie.

Zalecenia i wnioski:

Proszę obserwować zmiany w następnej analizie. Przeprowadzić następne badanie zgodnie z harmonogramem diagnostyki olejowej.

 ","{""lepkość"": ""w_normie"", ""temperatura_zapłonu"": ""w_normie"", ""metale_zużyciowe"": ""w_normie"", ""krzem"": ""lekko_podniesiony""}",0,W NORMIE
P2112361,"Oznaczona lepkość w normie. Temperatura zapłonu w normie. Poziom metalicznych produktów zużycia oznaczony w badaniu pierwiastków (cząstki <5um) w normie.Lekko podwyższona zawartość krzemu pozostająca w dopuszczalnym limicie.

Zalecenia i wnioski: 

Proszę obserwować zmiany w następnej analizie. Przeprowadzić badanie zgodnie z harmonogramem diagnostyki olejowej.","{""lepkość"": ""w_normie"", ""temperatura_zapłonu"": ""w_normie"", ""metale_zużyciowe"": ""w_normie"", ""krzem"": ""lekko_podniesiony""}",0,W NORMIE
P2112362,"Oznaczona lepkość w normie. Temperatura zapłonu w normie. Poziom metalicznych produktów zużycia oznaczony w badaniu pierwiastków (cząstki <5um) w normie.Lekko podwyższona zawartość krzemu pozostająca w dopuszczalnym limicie.

Zalecenia i wnioski: 

Proszę obserwować zmiany w następnej analizie. Przeprowadzić badanie zgodnie z harmonogramem diagnostyki olejowej.","{""lepkość"": ""w_normie"", ""temperatura_zapłonu"": ""w_normie"", ""metale_zużyciowe"": ""w_normie"", ""krzem"": ""lekko_podniesiony""}",0,W NORMIE
P2112368,"Oznaczona lepkość w normie. Temperatura zapłonu w normie.Poziom metalicznych produktów zużycia oznaczony w badaniu pierwiastków (cząstki <5um) w normie.Lekko podwyższona zawartość krzemu pozostająca w dopuszczalnym limicie.

Zalecenia i wnioski: 

Proszę obserwować zmiany w następnej analizie. Wykonać kolejne badanie zgodnie z przyjętym harmonogramem diagnostyki olejowej. ","{""lepkość"": ""w_normie"", ""temperatura_zapłonu"": ""w_normie"", ""metale_zużyciowe"": ""w_normie"", ""krzem"": ""lekko_podniesiony""}",0,W NORMIE
P2112379,"Oznaczona lepkość w normie. Temperatura zapłonu w normie. Lekko podwyższona zawartość miedzi pozostająca w dopuszczalnym limicie. Poziom pozostałych metalicznych produktów zużycia  oznaczony w badaniu pierwiastków ( cząstki o rozmiarze <5um) w normie.

Wnioski i zalecenia: 

Proszę obserwować zmiany w następnej analizie. Wykonać badanie zgodnie z przyjętym harmonogramem diagnostyki olejowej ","{""lepkość"": ""w_normie"", ""temperatura_zapłonu"": ""w_normie"", ""miedź"": ""lekko_podniesiony"", ""metale_zużyciowe"": ""w_normie""}",0,W NORMIE
P2112481,"Zawartość pierwiastków zużyciowych w normie. Wysoka zawartość ołowiu pochodzącego z paliwa jest sytuacją typową dla lotniczych silników tłokowych. Lekko podwyższona zawartość krzemu - prawdopodobne pochodzenie to kurz/pył z otoczenia.



Zalecenia i wnioski:

Proszę obserwować zmiany w kolejnym badaniu zgodnie z przyjętym harmonogramem diagnostyki. ","{""metale_zużyciowe"": ""w_normie"", ""paliwo"": ""podniesiony"", ""ołów"": ""podniesiony"", ""krzem"": ""lekko_podniesiony""}",0,W NORMIE
P2112491,"Oznaczona lepkość w normie. Temperatura zapłonu w normie. Lekko podwyższona zawartość miedzi pozostająca w dopuszczalnym limicie. Pozostały poziom  metalicznych produktów zużycia oznaczony w badaniu pierwiastków ( cząstki o rozmiarze <5 um) w normie. 

Wnioski i zalecenia:

Proszę obserwować zmiany w następnej analizie. Wykonać badanie zgodnie z przyjętym harmonogramem diagnostyki olejowej.","{""lepkość"": ""w_normie"", ""temperatura_zapłonu"": ""w_normie"", ""miedź"": ""lekko_podniesiony"", ""metale_zużyciowe"": ""w_normie""}",0,W NORMIE
P2113241,"Oznaczona lepkość w normie. Liczba zasadowa w normie. Temperatura zapłonu w normie. Zawartość krzemu lekko podwyższona. Zawartość żelaz oraz miedzi podwyższona.

Wnioski i zalecenia:

Proszę skontrolować stan elementów zawierających pierwiastki wykryte w badaniu. Przeprowadzić kolejne badanie po wykonaniu zabiegów korygujących. Proszę obserwować zmiany w następnej analizie.","{""lepkość"": ""w_normie"", ""liczba_zasadowa"": ""w_normie"", ""temperatura_zapłonu"": ""w_normie"", ""krzem"": ""lekko_podniesiony"", ""żelazo"": ""podniesiony"", ""miedź"": ""podniesiony""}",2,UWAGA
P2113567,"Oznaczona lepkość poniżej oczekiwanego poziomu. Własności dyspergujące pogorszone - wskazuje na duży potencjał nierozpraszania sadzy. Temperatura zapłonu w normie. Pozostałość po spopieleniu w normie. Indeks PQ w normie.

Zalecenia i wnioski:

Ze względu na pogorszone parametry oleju zalecana jest wymiana oleju na świeży. Przeprowadzić kolejne badanie zgodnie z harmonogramem diagnostyki olejowej. Proszę obserwować zmiany w następnej analizie.","{""sadza"": ""pogorszony"", ""temperatura_zapłonu"": ""w_normie"", ""pozostałość_po_spopieleniu"": ""w_normie"", ""pq_indeks"": ""w_normie""}",2,UWAGA
P2113666,"Oznaczona lepkość poniżej dolnego zakresu granicznego dla oleju klasy SAE 40. Temperatura zapłonu w normie. Podniesiony poziom żelaza i miedzi, jednak ze względu na brak wyników historycznych nie  można określić dynamiki zużycia. Indeks PQ w normie. Na widmie IR można stwierdzić znaczną obecność sadzy w oleju.

Zalecenia i wnioski:

Ze względu na zanieczyszczenie oleju oraz obniżoną lepkość olej nie kwalifikuje się do dalszej eksploatacji. Proszę wymienić olej na świeży. Wykonać kolejne badanie po przeprowadzeniu zabiegów korygujących.","{""lepkość"": ""w_zakresie_granicznym"", ""temperatura_zapłonu"": ""w_normie"", ""żelazo"": ""podniesiony"", ""miedź"": ""podniesiony"", ""pq_indeks"": ""w_normie""}",1,UWAGA
P2114169,"Oznaczona lepkość w normie dla klasy SAE 40. Temperatura zapłonu lekko obniżona. Zawartość stałych zanieczyszczeń w normie. Zawartość wody w normie. Na widmie w podczerwieni nie stwierdzono charakterystycznych zmian świadczących o zanieczyszczeniu oleju płynem chłodniczym.



Zalecenia i wnioski:

Proszę obserwować zmiany w kolejnym badaniu zgodnie z przyjętym harmonogramem diagnostyki.","{""lepkość"": ""w_normie"", ""temperatura_zapłonu"": ""lekko_obniżony"", ""zanieczyszczenia_stałe"": ""w_normie"", ""woda"": ""w_normie"", ""płyn_chłodniczy"": ""brak_wykrycia""}",1,W NORMIE
P2115105,"Lepkość w zakresie typowym dla klasy SAE 40. Temperatura zapłonu w normie. Nie stwierdzono niepokojąco podwyższonej zawartości cząstek zużyciowych. Na widmie w podczerwieni nie stwierdzono zmian wskazujących na wysoką zawartość sadzy w oleju, nie stwierdzono zmian świadczących o zanieczyszczeniu oleju płynem chłodniczym. Lekko podwyższona zawartość krzemu - prawdopodobne pochodzenie to kurz/pył z otoczenia, procedura poboru próbki mogła mieć wpływ na wynik oznaczenia.



Zalecenia i wnioski:

Olej kwalifikuje się do dalszej eksploatacji. Proszę obserwować zmiany w kolejnym badaniu zgodnie z przyjętym harmonogramem diagnostyki.","{""lepkość"": ""w_normie"", ""temperatura_zapłonu"": ""w_normie"", ""płyn_chłodniczy"": ""brak_wykrycia"", ""sadza"": ""brak_wykrycia"", ""krzem"": ""lekko_podniesiony""}",0,W NORMIE
P2115704,"Oznaczona lepkość dla klasy SAE 40 w normie. Temperatura zapłonu w normie. Lekko podwyższona zawartość miedzi w trendzie stałym. Poziom pozostałych  metalicznych produktów zużycia ( cząstki o rozmiarze <5um)

Wnioski i zalecenia: 

Proszę obserwować zmiany w następnej analizie. Wykonać kolejne badanie zgodnie z harmonogramem diagnostyki. ","{""lepkość"": ""w_normie"", ""temperatura_zapłonu"": ""w_normie"", ""miedź"": ""lekko_podniesiony""}",1,W NORMIE
P2115735,"Oznaczona lepkość dla klasy SAE 40 w normie. Temperatura zapłonu w normie. Lekko podwyższona zawartość miedzi w trendzie stałym. Poziom pozostałych  metalicznych produktów zużycia ( cząstki o rozmiarze <5um)

Wnioski i zalecenia: 

Proszę obserwować zmiany w następnej analizie. Wykonać kolejne badanie zgodnie z harmonogramem diagnostyki. ","{""lepkość"": ""w_normie"", ""temperatura_zapłonu"": ""w_normie"", ""miedź"": ""lekko_podniesiony""}",1,W NORMIE
P2115752,"Lepkość w normie dla klasy SAE 40. Temperatura zapłonu w normie. Nie stwierdzono niepokojąco podwyższonej zawartości cząstek zużyciowych. Zawartość sodu lekko podwyższona (prawdopodobnie jest to pochodna zanieczyszczenia oleju płynem chłodniczym lub wodą), stwierdzono poprawę w porównaniu do poprzednich analiz. 



Zalecenia i wnioski:

Proszę obserwować zmiany w kolejnym badaniu zgodnie z przyjętym harmonogramem diagnostyki.","{""lepkość"": ""w_normie"", ""temperatura_zapłonu"": ""w_normie"", ""płyn_chłodniczy"": ""lekko_podniesiony"", ""sód"": ""lekko_podniesiony""}",1,W NORMIE
P2115894,"Lepkość w normie dla oleju klasy SAE 40. Temperatura zapłonu lekko obniżona. Liczba zasadowa na bezpiecznym poziomie. Zawartość cząstek zużyciowych w normie. Własności dyspergujące na dopuszczalnym poziomie. Zawartość stałych zanieczyszczeń w normie. Zawartość wody w normie. Na widmie w podczerwieni nie stwierdzono charakterystycznych zmian świadczących o zanieczyszczeniu oleju płynem chłodniczym.



Zalecenia i wnioski:

Olej kwalifikuje się do dalszej eksploatacji. Proszę obserwować zmiany w kolejnym badaniu zgodnie z przyjętym harmonogramem diagnostyki.","{""lepkość"": ""w_normie"", ""temperatura_zapłonu"": ""lekko_obniżony"", ""liczba_zasadowa"": ""w_zakresie_bezpiecznym"", ""metale_zużyciowe"": ""w_normie"", ""zanieczyszczenia_stałe"": ""w_normie"", ""woda"": ""w_normie"", ""płyn_chłodniczy"": ""brak_wykrycia""}",1,W NORMIE
P2116600,"Oznaczona lepkość dla klasy  ISO VG 32 w normie. Klasa czystości pogorszona.  Poziom metalicznych produktów zużycia oznaczony w badaniu pierwiastków (cząstki o rozmiarze <5um) w normie.



Wnioski i zalecenia:

Ze względu na  pogorszoną klasę czystości zalecana jest kontrola stanu i ewentualna wymiana wkładów filtracyjnych. W celu weryfikacji poziomu zanieczyszczeń proszę przysłać próbkę kontrolną po przeprowadzeniu zabiegów korygujących. Proszę obserwować zmiany w następnej analizie.","{""lepkość"": ""w_normie"", ""iso_vg"": ""w_normie"", ""klasa_czystości"": ""pogorszony"", ""metale_zużyciowe"": ""w_normie""}",1,UWAGA
P2117534,"Lepkość w zakresie granicznym dla klasy SAE 40. Liczba zasadowa mieści się w akceptowalnym zakresie. Nie stwierdzono podwyższonej zawartości cząstek zużyciowych. Na widmie w podczerwieni nie stwierdzono charakterystycznych zmian świadczących o zanieczyszczeniu oleju płynem chłodniczym. Zawartość stałych zanieczyszczeń w normie.



Zalecenia i wnioski:

Wszystkie oznaczone parametry mieszczą się w dopuszczalnym zakresie. Proszę obserwować zmiany w kolejnym badaniu zgodnie z przyjętym harmonogramem diagnostyki.","{""lepkość"": ""w_zakresie_granicznym"", ""liczba_zasadowa"": ""w_akceptowalnym_zakresie"", ""płyn_chłodniczy"": ""brak_wykrycia"", ""zanieczyszczenia_stałe"": ""w_normie""}",0,W NORMIE
P2117536,"Lepkość w zakresie granicznym dla klasy SAE 40. Liczba zasadowa mieści się w akceptowalnym zakresie. Nie stwierdzono niepokojąco podwyższonej zawartości cząstek zużyciowych. Na widmie w podczerwieni nie stwierdzono charakterystycznych zmian świadczących o zanieczyszczeniu oleju płynem chłodniczym. Zawartość stałych zanieczyszczeń w normie.



Zalecenia i wnioski:

Wszystkie oznaczone parametry mieszczą się w dopuszczalnym zakresie. Proszę obserwować zmiany w kolejnym badaniu zgodnie z przyjętym harmonogramem diagnostyki.  ","{""lepkość"": ""w_zakresie_granicznym"", ""liczba_zasadowa"": ""w_akceptowalnym_zakresie"", ""płyn_chłodniczy"": ""brak_wykrycia"", ""zanieczyszczenia_stałe"": ""w_normie""}",0,W NORMIE
P2117537,"Lepkość w zakresie granicznym dla klasy SAE 40. Liczba zasadowa mieści się w akceptowalnym zakresie. Nie stwierdzono niepokojąco podwyższonej zawartości cząstek zużyciowych. Na widmie w podczerwieni nie stwierdzono charakterystycznych zmian świadczących o zanieczyszczeniu oleju płynem chłodniczym. Zawartość stałych zanieczyszczeń w normie.



Zalecenia i wnioski:

Wszystkie oznaczone parametry mieszczą się w dopuszczalnym zakresie. Proszę obserwować zmiany w kolejnym badaniu zgodnie z przyjętym harmonogramem diagnostyki.  ","{""lepkość"": ""w_zakresie_granicznym"", ""liczba_zasadowa"": ""w_akceptowalnym_zakresie"", ""płyn_chłodniczy"": ""brak_wykrycia"", ""zanieczyszczenia_stałe"": ""w_normie""}",0,W NORMIE
P2117542,"Lepkość w zakresie granicznym dla klasy SAE 40. Liczba zasadowa mieści się w bezpiecznym zakresie. Nie stwierdzono podwyższonej zawartości cząstek zużyciowych. Na widmie w podczerwieni nie stwierdzono charakterystycznych zmian świadczących o zanieczyszczeniu oleju płynem chłodniczym. Zawartość stałych zanieczyszczeń na dopuszczalnym poziomie.



Zalecenia i wnioski:

Wszystkie oznaczone parametry mieszczą się w dopuszczalnym zakresie. Proszę obserwować zmiany w kolejnym badaniu zgodnie z przyjętym harmonogramem diagnostyki.","{""lepkość"": ""w_zakresie_granicznym"", ""liczba_zasadowa"": ""w_zakresie_bezpiecznym"", ""płyn_chłodniczy"": ""brak_wykrycia"", ""zanieczyszczenia_stałe"": ""w_dopuszczalnym_zakresie""}",0,W NORMIE
P2117674,"Oznaczona lepkość w normie. Temperatura zapłonu w normie. Zawartość miedzi lekko podniesiona - trend stabilny. Poziom pozostałych metalicznych produktów zużycia oznaczony w badaniu pierwiastków (cząstki o rozmiarze <5 mikronów) w normie. 

Wnioski i zalecenia:

Obserwować zmiany trendu w następnej analizie. Przeprowadzić kolejne badanie zgodnie z harmonogramem diagnostyki olejowej.","{""lepkość"": ""w_normie"", ""temperatura_zapłonu"": ""w_normie"", ""miedź"": ""lekko_podniesiony"", ""metale_zużyciowe"": ""w_normie""}",0,W NORMIE
P2200236,"Lepkość w zakresie granicznym dla klasy SAE 50. Temperatura zapłonu na poziomie akceptowalnym. Nie stwierdzono niepokojącego zanieczyszczenia oleju. Zawartość cząstek zużyciowych w normie.



Zalecenia i wnioski:

Oznaczone parametry mieszczą się w akceptowalnych zakresach. Zalecana jest obserwacja zmian w kolejnym badaniu zgodnie z przyjętym harmonogramem diagnostyki. ","{""lepkość"": ""w_zakresie_granicznym"", ""temperatura_zapłonu"": ""w_akceptowalnym_zakresie"", ""metale_zużyciowe"": ""w_normie""}",1,W NORMIE
P2200611,"Oznaczona lepkość lekko obniżona dla oleju klasy SAE 40. Zawartość stałych ciał obcych w normie. Liczba zasadowa w trendzie malejącym, co zmniejsza ochronę oleju przed tworzeniem się kwaśnych produktów spalania. Widmo IR wskazuje na rozbieżności od próbki referencyjnej. Własności dyspergujące w normie. Temperatura zapłonu w w zakresie akceptowalnym. Zawartość wody w normie. Poziom metalicznych produktów zużycia oznaczony w badaniu pierwiastków (cząstki o rozmiarze <5 mikronów) w normie. Indeks PQ w normie.



Zalecenia i wnioski:

Obniżona lepkość oraz rezerwa alkaliczna może wskazywać na degradację bazy olejowej. Zaleca się przeprowadzić wymianę oleju na świeży. Przeprowadzić kolejne badanie zgodnie z harmonogramem diagnostyki olejowej.","{""lepkość"": ""lekko_obniżony"", ""stałe_ciała_obce"": ""w_normie"", ""temperatura_zapłonu"": ""w_akceptowalnym_zakresie"", ""woda"": ""w_normie"", ""metale_zużyciowe"": ""w_normie"", ""pq_indeks"": ""w_normie""}",1,UWAGA
P2200620,"Oznaczona lepkość dla klasy SAE 40 w normie. Temperatura zapłonu w normie. Lekko podwyższona zawartość miedzi w trendzie stałym. Poziom pozostałych  metalicznych produktów zużycia ( cząstki o rozmiarze <5um)

Wnioski i zalecenia: 

Proszę obserwować zmiany w następnej analizie. Wykonać kolejne badanie zgodnie z harmonogramem diagnostyki. ","{""lepkość"": ""w_normie"", ""temperatura_zapłonu"": ""w_normie"", ""miedź"": ""lekko_podniesiony""}",0,W NORMIE
P2200772,"Oznaczona lepkość w normie dla oleju klasy SAE 40. Zawartość stałych ciał obcych w normie. Własności dyspergujące w normie. Temperatura zapłonu w normie. Zawartość sodu lekko podniesiona - trend stabilny. Zawartość wody w normie. Poziom metalicznych produktów zużycia oznaczony w badaniu pierwiastków (cząstki o rozmiarze <5 mikronów) w normie. Indeks PQ informujący o zawartości cząstek ferromagnetycznych (niezależnie od rozmiaru cząstek) w normie.

Wnioski i zalecenia:

Przeprowadzić kolejne badanie zgodnie z harmonogramem diagnostyki olejowej. Proszę obserwować zmiany w następnej analizie. ","{""lepkość"": ""w_normie"", ""stałe_ciała_obce"": ""w_normie"", ""temperatura_zapłonu"": ""w_normie"", ""sód"": ""lekko_podniesiony"", ""woda"": ""w_normie"", ""metale_zużyciowe"": ""w_normie"", ""pq_indeks"": ""w_normie""}",1,W NORMIE
P2200784,"Oznaczona lepkość w normie dla oleju klasy SAE 30. Zawartość stałych ciał obcych w normie. Liczba zasadowa w normie. Zawartość miedzi lekko podniesiona - trend stabilny. Poziom pozostałych metalicznych produktów zużycia oznaczony w badaniu pierwiastków (cząstki o rozmiarze <5 mikronów) w normie.

Wnioski i zalecenia:

Przeprowadzić kolejne badanie zgodnie z harmonogramem diagnostyki olejowej. Proszę obserwować zmiany w następnej analizie. ","{""lepkość"": ""w_normie"", ""stałe_ciała_obce"": ""w_normie"", ""liczba_zasadowa"": ""w_normie"", ""miedź"": ""lekko_podniesiony"", ""metale_zużyciowe"": ""w_normie""}",1,W NORMIE
P2201072,"Lepkość poniżej klasy SAE 50, wskazuje na olej klasy SAE 40. Zawartość ciał stałych w normie. Własności dyspergujące oraz temperatura zapłonu w normie. Lekko podniesiony poziom sodu - poprawa w stosunku do poprzedniej analizy. W dalszym ciągu widoczna wysoka zawartość miedzi.

Wnioski i zalecenia:

Uzyskane wyniki wskazują, że w eksploatacji znajduje się olej o lepkości SAE 40 - należy zweryfikować czy olej o danej klasie może być eksploatowany. Nie stwierdzono niepokojących problemów z przeciekami paliwa ani glikolu do układu smarnego. Podniesiona zawartość miedzi może świadczyć o ciągle występującym zużyciu w układzie lub występować jako pozostałości sprzed wymiany oleju/dolewki jeśli takowa miała miejsce. Zalecamy wykonanie kolejnego badania w terminie przyspieszonym - przy najbliższej możliwej okazji w celu określenia trendu zmian parametrów zużyciowych. ","{""lepkość"": ""w_normie"", ""stałe_ciała_obce"": ""w_normie"", ""temperatura_zapłonu"": ""w_normie"", ""sód"": ""lekko_podniesiony"", ""miedź"": ""podniesiony""}",2,UWAGA
P2201108,"Lepkość w normie dla klasy SAE 40. Temperatura zapłonu w normie. Nie stwierdzono niepokojąco podwyższonej zawartości cząstek zużyciowych. Zawartość sodu lekko podwyższona (prawdopodobnie jest to pochodna zanieczyszczenia oleju płynem chłodniczym lub wodą), wartość nie uległa znacząco zmianie w stosunku do poprzedniej analizy.

Zalecenia i wnioski:

Proszę obserwować zmiany w kolejnym badaniu zgodnie z przyjętym harmonogramem diagnostyki.","{""lepkość"": ""w_normie"", ""temperatura_zapłonu"": ""w_normie"", ""płyn_chłodniczy"": ""lekko_podniesiony"", ""sód"": ""lekko_podniesiony""}",1,W NORMIE
P2201350,"Lepkość poniżej klasy SAE 50, wskazuje na olej klasy SAE 40. Zawartość ciał stałych w normie. Własności dyspergujące oraz liczba zasadowa w normie. Temperatura zapłonu w zakresie granicznym. Lekko podniesiony poziom sodu - trend stabilny. W dalszym ciągu widoczna wysoka zawartość miedzi. Zawartość wody w normie.

Wnioski i zalecenia:

Uzyskane wyniki wskazują, że w eksploatacji znajduje się olej o lepkości SAE 40 lub zmieszanie olejów o klasie SAE 40 i SAE 50 - należy zweryfikować czy olej o danej klasie może być eksploatowany. Nie stwierdzono niepokojących problemów z przeciekami paliwa ani glikolu do układu smarnego. Podniesiona zawartość miedzi może świadczyć o ciągle występującym zużyciu w układzie lub występować jako pozostałości sprzed wymiany oleju/dolewki jeśli takowa miała miejsce. Zalecamy w dalszym ciągu prowadzić monitoring zawartości pierwiastków zużyciowych.","{""lepkość"": ""w_normie"", ""stałe_ciała_obce"": ""w_normie"", ""liczba_zasadowa"": ""w_normie"", ""temperatura_zapłonu"": ""w_zakresie_granicznym"", ""sód"": ""lekko_podniesiony"", ""miedź"": ""podniesiony"", ""woda"": ""w_normie""}",2,UWAGA
P2201415,"Oznaczona lepkość dla klasy SAE 40 w normie. Temperatura zapłonu w normie. Lekko podwyższona zawartość miedzi w trendzie stałym. Poziom pozostałych  metalicznych produktów zużycia ( cząstki o rozmiarze <5um) w normie.

Wnioski i zalecenia: 

Zachowana dynamika przyrostu miedzi. Proszę obserwować zmiany w następnej analizie. Wykonać kolejne badanie zgodnie z harmonogramem diagnostyki. ","{""lepkość"": ""w_normie"", ""temperatura_zapłonu"": ""w_normie"", ""miedź"": ""lekko_podniesiony"", ""metale_zużyciowe"": ""w_normie""}",1,W NORMIE
P2201552,"Lepkość w normie. Liczba kwasowa lekko podniesiona w stosunku do oleju świeżego, jednak znajduje się w zakresie akceptowalnym. Olej emulguje wodę - jest to sytuacja oczekiwana dla olejów silnikowych. Zawartość stałych ciał obcych w normie. Temperatura zapłonu w normie. Zawartość wody w normie. Zawartość metali zużyciowych w normie. 

Wnioski i zalecenia:

Olej kwalifikuje się do dalszej eksploatacji. Przeprowadzić kolejne badanie zgodnie z przyjętym harmonogramem diagnostyki olejowej. Proszę obserwować zmiany w następnej analizie. ","{""lepkość"": ""w_normie"", ""liczba_kwasowa"": ""lekko_podniesiony"", ""stałe_ciała_obce"": ""w_normie"", ""temperatura_zapłonu"": ""w_normie"", ""woda"": ""w_normie"", ""metale_zużyciowe"": ""w_normie""}",0,W NORMIE
P2202024,"Oznaczona lepkość w normie dla oleju klasy SAE 40. Zawartość stałych ciał obcych w normie. Liczba zasadowa obniżona w stosunku do poprzedniego badania, jednak mieści się w oczekiwanym zakresie. Własności dyspergujące w normie. Temperatura zapłonu w normie. Zawartość sodu lekko podniesiona - trend stabilny. Zawartość wody w normie. Poziom metalicznych produktów zużycia oznaczony w badaniu pierwiastków (cząstki o rozmiarze <5 mikronów) w normie. Indeks PQ informujący o zawartości cząstek ferromagnetycznych (niezależnie od rozmiaru cząstek) w normie.

Wnioski i zalecenia:

Przeprowadzić kolejne badanie zgodnie z harmonogramem diagnostyki olejowej. Proszę obserwować zmiany w następnej analizie. Liczba zasadowa mieści się w oczekiwanym zakresie.","{""lepkość"": ""w_normie"", ""stałe_ciała_obce"": ""w_normie"", ""liczba_zasadowa"": ""obniżony"", ""temperatura_zapłonu"": ""w_normie"", ""sód"": ""lekko_podniesiony"", ""woda"": ""w_normie"", ""metale_zużyciowe"": ""w_normie"", ""pq_indeks"": ""w_normie""}",1,W NORMIE
P2202434,"Lepkość w zakresie typowym dla klasy SAE 40. Temperatura zapłonu lekko obniżona. Na widmie w podczerwieni stwierdzono charakterystyczne zmiany wskazujące na zanieczyszczenie płynem chłodniczym. Podwyższona zawartość sodu i potasu wskazuje na obecność płynu chłodniczego w oleju. Zawartość cząstek zużyciowych mieści się w dopuszczalnym zakresie.



Zalecenia i wnioski:

Wskazana jest wymiana oleju na świeży, kontrola układu chłodzenia silnika. Proszę wykonać kolejne badanie po przeprowadzeniu działań korygujących. ","{""lepkość"": ""w_normie"", ""temperatura_zapłonu"": ""lekko_obniżony"", ""sód"": ""podniesiony"", ""potas"": ""podniesiony"", ""metale_zużyciowe"": ""w_dopuszczalnym_zakresie""}",2,UWAGA
P2202824,"Oznaczona lepkość dla klasy SAE 50 w zakresie granicznym. Temperatura zapłonu w normie. Poziom metalicznych produktów zużycia ( cząstki o rozmiarze <5um) w normie.

Wnioski i zalecenia:

Proszę obserwować zmiany w następnej analizie. Przeprowadzić kolejne badanie zgodnie z harmonogramem diagnostyki olejowej.","{""lepkość"": ""w_zakresie_granicznym"", ""temperatura_zapłonu"": ""w_normie"", ""metale_zużyciowe"": ""w_normie""}",1,W NORMIE
P2203549,"Poziom dodatków w normie. Lepkość poniżej dolnego zakresu granicznego dla oleju klasy SAE 40. Temperatura zapłonu na dopuszczalnym poziomie. Zawartość sodu i potasu podniesiona - może sugerować zanieczyszczenie płynem chłodniczym. Podniesiony poziom żelaza, miedzi oraz ołowiu - co wskazuje na procesy zużycia/korozji w układzie.

Zalecenia i wnioski:

Ze względu na przyrost produktów zużycia, obniżoną lepkość oraz zanieczyszczenie płynem chłodniczym olej nie kwalifikuje się do dalszej eksploatacji. Przeprowadzić kontrolę szczelności oraz kontrolę stanu technicznego elementów smarowanych. Wykonać kolejne badanie zgodnie z harmonogramem diagnostyki.","{""lepkość"": ""w_zakresie_granicznym"", ""temperatura_zapłonu"": ""w_dopuszczalnym_zakresie"", ""płyn_chłodniczy"": ""podniesiony"", ""sód"": ""podniesiony"", ""potas"": ""podniesiony"", ""żelazo"": ""podniesiony"", ""miedź"": ""podniesiony"", ""ołów"": ""podniesiony""}",2,UWAGA
P2203555,"Lepkość w normie dla klasy SAE 50. Temperatura zapłonu w normie. Lekko podniesiona zawartość krzemu. Zawartość metalicznych produktów zużycia na poziomie dopuszczalnym. Nie stwierdzono niepokojącego zanieczyszczenia paliwem.

Wnioski i zalecenia:

Obserwować zmiany w następnej analizie. Wykonać kolejne badanie zgodnie z harmonogramem. ","{""lepkość"": ""w_normie"", ""temperatura_zapłonu"": ""w_normie"", ""krzem"": ""lekko_podniesiony"", ""metale_zużyciowe"": ""w_dopuszczalnym_zakresie"", ""paliwo"": ""brak_wykrycia""}",0,W NORMIE
P2203734,"Lepkość wskazuje na olej klasy SAE 40 - trend stabilny. Temperatura zapłonu obniżona. Nie stwierdzono zanieczyszczenia glikolem ani olejem napędowym. Lekko podwyższona zawartość metali zużyciowych.

Wnioski i zalecenia:

Obserwować zmiany w kolejnej analizie. Upewnić się czy olej o danej lepkości może być eksploatowany. Wykonać kolejne badanie za ok. 500 mth pracy silnika, w celu oceny dynamiki zużycia.","{""lepkość"": ""w_normie"", ""temperatura_zapłonu"": ""obniżony"", ""glikol"": ""brak_wykrycia"", ""metale_zużyciowe"": ""lekko_podniesiony""}",1,W NORMIE
P2204390,"Oznaczona lepkość lekko obniżona dla oleju klasy SAE 40. Zawartość stałych ciał obcych w normie. Liczba zasadowa w trendzie malejącym, co zmniejsza ochronę oleju przed tworzeniem się kwaśnych produktów spalania. Widmo IR wskazuje na rozbieżności od próbki referencyjnej. Własności dyspergujące w normie. Temperatura zapłonu obniżona. Zawartość wody w normie. Poziom metalicznych produktów zużycia oznaczony w badaniu pierwiastków (cząstki o rozmiarze <5 mikronów) w normie. Indeks PQ w normie.

Zalecenia i wnioski:

Obniżona lepkość oraz temperatura zapłonu wskazuje na przedostawanie się paliwa do układu. Obniżona rezerwa alkaliczna wskazuje na degradację bazy olejowej ze względu na mniejszą zdolność oleju do neutralizacji kwaśnych produktów spalania. Zaleca się przeprowadzić wymianę oleju na świeży. Przeprowadzić kolejne badanie zgodnie z harmonogramem diagnostyki olejowej.","{""lepkość"": ""lekko_obniżony"", ""stałe_ciała_obce"": ""w_normie"", ""temperatura_zapłonu"": ""obniżony"", ""woda"": ""w_normie"", ""metale_zużyciowe"": ""w_normie"", ""pq_indeks"": ""w_normie""}",2,UWAGA
P2204776,"Oznaczona lepkość w dolnym zakresie granicznym dla klasy SAE 40. Temperatura zapłonu w normie. Poziom miedzi utrzymuje się w trendzie stabilnym. Pozostałe metaliczne produkty zużycia oraz indeks PQ w normie. 

Zalecenia i wnioski:

Obserwować zmiany w kolejnej analizie, wykonać kolejne badanie zgodnie z harmonogramem diagnostyki.","{""lepkość"": ""w_zakresie_granicznym"", ""temperatura_zapłonu"": ""w_normie"", ""pq_indeks"": ""w_normie""}",2,W NORMIE
P2204777,"Oznaczona lepkość dla oleju klasy SAE 40 w normie. Temperatura zapłonu w normie. Widmo IR wskazuje na  podwyższoną zawartość wody. Zawartość miedzi lekko podwyższona. Poziom pozostałych metalicznych produktów zużycia w normie.

Wnioski i zalecenia:

Podwyższona zawartość wody może być związana z poborem próbki. Proszę przysłać próbkę weryfikacyjną w krótkim czasie.","{""lepkość"": ""w_normie"", ""temperatura_zapłonu"": ""w_normie"", ""woda"": ""podniesiony"", ""miedź"": ""lekko_podniesiony"", ""metale_zużyciowe"": ""w_normie""}",0,UWAGA
P2204982,"Lepkość w normie dla klasy SAE 40. Wzajemna relacja liczby kwasowej i liczby zasadowej świadczy o wyczerpaniu rezerwy alkalicznej. Zawartość stałych zanieczyszczeń lekko podwyższona. Zawartość wody w normie. Nie stwierdzono niepokojąco podwyższonej zawartości cząstek zużyciowych.



Zalecenia i wnioski:

Olej nie kwalifikuje się do dalszej eksploatacji - wskazana jest wymiana oleju na świeży. Proszę wykonać kolejne badanie po przeprowadzeniu działań korygujących.","{""lepkość"": ""w_normie"", ""zanieczyszczenia_stałe"": ""lekko_podniesiony"", ""woda"": ""w_normie""}",2,UWAGA
P2204983,"Lepkość w normie dla klasy SAE 40. Wzajemna relacja liczby kwasowej i liczby zasadowej świadczy o wyczerpaniu rezerwy alkalicznej. Zawartość stałych zanieczyszczeń lekko podwyższona. Zawartość wody w normie. Nie stwierdzono niepokojąco podwyższonej zawartości cząstek zużyciowych.



Zalecenia i wnioski:

Olej nie kwalifikuje się do dalszej eksploatacji - wskazana jest wymiana oleju na świeży. Proszę wykonać kolejne badanie po przeprowadzeniu działań korygujących.  ","{""lepkość"": ""w_normie"", ""zanieczyszczenia_stałe"": ""lekko_podniesiony"", ""woda"": ""w_normie""}",2,UWAGA
P2205036,"Oznaczona lepkość w zakresie typowym dla klasy SAE 40. Temperatura zapłonu w normie. Zawartość cząstek zużyciowych na wysokim poziomie. Lekko podwyższona zawartość sodu - prawdopodobnie jest to pochodna zanieczyszczenia oleju płynem chłodniczym lub wodą. Na widmie w podczerwieni nie stwierdzono charakterystycznych zmian świadczących o zanieczyszczeniu płynem chłodniczym. 



Zalecenia i wnioski:

Wskazana jest reakcja serwisowa - kontrola układu olejowego ukierunkowana na zużycie elementów układu olejowego zawierających w metalurgii wykryte pierwiastki (np. łożysk). Proszę wykonać kolejne badanie po przeprowadzeniu działań korygujących.","{""lepkość"": ""w_normie"", ""temperatura_zapłonu"": ""w_normie"", ""metale_zużyciowe"": ""wysoki"", ""płyn_chłodniczy"": ""lekko_podniesiony"", ""sód"": ""lekko_podniesiony""}",2,UWAGA
P2205199,"Lepkość w normie dla klasy SAE 40. Temperatura zapłonu w normie. Nie stwierdzono niepokojąco podwyższonej zawartości cząstek zużyciowych. Zawartość sodu lekko podwyższona (prawdopodobnie jest to pochodna zanieczyszczenia oleju płynem chłodniczym lub wodą), wartość nie uległa znacząco zmianie w stosunku do poprzedniej analizy.

Zalecenia i wnioski:

Proszę obserwować zmiany w kolejnym badaniu zgodnie z przyjętym harmonogramem diagnostyki.","{""lepkość"": ""w_normie"", ""temperatura_zapłonu"": ""w_normie"", ""płyn_chłodniczy"": ""lekko_podniesiony"", ""sód"": ""lekko_podniesiony""}",0,W NORMIE
P2205220,"Oznaczona lepkość w zakresie granicznym dla oleju klasy SAE 40. Temperatura zapłonu w normie. Poziom metalicznych produktów zużycia oznaczony w badaniu pierwiastków (cząstki o rozmiarze <5 mikronów) w normie.

Wnioski i zalecenia:

Przeprowadzić kolejne badanie zgodnie z harmonogramem diagnostyki olejowej. Proszę obserwować zmiany w następnej analizie. ","{""lepkość"": ""w_zakresie_granicznym"", ""temperatura_zapłonu"": ""w_normie"", ""metale_zużyciowe"": ""w_normie""}",0,W NORMIE
P2205911,"Oznaczona lepkość w normie dla klasy SAE 40. Temperatura zapłonu w normie. Lekko podwyższona zawartość miedzi w trendzie stałym. Poziom pozostałych metalicznych produktów zużycia w normie.

Wnioski i zalecenia:

Przeprowadzić kolejne badanie zgodnie z harmonogramem diagnostyki olejowej. Proszę obserwować zmiany w następnej analizie.","{""lepkość"": ""w_normie"", ""temperatura_zapłonu"": ""w_normie"", ""miedź"": ""lekko_podniesiony"", ""metale_zużyciowe"": ""w_normie""}",1,W NORMIE
P2206312,"Oznaczona lepkość dla oleju klasy  ISO VG 32 w normie. Klasa czystości pogorszona.  Poziom metalicznych produktów zużycia oznaczony w badaniu pierwiastków w normie.



Wnioski i zalecenia:

Ze względu na  pogarszającą się klasę czystości zalecana jest wymiana oleju. Proszę przysłać próbkę po przeprowadzeniu zabiegów korygujących. Proszę obserwować zmiany w następnej analizie.","{""lepkość"": ""w_normie"", ""iso_vg"": ""w_normie"", ""klasa_czystości"": ""pogorszony"", ""metale_zużyciowe"": ""w_normie""}",2,UWAGA
P2206965,"Oznaczona lepkość dla oleju klasy  ISO VG 32 w normie. Klasa czystości pogorszona.  Poziom metalicznych produktów zużycia oznaczony w badaniu pierwiastków w normie.

Wnioski i zalecenia:

Klasa czystości oleju nie spełnia wymagań użytkownika. Proszę przysłać próbkę weryfikującą w krótkim czasie.","{""lepkość"": ""w_normie"", ""iso_vg"": ""w_normie"", ""klasa_czystości"": ""pogorszony"", ""metale_zużyciowe"": ""w_normie""}",2,UWAGA
P2207145,"Lepkość w zakresie granicznym dla klasy SAE 50. Temperatura zapłonu w normie. Nie podaliście Państwo pełnej nazwy eksploatowanego oleju z tego powodu nie możemy porównać liczby zasadowej z wartością tego parametru w oleju świeżym jednak oznaczona wartość mieści się w bezpiecznym zakresie. Własności dyspergujące na bezpiecznym poziomie. Zawartość stałych zanieczyszczeń na poziomie akceptowalnym. Zawartość cząstek zużyciowych w normie. Zawartość wody w dopuszczalnym zakresie. Na widmie w podczerwieni nie stwierdzono charakterystycznych zmian świadczących o zanieczyszczeniu oleju płynem chłodzącym. 



Zalecenia i wnioski:

Oznaczone parametry mieszczą się w dopuszczalnych zakresach. Proszę obserwować zmiany w kolejnym badaniu zgodnie z przyjętym harmonogramem diagnostyki.","{""lepkość"": ""w_zakresie_granicznym"", ""temperatura_zapłonu"": ""w_normie"", ""liczba_zasadowa"": ""w_zakresie_bezpiecznym"", ""zanieczyszczenia_stałe"": ""w_akceptowalnym_zakresie"", ""metale_zużyciowe"": ""w_normie"", ""woda"": ""w_dopuszczalnym_zakresie"", ""płyn_chłodniczy"": ""brak_wykrycia""}",1,W NORMIE
P2207634,"Lepkość w normie dla klasy SAE 40. Temperatura zapłonu lekko obniżona. Zawartości cząstek zużyciowych wzrosła w porównaniu do poprzedniej analizy jednak mieści się w dopuszczalnym zakresie. Podwyższona zawartość sodu wskazuje na zanieczyszczenie oleju płynem chłodniczym. Na widmie w podczerwieni stwierdzono charakterystyczne zmiany świadczące o zanieczyszczeniu oleju płynem chłodniczym lub wodą.



Zalecenia i wnioski:

Wskazana jest reakcja serwisowa - kontrola układu chłodzenia. Proszę wykonać kolejne badanie po przeprowadzeniu działań korygujących.","{""lepkość"": ""w_normie"", ""temperatura_zapłonu"": ""lekko_obniżony"", ""metale_zużyciowe"": ""podniesiony"", ""płyn_chłodniczy"": ""podniesiony"", ""sód"": ""podniesiony""}",2,UWAGA
P2208076,"Lepkość w normie dla klasy SAE 30. Temperatura zapłonu w zakresie granicznym. Liczba zasadowa na bezpiecznym poziomie. W porównaniu do poprzedniej analizy nie stwierdzono znaczącego przyrostu zawartości cząstek zużyciowych. Zawartość stałych zanieczyszczeń w normie. Na widmie w podczerwieni nie stwierdzono charakterystycznych zmian świadczących o zanieczyszczeniu oleju płynem chłodniczym. 



Zalecenia i wnioski:

Oznaczone parametry mieszczą się w akceptowalnych zakresach. Proszę obserwować zmiany w kolejnym badaniu zgodnie z przyjętym harmonogramem diagnostyki.","{""lepkość"": ""w_normie"", ""temperatura_zapłonu"": ""w_zakresie_granicznym"", ""liczba_zasadowa"": ""w_zakresie_bezpiecznym"", ""zanieczyszczenia_stałe"": ""w_normie"", ""płyn_chłodniczy"": ""brak_wykrycia""}",1,W NORMIE
P2208327,"Oznaczona lepkość w zakresie granicznym dla oleju klasy SAE 30. Temperatura zapłonu w zakresie akceptowalnym. Zawartość metalicznych produktów zużycia oznaczona w badaniu pierwiastków w dopuszczalnych limitach. Indeks PQ w normie. 

Wnioski i zalecenia: 

Proszę obserwować zmiany w następnej analizie. Przeprowadzić następne badanie zgodnie z harmonogramem diagnostyki olejowej.","{""lepkość"": ""w_zakresie_granicznym"", ""temperatura_zapłonu"": ""w_akceptowalnym_zakresie"", ""metale_zużyciowe"": ""w_dopuszczalnym_zakresie"", ""pq_indeks"": ""w_normie""}",2,W NORMIE
P2208441,"Lepkość niemożliwa do oznaczenia zgodnie z PN-EN ISO 3104 ze względu na stan próbki. Liczba kwasowa powyżej oczekiwanej jednak rezerwa alkaliczna mieści się jeszcze na akceptowalnym poziomie. Zawartość wody (0,06%) na dopuszczalnym poziomie. Podwyższona zawartość sodu - prawdopodobne żródło to mineralne otoczenie układu olejowego lub/i pochodna zanieczyszczenia oleju wodą lub płynem chłodniczym. Indeks PQ (informujący o zawartości cząstek ferromagnetycznych bez względu na rozmiar) w normie. Zawartość cząstek zużyciowych (oznaczona w badaniu pierwiastków, cząstki <5µm) lekko podwyższona. Widmo w podczerwieni świadczy o podwyższonej zawartości sadzy. 





Zalecenia i wnioski:

Ze względu na przekroczenia parametrów dopuszczalnych, olej nie kwalifikuje się do dalszej eksploatacji. Należy niezwłocznie podjąć działania korygujące polegające na wymianie oleju na świeży (zgodny z instrukcją obsługi) oraz poinformowanie serwisu o przeprowadzonej wymianie lub przeprowadzenie wymiany oleju pod nadzorem przedstawiciela serwisu.   ","{""liczba_kwasowa"": ""w_akceptowalnym_zakresie"", ""rezerwa_alkaliczna"": ""w_akceptowalnym_zakresie"", ""woda"": ""w_dopuszczalnym_zakresie"", ""płyn_chłodniczy"": ""podniesiony"", ""sód"": ""podniesiony"", ""pq_indeks"": ""w_normie"", ""metale_zużyciowe"": ""lekko_podniesiony"", ""sadza"": ""podniesiony""}",2,UWAGA
P2208442,"Lepkość w 100°C niemożliwa do oznaczenia zgodnie z PN-EN ISO 3104 ze względu na stan próbki. Rezerwa alkaliczna mieści się na akceptowalnym poziomie. Zawartość wody (0,07%) na dopuszczalnym poziomie. Indeks PQ (informujący o zawartości cząstek ferromagnetycznych bez względu na rozmiar) w normie. Zawartość cząstek zużyciowych (oznaczona w badaniu pierwiastków, cząstki <5µm) lekko podwyższona. Widmo w podczerwieni świadczy o podwyższonej zawartości sadzy. 





Zalecenia i wnioski:

Ze względu na przekroczenia parametrów dopuszczalnych, olej nie kwalifikuje się do dalszej eksploatacji. Należy niezwłocznie podjąć działania korygujące polegające na wymianie oleju na świeży (zgodny z instrukcją obsługi) oraz poinformowanie serwisu o przeprowadzonej wymianie lub przeprowadzenie wymiany oleju pod nadzorem przedstawiciela serwisu.   ","{""rezerwa_alkaliczna"": ""w_akceptowalnym_zakresie"", ""woda"": ""w_dopuszczalnym_zakresie"", ""pq_indeks"": ""w_normie"", ""metale_zużyciowe"": ""lekko_podniesiony"", ""sadza"": ""podniesiony""}",1,UWAGA
P2208445,"Lepkość w zakresie granicznym dla klasy SAE 40. Temperatura zapłonu w normie. Rezerwa alkaliczna na bezpiecznym poziomie. Zawartość wody (0,06%) na dopuszczalnym poziomie. Indeks PQ (informujący o zawartości cząstek ferromagnetycznych bez względu na rozmiar) oraz zawartość cząstek zużyciowych (oznaczona w badaniu pierwiastków, cząstki <5µm) w normie. Na widmie w podczerwieni nie stwierdzono charakterystycznych zmian świadczących o zanieczyszczeniu oleju płynem chłodniczym, nie stwierdzono podwyższonej zawartości sadzy. 





Zalecenia i wnioski:

Oznaczone parametry mieszczą się w zakresach akceptowalnych. Proszę obserwować zmiany oraz przeprowadzić wymianę oleju zgodnie z przyjętym harmonogramem.","{""lepkość"": ""w_zakresie_granicznym"", ""temperatura_zapłonu"": ""w_normie"", ""rezerwa_alkaliczna"": ""w_zakresie_bezpiecznym"", ""woda"": ""w_dopuszczalnym_zakresie"", ""pq_indeks"": ""w_normie"", ""metale_zużyciowe"": ""w_normie"", ""płyn_chłodniczy"": ""brak_wykrycia"", ""sadza"": ""brak_wykrycia""}",0,W NORMIE
P2208895,Oznaczona lepkość w normie dla oleju klasy SAE 20. Rezerwa alkaliczna w zakresie granicznym. Temperatura zapłonu w normie. Zawartość wody w normie. Poziom metalicznych produktów zużycia oznaczony w badaniu pierwiastków w normie. Indeks PQ w normie. ,"{""lepkość"": ""w_normie"", ""rezerwa_alkaliczna"": ""w_zakresie_granicznym"", ""temperatura_zapłonu"": ""w_normie"", ""woda"": ""w_normie"", ""metale_zużyciowe"": ""w_normie"", ""pq_indeks"": ""w_normie""}",1,W NORMIE
P2208942,"Oznaczona lepkość w 100°C jest obniżona dla oleju klasy SAE 40. Lepkość w 40°C niemożliwa do oznaczenia zgodnie z PN-EN ISO 3104 ze względu na stan próbki. Liczba kwasowa powyżej oczekiwanej jednak rezerwa alkaliczna mieści się jeszcze na akceptowalnym poziomie. Zawartość wody (0,025%) na dopuszczalnym poziomie. Indeks PQ (informujący o zawartości cząstek ferromagnetycznych bez względu na rozmiar) w normie. Zawartość cząstek zużyciowych (oznaczona w badaniu pierwiastków, cząstki <5µm) w lekko podniesiona. Widmo w podczerwieni świadczy o podwyższonej zawartości sadzy.

Zalecenia i wnioski:

Ze względu na przekroczenia parametrów dopuszczalnych, olej nie kwalifikuje się do dalszej eksploatacji. Należy niezwłocznie podjąć działania korygujące polegające na wymianie oleju na świeży (zgodny z instrukcją obsługi) oraz poinformowanie serwisu o przeprowadzonej wymianie lub przeprowadzenie wymiany oleju pod nadzorem przedstawiciela serwisu.","{""lepkość"": ""obniżony"", ""liczba_kwasowa"": ""w_akceptowalnym_zakresie"", ""rezerwa_alkaliczna"": ""w_akceptowalnym_zakresie"", ""woda"": ""w_dopuszczalnym_zakresie"", ""pq_indeks"": ""w_normie"", ""metale_zużyciowe"": ""lekko_podniesiony"", ""sadza"": ""podniesiony""}",1,UWAGA
P2208965,"Oznaczona lepkość w normie. Temperatura zapłonu w normie. Zawartość miedzi lekko podniesiona, jednak znajduje się w trendzie stabilnym. Poziom pozostałych metalicznych produktów zużycia oznaczony w badaniu pierwiastków (cząstki o rozmiarze <5 mikronów) w normie. 

Wnioski i zalecenia:

Przeprowadzić kolejne badanie zgodnie z harmonogramem diagnostyki olejowej. Proszę obserwować zmiany w następnej analizie.","{""lepkość"": ""w_normie"", ""temperatura_zapłonu"": ""w_normie"", ""miedź"": ""lekko_podniesiony"", ""metale_zużyciowe"": ""w_normie""}",1,W NORMIE
P2209040,"Oznaczona lepkość w normie. Temperatura zapłonu w normie. Zawartość miedzi lekko podniesiona, jednak znajduje się w trendzie stabilnym. Poziom pozostałych metalicznych produktów zużycia oznaczony w badaniu pierwiastków (cząstki o rozmiarze <5 mikronów) w normie. 

Wnioski i zalecenia:

Przeprowadzić kolejne badanie zgodnie z harmonogramem diagnostyki olejowej. Proszę obserwować zmiany w następnej analizie. ","{""lepkość"": ""w_normie"", ""temperatura_zapłonu"": ""w_normie"", ""miedź"": ""lekko_podniesiony"", ""metale_zużyciowe"": ""w_normie""}",1,W NORMIE
P2209041,"Oznaczona lepkość w normie. Temperatura zapłonu w normie. Zawartość miedzi lekko podniesiona, jednak znajduje się w trendzie stabilnym. Poziom pozostałych metalicznych produktów zużycia oznaczony w badaniu pierwiastków (cząstki o rozmiarze <5 mikronów) w normie. 

Wnioski i zalecenia:

Przeprowadzić kolejne badanie zgodnie z harmonogramem diagnostyki olejowej. Proszę obserwować zmiany w następnej analizie. ","{""lepkość"": ""w_normie"", ""temperatura_zapłonu"": ""w_normie"", ""miedź"": ""lekko_podniesiony"", ""metale_zużyciowe"": ""w_normie""}",1,W NORMIE
P2209369,"Lepkość w zakresie typowym dla klasy SAE 40. Temperatura zapłonu w normie. Liczba zasadowa na bezpiecznym poziomie. Zawartość stałych zanieczyszczeń w normie. Zawartość miedzi lekko podwyższona (co jest sytuacją typową dla zadeklarowanego krótkiego przebiegu silnika), znacząca poprawa w porównaniu do poprzednich badań. Pozostałe oznaczone pierwiastki zużyciowe w normie. Na widmie w podczerwieni nie stwierdzono charakterystycznych zmian świadczących o zanieczyszczeniu oleju płynem chłodniczym.



Zalecenia i wnioski:

Oznaczone parametry mieszczą się w akceptowalnych zakresach. Proszę obserwować zmiany w kolejnym badaniu zgodnie z przyjętym harmonogramem diagnostyki.       ","{""lepkość"": ""w_normie"", ""temperatura_zapłonu"": ""w_normie"", ""liczba_zasadowa"": ""w_zakresie_bezpiecznym"", ""zanieczyszczenia_stałe"": ""w_normie"", ""miedź"": ""lekko_podniesiony"", ""metale_zużyciowe"": ""w_normie"", ""płyn_chłodniczy"": ""brak_wykrycia""}",1,W NORMIE
P2209793,"Oznaczona lepkość w normie dla klasy SAE 40. Temperatura zapłonu w normie.  Zawartość miedzi w lekko podniesiona - trend stabilny. Poziom pozostałych metalicznych produktów zużycia w normie.




Wnioski i zalecenia:




Proszę obserwować zmiany w następnej analizie. Przeprowadzić kolejne badanie zgodnie z harmonogramem diagnostyki olejowej.","{""lepkość"": ""w_normie"", ""temperatura_zapłonu"": ""w_normie"", ""miedź"": ""lekko_podniesiony"", ""metale_zużyciowe"": ""w_normie""}",0,W NORMIE
P2210056,"Lepkość niemożliwa do oznaczenia zgodnie z PN-EN ISO 3104 ze względu na stan próbki. Temperatura zapłonu w normie. Rezerwa alkaliczna mieści się w bezpiecznym zakresie. Zawartość wody lekko podwyższona (0,16%). Podwyższona zawartość krzemu - prawdopodobne źródło to mineralne otoczenie układu olejowego lub pochodna zanieczyszczenia płynem chłodniczym. Zawartość cząstek zużyciowych podwyższona, nie krytycznie.

Zalecenia i wnioski:
Ze względu na przekroczenia parametrów dopuszczalnych, olej nie kwalifikuje się do dalszej eksploatacji. Należy niezwłocznie podjąć działania korygujące polegające na wymianie oleju na świeży (zgodny z instrukcją obsługi) oraz poinformowanie serwisu o przeprowadzonej wymianie lub przeprowadzenie wymiany oleju pod nadzorem przedstawiciela serwisu.","{""temperatura_zapłonu"": ""w_normie"", ""rezerwa_alkaliczna"": ""w_zakresie_bezpiecznym"", ""woda"": ""lekko_podniesiony"", ""płyn_chłodniczy"": ""podniesiony"", ""krzem"": ""podniesiony"", ""metale_zużyciowe"": ""podniesiony""}",2,UWAGA
P2210086,Oznaczona lepkość w normie dla oleju klasy SAE 30. Rezerwa alkaliczna obniżona. Temperatura zapłonu w normie. Zawartość wody w normie. Zawartość żelaza podniesiona. Zawartość glinu lekko podniesiona. Poziom pozostałych metalicznych produktów zużycia oznaczony w badaniu pierwiastków w normie. Zawartość wody w normie. Indeks PQ w normie. ,"{""lepkość"": ""w_normie"", ""rezerwa_alkaliczna"": ""obniżony"", ""temperatura_zapłonu"": ""w_normie"", ""woda"": ""w_normie"", ""żelazo"": ""podniesiony"", ""glin"": ""lekko_podniesiony"", ""metale_zużyciowe"": ""w_normie"", ""pq_indeks"": ""w_normie""}",2,UWAGA
P2210508,"Lepkość w zakresie akceptowalnym dla klasy SAE 30. Liczba zasadowa na bezpiecznym poziomie. Zawartość stałych zanieczyszczeń na dopuszczalnym poziomie. Zawartość cząstek zużyciowych w normie. Temperatura zapłonu lekko obniżona. 

Zalecenia i wnioski:

Przeprowadzić kolejne badanie zgodnie z harmonogramem diagnostyki olejowej. Proszę obserwować zmiany w następnej analizie. ","{""lepkość"": ""w_akceptowalnym_zakresie"", ""liczba_zasadowa"": ""w_zakresie_bezpiecznym"", ""zanieczyszczenia_stałe"": ""w_dopuszczalnym_zakresie"", ""metale_zużyciowe"": ""w_normie"", ""temperatura_zapłonu"": ""lekko_obniżony""}",1,W NORMIE
P2210678,Własności reologiczne (lepkość oraz wskaźnik lepkości) w normie. Rezerwa alkaliczna na bezpiecznym poziomie. Temperatura zapłonu w normie dla oleju pochodzącego z silnika benzynowego. Zawartość wody w normie. Zawartość krzemu lekko podniesiona. Poziom metalicznych produktów zużycia oznaczony w badaniu pierwiastków (cząstki o rozmiarze <5 mikronów) w normie. Indeks PQ w normie. ,"{""lepkość"": ""w_normie"", ""wskaźnik_lepkości"": ""w_normie"", ""rezerwa_alkaliczna"": ""w_zakresie_bezpiecznym"", ""temperatura_zapłonu"": ""w_normie"", ""woda"": ""w_normie"", ""krzem"": ""lekko_podniesiony"", ""metale_zużyciowe"": ""w_normie"", ""pq_indeks"": ""w_normie""}",1,W NORMIE
P2210680,"Oznaczona lepkość w normie. Temperatura zapłonu w normie. Zawartość miedzi lekko podniesiona - trend stabilny. Poziom pozostałych metalicznych produktów zużycia w normie.

Zalecenia i wniioski:

Proszę obserwować zmiany w następnej analizie. Wykonać kolejne badanie zgodnie z przyjętym harmonogramem diagnostyki olejowej.","{""lepkość"": ""w_normie"", ""temperatura_zapłonu"": ""w_normie"", ""miedź"": ""lekko_podniesiony"", ""metale_zużyciowe"": ""w_normie""}",0,W NORMIE
P2210684,"Oznaczona lepkość w normie. Temperatura zapłonu w normie. Zawartość miedzi lekko podniesiona - trend stabilny. Poziom pozostałych metalicznych produktów zużycia w normie.

Zalecenia i wnioski:

Proszę obserwować zmiany w następnej analizie. Wykonać kolejne badanie zgodnie z przyjętym harmonogramem diagnostyki olejowej.","{""lepkość"": ""w_normie"", ""temperatura_zapłonu"": ""w_normie"", ""miedź"": ""lekko_podniesiony"", ""metale_zużyciowe"": ""w_normie""}",1,W NORMIE
P2210951,"Lepkość w zakresie typowym dla klasy SAE 30. Temperatura zapłonu w normie. Rezerwa alkaliczna na bezpiecznym poziomie. Zawartość wody w normie (0,02%). Lekko podwyższony poziom krzemu -prawdopodobne pochodzenie to mineralne otoczenie smarowanego układu. Zawartość żelaza (oznaczona w badaniu pierwiastków, cząstki <5µm) oraz indeks PQ (informujący o zawartości cząstek ferromagnetycznych bez względu na rozmiar) podwyższone - znaczący wzrost w porównaniu do poprzednich badań. Na widmie w podczerwieni nie stwierdzono charakterystycznych zmian świadczących o zanieczyszczeniu oleju płynem chłodniczym.



Zalecenia i wnioski:

Ze względu na przekroczenia parametrów dopuszczalnych, olej nie kwalifikuje się do dalszej eksploatacji. Należy niezwłocznie podjąć działania korygujące polegające na wymianie oleju na świeży (zgodny z instrukcją obsługi) oraz poinformowanie serwisu o przeprowadzonej wymianie lub przeprowadzenie wymiany oleju pod nadzorem przedstawiciela serwisu.","{""lepkość"": ""w_normie"", ""temperatura_zapłonu"": ""w_normie"", ""rezerwa_alkaliczna"": ""w_zakresie_bezpiecznym"", ""woda"": ""w_normie"", ""krzem"": ""lekko_podniesiony"", ""żelazo"": ""podniesiony"", ""pq_indeks"": ""podniesiony"", ""płyn_chłodniczy"": ""brak_wykrycia""}",2,UWAGA
P2211151,"Lepkość w zakresie granicznym klasy SAE 40. Temperatura zapłonu na poziomie akceptowalnym. Nie podaliście Państwo typu eksploatowanego oleju z tego powodu nie możemy porównać liczby zasadowej z wartością tego parametru w oleju świeżym. Własności dyspergujące na bezpiecznym poziomie. Zawartość stałych zanieczyszczeń w normie. Zawartość wody w normie. Nie stwierdzono zanieczyszczenia oleju płynem chłodniczym. Skokowy wzrost indeksu PQ (informującego o zawartości cząstek ferromagnetycznych bez względu na rozmiar) oraz zawartości miedzi (oznaczonej w badaniu pierwiastków, cząstki <5µm). Pozostałe oznaczone pierwiastki zużyciowe na akceptowalnym poziomie.



Zalecenia i wnioski:

Wyniki przeprowadzonych badań wskazują na intensywny przebieg procesów zużycia w obrębie układu olejowego. Proszę o pilne przysłanie próbki weryfikacyjnej w celu potwierdzenia wyników oznaczeń.","{""lepkość"": ""w_zakresie_granicznym"", ""temperatura_zapłonu"": ""w_akceptowalnym_zakresie"", ""zanieczyszczenia_stałe"": ""w_normie"", ""woda"": ""w_normie"", ""płyn_chłodniczy"": ""brak_wykrycia"", ""metale_zużyciowe"": ""w_akceptowalnym_zakresie""}",2,UWAGA
P2211818,"Lepkość w zakresie typowym dla klasy SAE 40. Temperatura zapłonu lekko obniżona. Liczba zasadowa w trendzie malejącym, mieści się jeszcze w akceptowalnym zakresie. Własności dyspergujące w normie. Zawartość stałych zanieczyszczeń w normie. Zawartość wody w normie. Zawartość miedzi podwyższona, trend rosnący. Pozostałe oznaczone pierwiastki zużyciowe na dopuszczalnym poziomie. Nie stwierdzono zanieczyszczenia oleju płynem chłodniczym.



Zalecenia i wnioski:

Proszę powiązać oznaczone pierwiastki zużyciowe z metalurgią elementów układu olejowego. Zalecana jest wymiana oleju na świeży. Proszę wykonać kolejne badanie po przeprowadzeniu działań korygujących.","{""lepkość"": ""w_normie"", ""temperatura_zapłonu"": ""lekko_obniżony"", ""liczba_zasadowa"": ""w_akceptowalnym_zakresie"", ""zanieczyszczenia_stałe"": ""w_normie"", ""woda"": ""w_normie"", ""miedź"": ""podniesiony"", ""metale_zużyciowe"": ""w_dopuszczalnym_zakresie"", ""płyn_chłodniczy"": ""brak_wykrycia""}",2,UWAGA
P2211991,"Lepkość w zakresie granicznym dla klasy SAE 40. Temperatura zapłonu w normie. Liczba zasadowa obniżyła się jedynie nieznacznie w porównaniu do poprzedniej analizy, mieści się w bezpiecznym zakresie. Własności dyspergujące w normie. W porównaniu do poprzednich badań nie stwierdzono znaczącego przyrostu zawartości cząstek zużyciowych. Zawartość stałych zanieczyszczeń w normie. Zawartość wody w normie. Nie stwierdzono zanieczyszczenia oleju płynem chłodniczym.



Zalecenia i wnioski:

Oznaczone parametry mieszczą się w dopuszczalnych zakresach. Proszę obserwować zmiany w kolejnym badaniu zgodnie z przyjętym harmonogramem diagnostyki.","{""lepkość"": ""w_zakresie_granicznym"", ""temperatura_zapłonu"": ""w_normie"", ""liczba_zasadowa"": ""w_zakresie_bezpiecznym"", ""zanieczyszczenia_stałe"": ""w_normie"", ""woda"": ""w_normie"", ""płyn_chłodniczy"": ""brak_wykrycia""}",1,W NORMIE
P2212344,"Lepkość w zakresie typowym dla klasy SAE 40. Temperatura zapłonu w normie. Nie stwierdzono podwyższonej zawartości cząstek zużyciowych. W badaniu pierwiastków nie stwierdzono niepokojącego zanieczyszczenia oleju. Widmo w podczerwieni wskazuje na lekko podwyższoną zawartość wody - sposób dostarczenia próbki (butelka po wodzie) prawdopodobnie miał wpływ na wynik badania.   



Zalecenia i wnioski:

Oznaczone parametry mieszczą się w dopuszczalnych zakresach - olej kwalifikuje się do dalszej eksploatacji. Zalecana jest obserwacja zmian w kolejnych badaniach zgodnie z przyjętym harmonogramem diagnostyki. Następne próbki prosimy pobierać do dedykowanych do tego celu pojemników. W celu otrzymania pojemników prosimy o kontakt z Laboratorium Ecol.  ","{""lepkość"": ""w_normie"", ""temperatura_zapłonu"": ""w_normie"", ""woda"": ""lekko_podniesiony""}",0,W NORMIE
P2212581,"Lepkość w dolnym zakresie granicznym dla klasy SAE 40. Temperatura zapłonu w normie. Nie stwierdzono zanieczyszczenia glikolem ani olejem napędowym. Zawartość metali zużyciowych w normie. 

Wnioski i zalecenia:

Proszę obserwować zmiany w następnej analizie. Wykonać kolejne badanie zgodnie z przyjętym harmonogramem diagnostyki olejowej.","{""lepkość"": ""w_zakresie_granicznym"", ""temperatura_zapłonu"": ""w_normie"", ""glikol"": ""brak_wykrycia"", ""metale_zużyciowe"": ""w_normie""}",0,W NORMIE
P2212608,"Lepkość na poziomie dopuszczalnym dla klasy SAE 40. Temperatura zapłonu obniżona. Liczba zasadowa w bezpiecznym zakresie. W porównaniu do poprzedniego badania nie stwierdzono wzrostu zawartości cząstek zużyciowych. Zawartość stałych zanieczyszczeń w normie. Podwyższona zawartość wody. Lekko podwyższona zawartość sodu - prawdopodobnie jest to pochodna zanieczyszczenia oleju wodą lub płynem chłodniczym. Widmo w podczerwieni sugeruje obecność płynu chłodniczego w próbce.



Zalecenia i wnioski:

Olej nie kwalifikuje się do dalszej eksploatacji, konieczna jest wymiana oleju na świeży o ile jeszcze nie nastąpiła. Wskazana jest reakcja serwisowa - kontrola stanu układu chłodzenia silnika. Proszę wykonać kolejne badanie po przeprowadzeniu działań korygujących.","{""lepkość"": ""w_dopuszczalnym_zakresie"", ""temperatura_zapłonu"": ""obniżony"", ""liczba_zasadowa"": ""w_zakresie_bezpiecznym"", ""zanieczyszczenia_stałe"": ""w_normie"", ""woda"": ""podniesiony"", ""płyn_chłodniczy"": ""lekko_podniesiony"", ""sód"": ""lekko_podniesiony""}",2,UWAGA
P2212790,"Lepkość mieści się w zakresie typowym dla klasy SAE 40. Rezerwa alkaliczna na akceptowalnym poziomie. Nie stwierdzono podwyższonej zawartości cząstek metalicznych w normie, wskazującej na intensywny przebieg procesów korozji lub/i zużycia smarowanych elementów. Zawartość wody w zakresie granicznym.



Zalecenia i wnioski:

Oznaczone parametry mieszczą się w akceptowalnych zakresach. Proszę obserwować zmiany w następnej analizie za 300h pracy silnika.    ","{""lepkość"": ""w_normie"", ""rezerwa_alkaliczna"": ""w_akceptowalnym_zakresie"", ""woda"": ""w_zakresie_granicznym""}",0,W NORMIE
P2212855,"Lepkość w normie dla klasy SAE 30. Temperatura zapłonu na bezpiecznym poziomie. Zawartość dodatków zgodna z posiadaną przez nas referencją oleju świeżego. Lekko podwyższona zawartość krzemu. Zawartość wody w normie. Nie stwierdzono niepokojąco podwyższonej zawartości cząstek zużyciowych.



Zalecenia i wnioski:

Oznaczone parametry mieszczą się w dopuszczalnych zakresach. Olej kwalifikuje się do dalszej eksploatacji Zalecana jest obserwacja zmian w kolejnych badaniach zgodnie z przyjętym harmonogramem.   ","{""lepkość"": ""w_normie"", ""temperatura_zapłonu"": ""w_zakresie_bezpiecznym"", ""krzem"": ""lekko_podniesiony"", ""woda"": ""w_normie""}",1,W NORMIE
P2212856,"Lepkość w normie dla klasy SAE 30. Temperatura zapłonu na bezpiecznym poziomie. Zawartość dodatków zgodna z posiadaną przez nas referencją oleju świeżego. Lekko podwyższona zawartość krzemu. Zawartość wody w normie. Nie stwierdzono niepokojąco podwyższonej zawartości cząstek zużyciowych.



Zalecenia i wnioski:

Oznaczone parametry mieszczą się w dopuszczalnych zakresach. Olej kwalifikuje się do dalszej eksploatacji Zalecana jest obserwacja zmian w kolejnych badaniach zgodnie z przyjętym harmonogramem.   ","{""lepkość"": ""w_normie"", ""temperatura_zapłonu"": ""w_zakresie_bezpiecznym"", ""krzem"": ""lekko_podniesiony"", ""woda"": ""w_normie""}",1,W NORMIE
P2212857,"Lepkość w normie dla klasy SAE 30. Temperatura zapłonu na bezpiecznym poziomie. Zawartość dodatków zgodna z posiadaną przez nas referencją oleju świeżego. Lekko podwyższona zawartość krzemu. Zawartość wody w normie. Nie stwierdzono niepokojąco podwyższonej zawartości cząstek zużyciowych.



Zalecenia i wnioski:

Oznaczone parametry mieszczą się w dopuszczalnych zakresach. Olej kwalifikuje się do dalszej eksploatacji Zalecana jest obserwacja zmian w kolejnych badaniach zgodnie z przyjętym harmonogramem.","{""lepkość"": ""w_normie"", ""temperatura_zapłonu"": ""w_zakresie_bezpiecznym"", ""krzem"": ""lekko_podniesiony"", ""woda"": ""w_normie""}",1,W NORMIE
P2212858,"Lepkość w normie dla klasy SAE 30. Temperatura zapłonu na bezpiecznym poziomie. Zawartość dodatków zgodna z posiadaną przez nas referencją oleju świeżego. Lekko podwyższona zawartość krzemu. Zawartość wody na akceptowalnym poziomie. Nie stwierdzono niepokojąco podwyższonej zawartości cząstek zużyciowych.



Zalecenia i wnioski:

Oznaczone parametry mieszczą się w dopuszczalnych zakresach. Olej kwalifikuje się do dalszej eksploatacji Zalecana jest obserwacja zmian w kolejnych badaniach zgodnie z przyjętym harmonogramem.","{""lepkość"": ""w_normie"", ""temperatura_zapłonu"": ""w_zakresie_bezpiecznym"", ""krzem"": ""lekko_podniesiony"", ""woda"": ""w_akceptowalnym_zakresie""}",1,W NORMIE
P2213361,"Lepkość w zakresie dopuszczalnym dla klasy SAE 40. Wskaźnik lepkości w zakresie typowym dla oleju jednosezonowego. Temperatura zapłonu lekko obniżona. Zawartość cząstek zużyciowych na akceptowalnym poziomie. Wysoka zawartość sodu - prawdopodobnie jest to pochodna zanieczyszczenia oleju wodą lub płynem chłodniczym. Widmo w podczerwieni nie wskazuje jednoznacznie na podwyższoną zawartość płynu chłodniczego w dostarczonej próbce. Przeprowadzone dodatkowo badanie Karl-Fischer nie wykazało niepokojąco podwyższonej zawartości wody (0,03%).



Zalecenia i wnioski:

Wyniki przeprowadzonych badań wskazują na zanieczyszczenie oleju płynem chłodniczym. Nieznana jest historia dotychczasowych badań oraz działań serwisowych lokomotywy. Proszę rozważyć wymianę oleju na świeży lub w przypadku dalszego użytkowania oleju obserwować zmiany w następnym badaniu w niedługim okresie eksploatacji lokomotywy. ","{""lepkość"": ""w_normie"", ""wskaźnik_lepkości"": ""w_normie"", ""temperatura_zapłonu"": ""lekko_obniżony"", ""metale_zużyciowe"": ""w_akceptowalnym_zakresie"", ""płyn_chłodniczy"": ""podniesiony"", ""sód"": ""podniesiony"", ""woda"": ""podniesiony""}",2,UWAGA
P2213405,"Lepkość w zakresie granicznym dla klasy SAE 40. Temperatura zapłonu na akceptowalnym poziomie. Liczba zasadowa na bezpiecznym poziomie. Zawartość stałych zanieczyszczeń w dopuszczalnym zakresie. Zawartość cząstek zużyciowych w normie. Na widmie w podczerwieni nie stwierdzono charakterystycznych zmian świadczących o zanieczyszczeniu oleju płynem chłodniczym.



Zalecenia i wnioski:

Oznaczone parametry mieszczą się w akceptowalnych zakresach. Proszę obserwować zmiany w kolejnym badaniu zgodnie z przyjętym harmonogramem diagnostyki.       ","{""lepkość"": ""w_zakresie_granicznym"", ""temperatura_zapłonu"": ""w_akceptowalnym_zakresie"", ""liczba_zasadowa"": ""w_zakresie_bezpiecznym"", ""zanieczyszczenia_stałe"": ""w_dopuszczalnym_zakresie"", ""metale_zużyciowe"": ""w_normie"", ""płyn_chłodniczy"": ""brak_wykrycia""}",0,W NORMIE
P2213406,"Lepkość w 100°C niemożliwa do oznaczenia zgodnie z PN-EN ISO 3104 ze względu na niestabilność próbki w tej temperaturze. Lepkość w 40°C znacznie poniżej wartości oczekiwanej dla oleju klasy SAE 50. Temperatura zapłonu na akceptowalnym poziomie. Nie podaliście Państwo nazwy eksploatowanego oleju z tego powodu nie możemy porównać liczby zasadowej z wartością tego parametru w oleju świeżym jednak oznaczona wartość mieści się w bezpiecznym zakresie. Własności dyspergujące w normie. Zawartość stałych zanieczyszczeń lekko podwyższona. Wysoka zawartość wody. Na widmie w podczerwieni nie stwierdzono charakterystycznych zmian świadczących o obecności glikolu. Nie stwierdzono niepokojąco podwyżsoznej zawartości pierwiastków charakterystycznych dla powszechnie stosowanych płynów chłodniczych. Zawartość cząstek zużyciowych na dopuszczalnym poziomie.



Zalecenia i wnioski:

Olej nie kwalifikuje się do dalszej eksploatacji. Proszę zidentyfikować przyczynę zanieczyszczenia oleju wodą. Zalecane jest przeprowadzenie kolejnej analizy po wykonaniu działań korygujących. ","{""temperatura_zapłonu"": ""w_akceptowalnym_zakresie"", ""liczba_zasadowa"": ""w_zakresie_bezpiecznym"", ""zanieczyszczenia_stałe"": ""lekko_podniesiony"", ""woda"": ""podniesiony"", ""glikol"": ""brak_wykrycia"", ""płyn_chłodniczy"": ""brak_wykrycia"", ""metale_zużyciowe"": ""w_dopuszczalnym_zakresie""}",2,UWAGA
P2213636,"Oznaczona lepkość w normie dla oleju klasy SAE 40. Temperatura zapłonu w normie. Poziom miedzi w zakresie granicznym, trend stabilny. Poziom metalicznych produktów zużycia oznaczony w badaniu pierwiastków w normie.
Zalecenia i wnioski:
Obserwować zmiany w kolejnej analizie. Wykonać badanie zgodnie z harmonogramem diagnostyki olejowej.","{""lepkość"": ""w_normie"", ""temperatura_zapłonu"": ""w_normie"", ""miedź"": ""w_zakresie_granicznym"", ""metale_zużyciowe"": ""w_normie""}",0,W NORMIE
P2213637,"Lepkość w normie dla klasy SAE 30. Temperatura zapłonu na akceptowalnym poziomie. Zawartość dodatków na poziomie oczekiwanym. Lekko podwyższona zawartość krzemu. Zawartość stałych zanieczyszczeń w normie. Zawartość wody w normie. Nie stwierdzono niepokojąco podwyższonej zawartości cząstek zużyciowych. Liczba kwasowa w trendzie rosnącym, mieści się w zakresie typowym dla eksploatowanych olejów silnikowych.   



Zalecenia i wnioski:

Oznaczone parametry mieszczą się w dopuszczalnych zakresach. Olej kwalifikuje się do dalszej eksploatacji Zalecana jest obserwacja zmian w kolejnych badaniach zgodnie z przyjętym harmonogramem.","{""lepkość"": ""w_normie"", ""temperatura_zapłonu"": ""w_akceptowalnym_zakresie"", ""krzem"": ""lekko_podniesiony"", ""zanieczyszczenia_stałe"": ""w_normie"", ""woda"": ""w_normie"", ""liczba_kwasowa"": ""podniesiony""}",0,W NORMIE
P2213639,"Lepkość w normie dla klasy SAE 30. Temperatura zapłonu na akceptowalnym poziomie. Zawartość dodatków na poziomie oczekiwanym. Lekko podwyższona zawartość krzemu. Zawartość stałych zanieczyszczeń w normie. Zawartość wody w normie. Zawartości cząstek zużyciowych wzrosła jedynie nieznacznie w porównaiu do poprzedniego badania, mieści się w zakresie dopuszczalnym. Liczba kwasowa w trendzie rosnącym, mieści się w zakresie typowym dla eksploatowanych olejów silnikowych.



Zalecenia i wnioski:

Oznaczone parametry mieszczą się w dopuszczalnych zakresach. Olej kwalifikuje się do dalszej eksploatacji Zalecana jest obserwacja zmian w kolejnych badaniach zgodnie z przyjętym harmonogramem.","{""lepkość"": ""w_normie"", ""temperatura_zapłonu"": ""w_akceptowalnym_zakresie"", ""krzem"": ""lekko_podniesiony"", ""zanieczyszczenia_stałe"": ""w_normie"", ""woda"": ""w_normie"", ""metale_zużyciowe"": ""podniesiony"", ""liczba_kwasowa"": ""podniesiony""}",0,W NORMIE
P2213640,"Lepkość w normie dla klasy SAE 30. Temperatura zapłonu w normie. Zawartość dodatków na poziomie oczekiwanym. Lekko podwyższona zawartość krzemu, trend stabilny. Zawartość stałych zanieczyszczeń wzrosła w porównaniu do poprzedniego badania, mieści się w zakresie akceptowalnym. Zawartość wody w normie. Nie stwierdzono niepokojąco podwyższonej zawartości cząstek zużyciowych. Liczba kwasowa w trendzie rosnącym, mieści się w zakresie typowym dla eksploatowanych olejów silnikowych.   



Zalecenia i wnioski:

Oznaczone parametry mieszczą się w dopuszczalnych zakresach. Olej kwalifikuje się do dalszej eksploatacji Zalecana jest obserwacja zmian w kolejnych badaniach zgodnie z przyjętym harmonogramem.","{""lepkość"": ""w_normie"", ""temperatura_zapłonu"": ""w_normie"", ""krzem"": ""lekko_podniesiony"", ""zanieczyszczenia_stałe"": ""podniesiony"", ""woda"": ""w_normie"", ""liczba_kwasowa"": ""podniesiony""}",0,W NORMIE
P2213641,"Lepkość w normie dla klasy SAE 30. Temperatura zapłonu na bezpiecznym poziomie. Zawartość dodatków na poziomie oczekiwanym. Lekko podwyższona zawartość krzemu, trend stabilny. Zawartość stałych zanieczyszczeń wzrosła lekko w porównaniu do poprzedniego badania, mieści się w zakresie akceptowalnym. Zawartość wody w normie. Nie stwierdzono niepokojąco podwyższonej zawartości cząstek zużyciowych. Liczba kwasowa w trendzie rosnącym, mieści się w zakresie typowym dla eksploatowanych olejów silnikowych.



Zalecenia i wnioski:

Oznaczone parametry mieszczą się w dopuszczalnych zakresach. Olej kwalifikuje się do dalszej eksploatacji Zalecana jest obserwacja zmian w kolejnych badaniach zgodnie z przyjętym harmonogramem.","{""lepkość"": ""w_normie"", ""temperatura_zapłonu"": ""w_zakresie_bezpiecznym"", ""krzem"": ""lekko_podniesiony"", ""zanieczyszczenia_stałe"": ""podniesiony"", ""woda"": ""w_normie"", ""liczba_kwasowa"": ""podniesiony""}",0,W NORMIE
P2214638,"Oznaczona lepkość w normie. Temperatura zapłonu w normie. Zawartość miedzi lekko podniesiona, jednak znajduje się w trendzie stabilnym. Poziom pozostałych metalicznych produktów zużycia oznaczony w badaniu pierwiastków (cząstki o rozmiarze <5 mikronów) w normie. 

Wnioski i zalecenia:

Przeprowadzić kolejne badanie zgodnie z harmonogramem diagnostyki olejowej. Proszę obserwować zmiany w następnej analizie.","{""lepkość"": ""w_normie"", ""temperatura_zapłonu"": ""w_normie"", ""miedź"": ""lekko_podniesiony"", ""metale_zużyciowe"": ""w_normie""}",0,W NORMIE
P2215061,"Lepkość w zakresie granicznym klasy SAE 40. Temperatura zapłonu w normie. Zawartość cząstek zużyciowych w normie. Na widmie w podczerwieni nie stwierdzono charakterystycznych zmian świadczących o zanieczyszczeniu oleju płynem chłodniczym.





Zalecenia i wnioski:

Oznaczone parametry mieszczą się w akceptowalnych zakresach. Proszę obserwować zmiany w kolejnym badaniu zgodnie z przyjętym harmonogramem diagnostyki. ","{""lepkość"": ""w_zakresie_granicznym"", ""temperatura_zapłonu"": ""w_normie"", ""metale_zużyciowe"": ""w_normie"", ""płyn_chłodniczy"": ""brak_wykrycia""}",0,W NORMIE
P2215490,"Oznaczona lepkość w normie dla oleju klasy SAE 40. Temperatura zapłonu obniżona. Poziom metalicznych produktów zużycia oznaczony w badaniu pierwiastków (cząstki o rozmiarze <5 mikronów) w normie. Zawartość krzemu lekko podniesiona.

Zalecenia i wnioski:

Ze względu na obniżoną temperaturę zapłonu zalecana jest wymiana oleju na świeży. Skontrolować układ pod kątem przedostawania się paliwa do oleju. Przeprowadzić kolejne badanie zgodnie z harmonogramem diagnostyki olejowej. Proszę obserwować zmiany w następnej analizie.","{""lepkość"": ""w_normie"", ""temperatura_zapłonu"": ""obniżony"", ""metale_zużyciowe"": ""w_normie"", ""krzem"": ""lekko_podniesiony""}",1,UWAGA
P2215975,"Oznaczona lepkość w normie dla klasy ISO VG 32. Klasa czystości wyraźnie pogorszona.  Poziom metalicznych produktów zużycia oznaczony w badaniu pierwiastków w normie.

Wnioski i zalecenia:

Ze względu na pogorszoną klasę czystości zalecana wymiana oleju na świeży, wymiana wkładów filtracyjnych oraz kontrola szczelności układu pod kątem przedostawania się zanieczyszczeń. Wykonać kolejne badanie po przeprowadzeniu zabiegów korygujących.","{""lepkość"": ""w_normie"", ""iso_vg"": ""w_normie"", ""klasa_czystości"": ""pogorszony"", ""metale_zużyciowe"": ""w_normie""}",2,UWAGA
P2216248,"Lepkość w zakresie granicznym dla klasy SAE 40. Temperatura zapłonu w normie. Liczba zasadowa na dopuszczalnym poziomie. Nie stwierdzono podwyższonej zawartości cząstek zużyciowych. Na widmie w podczerwieni nie stwierdzono charakterystycznych zmian świadczących o zanieczyszczeniu oleju płynem chłodniczym. Zawartość stałych zanieczyszczeń w normie.



Zalecenia i wnioski:

Wszystkie oznaczone parametry mieszczą się w dopuszczalnych zakresach. Proszę obserwować zmiany w kolejnym badaniu zgodnie z przyjętym harmonogramem diagnostyki. ","{""lepkość"": ""w_zakresie_granicznym"", ""temperatura_zapłonu"": ""w_normie"", ""liczba_zasadowa"": ""w_dopuszczalnym_zakresie"", ""płyn_chłodniczy"": ""brak_wykrycia"", ""zanieczyszczenia_stałe"": ""w_normie""}",0,W NORMIE
P2217216,"Oznaczona lepkość na granicy zakresu typowego dla klasy SAE 30. Temperatura zapłonu lekko obniżona. Liczba zasadowa na bezpiecznym poziomie. Nie stwierdzono niepokojącego przyrostu zawartości cząstek zużyciowych. Zawartość stałych zanieczyszczeń w normie. Na widmie w podczerwieni nie stwierdzono charakterystycznych zmian świadczących o zanieczyszczenia oleju płynem chłodniczym.



Zalecenia i wnioski:

Proszę obserwować zmiany w następnej analizie zgodnie z przyjętym harmonogramem diagnostyki.","{""temperatura_zapłonu"": ""lekko_obniżony"", ""liczba_zasadowa"": ""w_zakresie_bezpiecznym"", ""zanieczyszczenia_stałe"": ""w_normie"", ""płyn_chłodniczy"": ""brak_wykrycia""}",1,W NORMIE
P2217423,Lepkość w zakresie typowym dla klasy SAE 20. Temperatura zapłonu na bardzo niskim poziomie. Wzajemny stosunek liczby kwasowej do zasadowej świadczy o wyczerpaniu rezerwy alkalicznej oleju. Zawartość wody w normie. Zawartość krzemu lekko podwyższona. Zawartość żelaza i glinu na akceptowalnym poziomie. Poziom pozostałych metalicznych produktów zużycia oznaczony w badaniu pierwiastków w normie. Indeks PQ w normie.,"{""lepkość"": ""w_normie"", ""woda"": ""w_normie"", ""krzem"": ""lekko_podniesiony"", ""żelazo"": ""w_akceptowalnym_zakresie"", ""glin"": ""w_akceptowalnym_zakresie"", ""metale_zużyciowe"": ""w_normie"", ""pq_indeks"": ""w_normie""}",2,UWAGA
P2218445,"Oznaczona lepkość w normie dla klasy SAE 40. Temperatura zapłonu lekko obniżona. Liczba zasadowa w normie. Własności dyspergujące w normie. Zawartość stałych zanieczyszczeń w normie. Zawartość wody w normie. W porównaniu do poprzednich analiz nie stwierdzono przyrostu zawartości cząstek zużyciowych. Nie stwierdzono zanieczyszczenia oleju płynem chłodniczym.

Zalecenia i wnioski:

Przeprowadzić kolejne badanie zgodnie z harmonogramem diagnostyki olejowej. Proszę obserwować zmiany w następnej analizie. ","{""lepkość"": ""w_normie"", ""temperatura_zapłonu"": ""lekko_obniżony"", ""liczba_zasadowa"": ""w_normie"", ""zanieczyszczenia_stałe"": ""w_normie"", ""woda"": ""w_normie"", ""płyn_chłodniczy"": ""brak_wykrycia""}",0,W NORMIE
P2219057,"Lepkość w normie dla oleju klasy SAE 40. Temperatura zapłonu w normie. Zawartość ołowiu lekko podwyższona, ale w trendzie stabilnym. Poziom pozostałych metalicznych produktów zużycia oznaczony w badaniu pierwiastków (cząstki o rozmiarach <5um) w normie.

Zalecenia i wnioski:

Proszę obserwować zmiany w następnej analizie. Wykonać kolejne badanie zgodnie z przyjętym harmonogramem diagnostyki olejowej.","{""lepkość"": ""w_normie"", ""temperatura_zapłonu"": ""w_normie"", ""ołów"": ""lekko_podniesiony"", ""metale_zużyciowe"": ""w_normie""}",0,W NORMIE
P2219130,"Lepkość obniżona dla oleju klasy SAE 50, wskazuje na olej klasy SAE 40. Temperatura zapłonu w normie. Poziom ołowiu podwyższony. Poziom miedzi lekko podwyższony. 

Zalecenia i wnioski:

Ze względu na wysoki poziom ołowiu i miedzi przeprowadzić inspekcję układu olejowego, ukierunkowaną na zużycie elementów zawierających w metalurgii wykryte metale. Proszę obserwować zmiany w następnej analizie, przeprowadzić kolejne badanie oleju po wykonaniu zabiegów korygujących.","{""lepkość"": ""w_normie"", ""temperatura_zapłonu"": ""w_normie"", ""ołów"": ""podniesiony"", ""miedź"": ""lekko_podniesiony""}",2,UWAGA
P2219278,"Oznaczona lepkość w normie. Temperatura zapłonu w normie. Lekko podwyższona zawartość miedzi pozostająca w dopuszczalnym limicie, trend stabilny. Poziom pozostałych metalicznych produktów zużycia oznaczony w badaniu pierwiastków ( cząstki o rozmiarze <5um) w normie.

Wnioski i zalecenia: 

Proszę obserwować zmiany w następnej analizie. Wykonać badanie zgodnie z przyjętym harmonogramem diagnostyki olejowej ","{""lepkość"": ""w_normie"", ""temperatura_zapłonu"": ""w_normie"", ""miedź"": ""lekko_podniesiony"", ""metale_zużyciowe"": ""w_normie""}",0,W NORMIE
P2219714,"Oznaczona lepkość w normie. Temperatura zapłonu w normie. Zawartość miedzi lekko podniesiona - trend stabilny. Poziom pozostałych metalicznych produktów zużycia w normie.

Zalecenia i wnioski:

Proszę obserwować zmiany w następnej analizie. Wykonać kolejne badanie zgodnie z przyjętym harmonogramem diagnostyki olejowej.","{""lepkość"": ""w_normie"", ""temperatura_zapłonu"": ""w_normie"", ""miedź"": ""lekko_podniesiony"", ""metale_zużyciowe"": ""w_normie""}",1,W NORMIE
P2219913,"Oznaczona lepkość dla oleju klasy SAE 40 w normie. Temperatura zapłonu w normie. Zawartość miedzi jest lekko podniesiona, trend stabilny. Poziom pozostałych metalicznych produktów zużycia oznaczony w badaniu pierwiastków w normie.




Wnioski i zalecenia:




Zachowana dynamika przyrostu miedzi. Proszę obserwować zmiany w następnej analizie. Wykonać kolejne badanie zgodnie z harmonogramem diagnostyki. ","{""lepkość"": ""w_normie"", ""temperatura_zapłonu"": ""w_normie"", ""miedź"": ""lekko_podniesiony"", ""metale_zużyciowe"": ""w_normie""}",1,W NORMIE
P2220038,"Lepkość w zakresie granicznym klasy SAE 40. Temperatura zapłonu obniżona. Widmo w podczerwieni wskazuje na zanieczyszczenie oleju wodą lub płynem chłodniczym. Podwyższona zawartość sodu - wskazuje na zanieczyszczenie oleju płynem chłodniczym. Zawartość cząstek zużyciowych mieści się w dopuszczalnym zakresie.



Zalecenia i wnioski:

Olej nie kwalifikuje się do dalszej eksploatacji. Wskazana jest kontrola stanu układu chłodzenia. Proszę wykonać kolejne badania po przeprowadzeniu działań korygujących.","{""lepkość"": ""w_zakresie_granicznym"", ""temperatura_zapłonu"": ""obniżony"", ""płyn_chłodniczy"": ""podniesiony"", ""sód"": ""podniesiony"", ""metale_zużyciowe"": ""w_dopuszczalnym_zakresie""}",2,UWAGA
P2300618,Oznaczona lepkość w normie dla oleju klasy SAE 20. Rezerwa alkaliczna na wyczerpaniu. Temperatura zapłonu w normie. Zawartość wody w normie. Zawartość żelaza lekko podniesiona. Poziom pozostałych metalicznych produktów zużycia oznaczony w badaniu pierwiastków (cząstki o rozmiarach <5um) w normie. Zalecam skrócić interwał pomiędzy wymianami oleju.,"{""lepkość"": ""w_normie"", ""temperatura_zapłonu"": ""w_normie"", ""woda"": ""w_normie"", ""żelazo"": ""lekko_podniesiony"", ""metale_zużyciowe"": ""w_normie""}",2,UWAGA
P2300694,"Oznaczona lepkość na poziomie akceptowalnym. Własności dyspergujące na poziomie akceptowalnym. Temperatura zapłonu w normie. Indeks PQ lekko podniesiony.

Wnioski i zalecenia:

Przeprowadzić kolejne badanie zgodnie z harmonogramem diagnostyki olejowej. Proszę obserwować zmiany w następnej analizie. ","{""lepkość"": ""w_akceptowalnym_zakresie"", ""temperatura_zapłonu"": ""w_normie"", ""pq_indeks"": ""lekko_podniesiony""}",1,W NORMIE
P2300883,"Oznaczona lepkość wskazuje na olej klasy SAE 40. Temperatura zapłonu lekko obniżona. Liczba zasadowa w normie. Własności dyspergujące w normie. Zawartość stałych ciał obcych w normie. Zawartość wody w normie. W porównaniu do poprzednich analiz nie stwierdzono przyrostu zawartości cząstek zużyciowych. Nie stwierdzono zanieczyszczenia oleju płynem chłodniczym.

Zalecenia i wnioski:

Proszę obserwować zmiany w następnej analizie. Wykonać kolejne badanie zgodnie z przyjętym harmonogramem diagnostyki olejowej.","{""lepkość"": ""w_normie"", ""temperatura_zapłonu"": ""lekko_obniżony"", ""liczba_zasadowa"": ""w_normie"", ""stałe_ciała_obce"": ""w_normie"", ""woda"": ""w_normie"", ""płyn_chłodniczy"": ""brak_wykrycia""}",1,W NORMIE
P2301923,"Oznaczona lepkość na poziomie akceptowalnym. Własności dyspergujące na poziomie akceptowalnym. Temperatura zapłonu w normie. Indeks PQ lekko podniesiony.

Wnioski i zalecenia:

Przeprowadzić kolejne badanie zgodnie z harmonogramem diagnostyki olejowej. Proszę obserwować zmiany w następnej analizie. ","{""lepkość"": ""w_akceptowalnym_zakresie"", ""temperatura_zapłonu"": ""w_normie"", ""pq_indeks"": ""lekko_podniesiony""}",0,W NORMIE
P2302073,"Oznaczona lepkość w zakresie granicznym dla oleju klasy SAE 30. Rezerwa alkaliczna w normie. Temperatura zapłonu w normie. Zawartość wody w normie. Podwyższona zawartość sadzy. Poziom metalicznych produktów zużycia oznaczony w badaniu pierwiastków (cząstki o rozmiarach <5um) w normie. Indeks PQ, informujący o magnetycznych ferrocząstkach (niezależnie od rozmiaru cząstek) w normie.","{""lepkość"": ""w_zakresie_granicznym"", ""rezerwa_alkaliczna"": ""w_normie"", ""temperatura_zapłonu"": ""w_normie"", ""woda"": ""w_normie"", ""sadza"": ""podniesiony"", ""metale_zużyciowe"": ""w_normie"", ""pq_indeks"": ""w_normie""}",1,W NORMIE
P2302100,"Oznaczona lepkość w zakresie granicznym dla oleju klasy SAE 40. Temperatura zapłonu w normie. Poziom metalicznych produktów zużycia oznaczony w badaniu pierwiastków (cząstki o rozmiarach <5um) w normie.

Zalecenia i wnioski:

Proszę obserwować zmiany w następnej analizie. Wykonać kolejne badanie zgodnie z przyjętym harmonogramem diagnostyki olejowej.","{""lepkość"": ""w_zakresie_granicznym"", ""temperatura_zapłonu"": ""w_normie"", ""metale_zużyciowe"": ""w_normie""}",0,W NORMIE
P2302261,"Oznaczona lepkość lekko obniżona dla oleju klasy SAE 50. Zawartość stałych ciał obcych podniesiona. Temperatura zapłonu w normie. Liczba zasadowa w normie. Zawartość sodu oraz potasu podniesiona. Własności dyspergujące w normie. Zawartość wody w normie. Zawartość ołowiu oraz miedzi znaczne podniesiona. Poziom pozostałych metalicznych produktów zużycia oznaczony w badaniu pierwiastków (cząstki <5 mikronów) mieści się w dopuszczalnych limitach. Indeks PQ (informujący o zawartości cząstek ferromagnetycznych bez względu na rozmiar) podwyższony.
Wnioski i zalecenia:
Olej nie kwalifikuje się do dalszej eksploatacji - zalecana jest wymiana oleju na świeży. Wykryte metale zużyciowe oraz podwyższony indeks PQ mogą wskazywać na zwiększone procesy zużyciowe zachodzące w obrębie układu smarnego. Zalecana jest kontrola układu pod kątem podwyższonego zużycia oraz przedostawania się płynu chłodniczego do oleju. Przeprowadzić kolejne badanie po wykonaniu zabiegów korygujących. Proszę obserwować zmiany w następnej analizie.","{""lepkość"": ""lekko_obniżony"", ""stałe_ciała_obce"": ""podniesiony"", ""temperatura_zapłonu"": ""w_normie"", ""liczba_zasadowa"": ""w_normie"", ""sód"": ""podniesiony"", ""potas"": ""podniesiony"", ""woda"": ""w_normie"", ""miedź"": ""podniesiony"", ""ołów"": ""podniesiony"", ""metale_zużyciowe"": ""w_dopuszczalnym_zakresie"", ""pq_indeks"": ""podniesiony""}",2,UWAGA
P2302854,"Lepkość w zakresie typowym dla klasy SAE 40. Temperatura zapłonu w normie. Liczba zasadowa znacznie poniżej wartości oczekiwanej dla oleju Total Disola MR 4015. Własności dyspergujące na akceptowalnym poziomie. Zawartość stałych zanieczyszczeń lekko podwyższona. Lekko podwyższona zawartość sadzy. Zawartość wody w normie. Zawartość cząstek zużyciowych podwyższona, nieznana jest dynamika przyrostu zawartości. Nie stwierdzono zanieczyszczenia oleju płynem chłodniczym.



Zalecenia i wnioski:

Obniżona liczba zasadowa może mieć związek z degradacją starzeniową oleju lub w eksploatacji jest olej innego typu niż deklarowano lub mieszanina olejów. Ze względu na podwyższoną zawartość cząstek zużyciowych zalecana jest wymiana oleju na świeży. Proszę obserwować zmiany w kolejnych badaniach po przeprowadzeniu działań korygujących.","{""lepkość"": ""w_normie"", ""temperatura_zapłonu"": ""w_normie"", ""zanieczyszczenia_stałe"": ""lekko_podniesiony"", ""sadza"": ""lekko_podniesiony"", ""woda"": ""w_normie"", ""metale_zużyciowe"": ""podniesiony"", ""płyn_chłodniczy"": ""brak_wykrycia""}",1,UWAGA
P2302871,"Oznaczona lepkość w normie dla oleju klasy SAE 40. Rezerwa alkaliczna uległa wyczerpaniu. Zawartość sodu lekko podwyższona. Poziom metalicznych produktów zużycia oznaczony w badaniu pierwiastków (cząstki o rozmiarach <5um) w normie. Indeks PQ, informujący o magnetycznych ferrocząstkach (niezależnie od rozmiaru cząstek) w normie.

Zalecenia i wnioski:

Zalecam przygotowanie się do wymiany oleju w dogodnym dla Państwa terminie. Proszę obserwować zmiany w następnej analizie. Wykonać kolejne badanie zgodnie z przyjętym harmonogramem diagnostyki olejowej.","{""lepkość"": ""w_normie"", ""sód"": ""lekko_podniesiony"", ""metale_zużyciowe"": ""w_normie"", ""pq_indeks"": ""w_normie""}",2,UWAGA
P2302991,"Oznaczona lepkość w normie. Temperatura zapłonu w normie. Lekko podwyższona zawartość miedzi pozostająca w dopuszczalnym limicie, trend stabilny. Poziom pozostałych metalicznych produktów zużycia oznaczony w badaniu pierwiastków ( cząstki o rozmiarze <5um) w normie.

Wnioski i zalecenia: 

Proszę obserwować zmiany w następnej analizie. Wykonać badanie zgodnie z przyjętym harmonogramem diagnostyki olejowej ","{""lepkość"": ""w_normie"", ""temperatura_zapłonu"": ""w_normie"", ""miedź"": ""lekko_podniesiony"", ""metale_zużyciowe"": ""w_normie""}",0,W NORMIE
P2303040,"Oznaczona lepkość w normie dla oleju klasy SAE 40. Temperatura zapłonu w normie. Lekko podwyższona zawartość sodu. Poziom metalicznych produktów zużycia oznaczony w badaniu pierwiastków (cząstki o rozmiarach <5um) w normie. Widmo w podczerwieni na wskazuje na zanieczyszczenie próbki płynem chłodniczym.

Zalecenia i wnioski:

Proszę obserwować zmiany w następnej analizie. Wykonać kolejne badanie zgodnie z przyjętym harmonogramem diagnostyki olejowej.","{""lepkość"": ""w_normie"", ""temperatura_zapłonu"": ""w_normie"", ""sód"": ""lekko_podniesiony"", ""metale_zużyciowe"": ""w_normie""}",1,W NORMIE
P2303338,"Lepkość mieści się w zakresie typowym dla oleju klasy SAE 20. Wskaźnik lepkości na poziomie oczekiwanym. Temperatura zapłonu lekko obniżona. Rezerwa alkaliczna uległa wyczerpaniu. Parametr i-pH obniżony. Zawartość wody w normie. Zawartość krzemu podwyższona, nie krytycznie. Zawartość żelaza lekko podwyższona. Poziom pozostałych metalicznych produktów zużycia oznaczony w badaniu pierwiastków (cząstki o rozmiarach <5um) w normie. Indeks PQ, informujący o magnetycznych ferrocząstkach (niezależnie od rozmiaru cząstek) w normie. Nie stwierdzono innego, niepokojącego zanieczyszczenia oleju. 

Zalecam skrócić interwał pomiędzy wymianami oleju.","{""lepkość"": ""w_normie"", ""wskaźnik_lepkości"": ""w_normie"", ""temperatura_zapłonu"": ""lekko_obniżony"", ""ph"": ""obniżony"", ""woda"": ""w_normie"", ""krzem"": ""podniesiony"", ""żelazo"": ""lekko_podniesiony"", ""metale_zużyciowe"": ""w_normie"", ""pq_indeks"": ""w_normie""}",2,UWAGA
P2303832,"Oznaczona lepkość dla klasy SAE 50 lekko obniżona. Zawartość stałych ciał obcych podwyższona. Własności dyspergujące w normie. Liczba zasadowa w normie. Temperatura zapłonu w normie. Zawartość wody w normie. Zawartość sodu i potasu podwyższona. Zawartość  żelaza, ołowiu oraz miedzi znaczne podwyższona. Poziom pozostałych metalicznych produktów zużycia oznaczony w badaniu pierwiastków w normie. Indeks PQ (informujący o zawartości cząstek ferromagnetycznych bez względu na rozmiar) podwyższony.

Wnioski i zalecenia: 

Uzyskane wyniki wskazują na postępującą korozję/zużywanie się elementów silnika. Należy przeprowadzić kontrolę układu olejowego ukierunkowaną na zużycie elementów zawierających w metalurgii wykryte pierwiastki (np. łożysk). Podwyższona zawartość sodu i potasu wskazuje na obecność płynu chłodniczego w oleju. Zalecana kontrola układu pod kątem  przedostawania się płynu chłodniczego do oleju <>. Wskazana jest wymiana oleju na świeży w najbliższym możliwym terminie. Proszę obserwować zmiany w następnej analizie.","{""lepkość"": ""lekko_obniżony"", ""stałe_ciała_obce"": ""podniesiony"", ""liczba_zasadowa"": ""w_normie"", ""temperatura_zapłonu"": ""w_normie"", ""woda"": ""w_normie"", ""sód"": ""podniesiony"", ""potas"": ""podniesiony"", ""żelazo"": ""podniesiony"", ""miedź"": ""podniesiony"", ""ołów"": ""podniesiony"", ""metale_zużyciowe"": ""w_normie"", ""pq_indeks"": ""podniesiony""}",2,UWAGA
P2303844,"Oznaczona lepkość w normie dla oleju klasy SAE 30. Temperatura zapłonu w normie. Zawartość stałych ciał obcych w normie. Liczba zasadowa w normie. Poziom metalicznych produktów zużycia oznaczony w badaniu pierwiastków (cząstki o rozmiarze <5 mikronów) w normie. Zawartość wody w zakresie granicznym.

Wnioski i zalecenia:

Przeprowadzić kolejne badanie zgodnie z harmonogramem diagnostyki olejowej. Proszę obserwować zmiany w następnej analizie.","{""lepkość"": ""w_normie"", ""temperatura_zapłonu"": ""w_normie"", ""stałe_ciała_obce"": ""w_normie"", ""liczba_zasadowa"": ""w_normie"", ""metale_zużyciowe"": ""w_normie"", ""woda"": ""w_zakresie_granicznym""}",1,W NORMIE
P2305751,"Oznaczona lepkość w normie dla oleju klasy SAE 40. Temperatura zapłonu w normie. Zawartość krzemu lekko podwyższona. Poziom metalicznych produktów zużycia oznaczony w badaniu pierwiastków (cząstki o rozmiarach <5um) w normie.

Zalecenia i wnioski:

Proszę obserwować zmiany w następnej analizie. Wykonać kolejne badanie zgodnie z przyjętym harmonogramem diagnostyki olejowej.","{""lepkość"": ""w_normie"", ""temperatura_zapłonu"": ""w_normie"", ""krzem"": ""lekko_podniesiony"", ""metale_zużyciowe"": ""w_normie""}",0,W NORMIE
P2305808,"Oznaczona lepkość w normie dla oleju klasy SAE 40. Temperatura zapłonu obniżona. Zawartość krzemu i sodu lekko podwyższona. Zawartość żelaza podwyższona. Poziom pozostałych metalicznych produktów zużycia oznaczony w badaniu pierwiastków (cząstki o rozmiarach <5um) w normie. Indeks PQ, informujący o magnetycznych ferrocząstkach (niezależnie od rozmiaru cząstek) podwyższony. Poziom żelaza oraz PQ indeks wskazują na podniesione zużycie i/lub korozję komponentów układu olejowego.

Zalecenia i wnioski:

Wskazana jest wymiana oleju na świeży. Proszę dokonać inspekcji układu ukierunkowanej na wykryte metale zużyciowe. Proszę obserwować zmiany w następnej analizie, przeprowadzić kolejne badanie oleju za 500h pracy.","{""lepkość"": ""w_normie"", ""temperatura_zapłonu"": ""obniżony"", ""sód"": ""lekko_podniesiony"", ""krzem"": ""lekko_podniesiony"", ""żelazo"": ""podniesiony"", ""metale_zużyciowe"": ""w_normie"", ""pq_indeks"": ""podniesiony""}",1,UWAGA
P2306042,"Oznaczona lepkość w normie. Temperatura zapłonu w normie. Poziom miedzi jest lekko podniesiony od ostatniego badania. Pozostałe metaliczne produkty zużycia oznaczony w badaniu pierwiastków (cząstki o rozmiarze <5um) w normie.

Wnioski i zalecenia:

Proszę obserwować zmiany w następnej analizie, zgodnie z harmonogramem diagnostyki.","{""lepkość"": ""w_normie"", ""temperatura_zapłonu"": ""w_normie"", ""miedź"": ""lekko_podniesiony""}",1,W NORMIE
P2306122,"Lepkość w zakresie typowym dla klasy SAE 40. Wskaźnik lepkości na poziomie oczekiwanym. Rezerwa alkaliczna na bezpiecznym poziomie. Temperatura zapłonu w normie. Nie stwierdzono podwyższonej zawartości cząstek metalicznych świadczącej o intensywnym przebiegu procesów korozji lub/i zużycia smarowanych elementów. Na widmie w podczerwieni nie stwierdzono charakterystycznych zmian świadczących o zanieczyszczeniu oleju wodą lub płynem chłodniczym. Lekko podwyższona zawartość krzemu, prawdopodobne pochodzenie to pył z otoczenia.



Zalecenia i wnioski:

Oznaczone parametry mieszczą się w dopuszczalnych zakresach, nie wskazują na przebieg niepokojących procesów w obrębie smarowanego układu. Olej kwalifikuje się do dalszej eksploatacji. Zalecana jest obserwacja zmian w kolejnych analizach zgodnie z przyjętym harmonogramem diagnostyki.","{""lepkość"": ""w_normie"", ""wskaźnik_lepkości"": ""w_normie"", ""rezerwa_alkaliczna"": ""w_zakresie_bezpiecznym"", ""temperatura_zapłonu"": ""w_normie"", ""płyn_chłodniczy"": ""brak_wykrycia"", ""krzem"": ""lekko_podniesiony""}",1,W NORMIE
P2306229,"Oznaczona lepkość w zakresie granicznym dla oleju klasy SAE 40. Rezerwa alkaliczna na bezpiecznym poziomie. Temperatura zapłonu w normie. Zawartość wody w normie. Zawartość krzemu w zakresie dopuszczalnym. Poziom metalicznych produktów zużycia oznaczony w badaniu pierwiastków (cząstki o rozmiarach <5um) w normie. Indeks PQ, informujący o magnetycznych ferrocząstkach (niezależnie od rozmiaru cząstek) w normie.

Zalecenia i wnioski:

Olej kwalifikuje się do dalszej eksploatacji. Proszę obserwować zmiany w następnej analizie. Wykonać kolejne badanie zgodnie z przyjętym harmonogramem diagnostyki olejowej.","{""lepkość"": ""w_zakresie_granicznym"", ""rezerwa_alkaliczna"": ""w_zakresie_bezpiecznym"", ""temperatura_zapłonu"": ""w_normie"", ""woda"": ""w_normie"", ""krzem"": ""w_dopuszczalnym_zakresie"", ""metale_zużyciowe"": ""w_normie"", ""pq_indeks"": ""w_normie""}",0,W NORMIE
P2306469,"Oznaczona lepkość lekko obniżona dla oleju klasy SAE 40. Zawartość stałych ciał obcych w normie. Liczba zasadowa w trendzie malejącym. Własności dyspergujące w normie. Temperatura zapłonu obniżona. Zawartość krzemu w trendzie stabilnym. Zawartość wody w normie. Zawartość miedzi i ołowiu obniżyła się od poprzedniego badania. Poziom metalicznych produktów zużycia oznaczony w badaniu pierwiastków (cząstki o rozmiarach <5um) w normie. Indeks PQ, informujący o magnetycznych ferrocząstkach (niezależnie od rozmiaru cząstek) w normie.

Zalecenia i wnioski:

Proszę wymienić olej na świeży. Proszę przeprowadzić kontrolę szczelności układu doprowadzania paliwa pod kątem ewentualnych przecieków. Proszę przeprowadzić następne badanie po wykonaniu czynności korygujących.","{""lepkość"": ""lekko_obniżony"", ""stałe_ciała_obce"": ""w_normie"", ""temperatura_zapłonu"": ""obniżony"", ""woda"": ""w_normie"", ""metale_zużyciowe"": ""w_normie"", ""pq_indeks"": ""w_normie""}",2,UWAGA
P2306784,"Zawartość żelaza, chromu oraz miedzi w trendzie stabilnym. Pozostałe oznaczone pierwiastki zużyciowe mieszczą się w dopuszczalnych zakresach. Wysoki poziom ołowiu pochodzącego z paliwa w tłokowym silniku lotniczym jest sytuacją typową. Lekko podwyższona zawartość krzemu, prawdopodobne pochodzenie to pył z otoczenia.

Zalecenia i wnioski:

Proszę obserwować zmiany trendu w następnej analizie. Przeprowadzić kolejne badanie zgodnie z harmonogramem diagnostyki olejowej.","{""metale_zużyciowe"": ""w_dopuszczalnym_zakresie"", ""ołów"": ""podniesiony"", ""krzem"": ""lekko_podniesiony""}",1,W NORMIE
P2306829,"Oznaczona lepkość w normie dla oleju klasy SAE 40. Temperatura zapłonu w normie. Zawartość miedzi lekko podniesiona. Poziom pozostałych metalicznych produktów zużycia oznaczony w badaniu pierwiastków (cząstki o rozmiarach <5um) w normie.

Zalecenia i wnioski:

W celu obserwacji trendu przyrostu miedzi zalecam przeprowadzenie kolejnego badania za 500mth.","{""lepkość"": ""w_normie"", ""temperatura_zapłonu"": ""w_normie"", ""miedź"": ""lekko_podniesiony"", ""metale_zużyciowe"": ""w_normie""}",0,W NORMIE
P2307113,"Lepkość w 100°C oraz temperatura zapłonu niemożliwa do oznaczenia ze względu na stan próbki. Własności dyspergujące pogorszone. Zawartość krzemu, potasu i sodu podwyższone. Zawartość wody podwyższona. Zawartość miedzi i ołowiu lekko podwyższone. Poziom pozostałych metalicznych produktów zużycia oznaczony w badaniu pierwiastków (cząstki o rozmiarach <5um) w normie. Indeks PQ, informujący o magnetycznych ferrocząstkach (niezależnie od rozmiaru cząstek) w normie. Na widmie w podczerwieni widoczne charakterystyczne zmiany świadczące o obecności glikolu w próbce.

Zalecenia i wnioski:

Proszę przeprowadzić kontrolę szczelności układu chłodniczego oraz dokonać ewentualnych napraw. Proszę wymienić olej na świeży. Przeprowadzić kolejne badanie po wykonaniu czynności korygujących. ","{""sód"": ""podniesiony"", ""potas"": ""podniesiony"", ""krzem"": ""podniesiony"", ""woda"": ""podniesiony"", ""miedź"": ""lekko_podniesiony"", ""ołów"": ""lekko_podniesiony"", ""metale_zużyciowe"": ""w_normie"", ""pq_indeks"": ""w_normie""}",2,UWAGA
P2307222,"Oznaczona lepkość obniżona dla oleju klasy SAE 40, wskazuje na olej klasy SAE 30. Temperatura zapłonu lekko obniżona. Poziom metalicznych produktów zużycia oznaczony w badaniu pierwiastków (cząstki o rozmiarach <5um) w normie.

Zalecenia i wnioski:

Olej nie kwalifikuje się do dalszej eksploatacji. Proszę wymienić olej na świeży. Proszę skontrolować szczelność układu doprowadzania paliwa. Przeprowadzić kolejne badanie po wykonaniu środków korygujących.","{""lepkość"": ""w_normie"", ""temperatura_zapłonu"": ""lekko_obniżony"", ""metale_zużyciowe"": ""w_normie""}",2,UWAGA
P2307870,"Lepkość w zakresie typowym dla klasy SAE 40. Temperatura zapłonu w normie. Nie stwierdzono niepokojąco podwyższonej zawartości cząstek zużyciowych. Lekko podwyższona zawartość potasu - możliwe, że jest to pochodna zanieczyszczenia płynem chłodniczym lub wodą lub pyłem z otoczenia. Na widmie w podczerwieni nie stwierdzono charakterystycznych zmian wskazujących na zanieczyszczenia oleju płynem chłodniczym. 



Zalecenia i wnioski:

Oznaczone parametry mieszczą się w dopuszczalnych zakresach. Proszę obserwować zmiany w kolejnym badaniu zgodnie z przyjętym harmonogramem diagnostyki.","{""lepkość"": ""w_normie"", ""temperatura_zapłonu"": ""w_normie"", ""płyn_chłodniczy"": ""lekko_podniesiony"", ""potas"": ""lekko_podniesiony""}",0,W NORMIE
P2308284,"Lepkość w zakresie typowym dla klasy SAE 40. Wskaźnik lepkości zgodny z wartością deklarowaną przez producenta oleju. Oznaczone dodatki na poziomie oczekiwanym. Temperatura zapłonu w normie. Liczba zasadowa na dopuszczalnym poziomie. Własności dyspergujące w normie. Nie stwierdzono niepokojąco podwyższonej zawartości cząstek zużyciowych. Zawartość wody w normie. Lekko podwyższona zawartość krzemu (oznaczona w badaniu pierwiastków, cząstki <5µm) lekko podwyższona, prawdopodobne pochodzenie to pył z otoczenia, procedura poboru próbki mogła mieć wpływ na wynik oznaczenia. Zawartość stałych zanieczyszczeń (na sączku membranowym) w normie. Na widmie w podczerwieni nie stwierdzono charakterystycznych zmian świadczących o zanieczyszczeniu oleju płynem chłodniczym.

Zalecenia i wnioski:

Oznaczone parametry mieszczą się w dopuszczalnych zakresach. Proszę obserwować zmiany w kolejnej analizie zgodnie z przyjętym harmonogramem diagnostyki.  ","{""lepkość"": ""w_normie"", ""temperatura_zapłonu"": ""w_normie"", ""liczba_zasadowa"": ""w_dopuszczalnym_zakresie"", ""woda"": ""w_normie"", ""krzem"": ""lekko_podniesiony"", ""zanieczyszczenia_stałe"": ""w_normie"", ""własności_filtrujące"": ""w_normie"", ""płyn_chłodniczy"": ""brak_wykrycia""}",1,W NORMIE
P2308822,"Oznaczona lepkość w zakresie granicznym da oleju klasy SAE 40. Rezerwa alkaliczna na bezpiecznym poziomie. Temperatura zapłonu w normie. Zawartość wody w normie. Poziom metalicznych produktów zużycia oznaczony w badaniu pierwiastków (cząstki o rozmiarach <5um) w normie. Indeks PQ, informujący o magnetycznych ferrocząstkach (niezależnie od rozmiaru cząstek) w normie. Nie stwierdzono zanieczyszczenia oleju płynem chłodniczym.

Zalecenia i wnioski:

Olej kwalifikuje się do dalszej eksploatacji - proszę obserwować zmiany oraz przeprowadzić wymianę oleju zgodnie z przyjętym harmonogramem. ","{""lepkość"": ""w_zakresie_granicznym"", ""rezerwa_alkaliczna"": ""w_zakresie_bezpiecznym"", ""temperatura_zapłonu"": ""w_normie"", ""woda"": ""w_normie"", ""metale_zużyciowe"": ""w_normie"", ""pq_indeks"": ""w_normie"", ""płyn_chłodniczy"": ""brak_wykrycia""}",1,W NORMIE
P2309190,"Oznaczona lepkość w normie dla oleju klasy SAE 40. Zawartość stałych ciał obcych w normie. Temperatura zapłonu w normie. Zawartość żelaza i miedzi lekko podwyższona, trend stabilny. Poziom pozostałych metalicznych produktów zużycia oznaczony w badaniu pierwiastków (cząstki o rozmiarach <5um) w normie. 

Zalecenia i wnioski:

Proszę obserwować zmiany w następnej analizie. Wykonać kolejne badanie zgodnie z przyjętym harmonogramem diagnostyki olejowej.","{""lepkość"": ""w_normie"", ""stałe_ciała_obce"": ""w_normie"", ""temperatura_zapłonu"": ""w_normie"", ""żelazo"": ""lekko_podniesiony"", ""miedź"": ""lekko_podniesiony"", ""metale_zużyciowe"": ""w_normie""}",0,W NORMIE
P2309848,"Oznaczona lepkość w normie dla oleju klasy SAE 40. Zawartość stałych ciał obcych w normie. Temperatura zapłonu w normie. Zawartość żelaza i miedzi lekko podwyższona, trend stabilny. Poziom pozostałych metalicznych produktów zużycia oznaczony w badaniu pierwiastków (cząstki o rozmiarach <5um) w normie. 

Zalecenia i wnioski:

Proszę obserwować zmiany w następnej analizie. Wykonać kolejne badanie zgodnie z przyjętym harmonogramem diagnostyki olejowej.","{""lepkość"": ""w_normie"", ""stałe_ciała_obce"": ""w_normie"", ""temperatura_zapłonu"": ""w_normie"", ""żelazo"": ""lekko_podniesiony"", ""miedź"": ""lekko_podniesiony"", ""metale_zużyciowe"": ""w_normie""}",0,W NORMIE
P2310158,"Oznaczona lepkość w normie dla oleju klasy SAE 40. Temperatura zapłonu w normie. Poziom miedzi lekko podwyższony, trend stabilny. Poziom pozostałych metalicznych produktów zużycia oznaczony w badaniu pierwiastków (cząstki o rozmiarach <5um) w normie.

Wnioski i zalecenia: 

Proszę obserwować zmiany w następnej analizie. Wykonać kolejne badanie zgodnie z przyjętym harmonogramem diagnostyki olejowej.","{""lepkość"": ""w_normie"", ""temperatura_zapłonu"": ""w_normie"", ""miedź"": ""lekko_podniesiony"", ""metale_zużyciowe"": ""w_normie""}",1,W NORMIE
P2310670,"Oznaczona lepkość w normie dla oleju klasy SAE 50. Temperatura zapłonu w zakresie akceptowalnym. Zawartość sodu i potasu lekko podwyższona - trend stabilny. Zawartość stałych ciał obcych w normie. Zawartość wody w normie. Poziom metalicznych produktów zużycia oznaczony w badaniu pierwiastków (cząstki o rozmiarach <5um) w normie.

Zalecenia i wnioski:

Przeprowadzić kolejne badanie zgodnie z harmonogramem diagnostyki olejowej. Proszę obserwować zmiany w następnej analizie. ","{""lepkość"": ""w_normie"", ""temperatura_zapłonu"": ""w_akceptowalnym_zakresie"", ""sód"": ""lekko_podniesiony"", ""potas"": ""lekko_podniesiony"", ""stałe_ciała_obce"": ""w_normie"", ""woda"": ""w_normie"", ""metale_zużyciowe"": ""w_normie""}",2,W NORMIE
P2310774,"Lepkość w zakresie typowym dla klasy SAE 40. Temperatura zapłonu lekko obniżona. Liczba zasadowa na dopuszczalnym poziomie. Własności dyspergujące w normie. Zawartość stałych zanieczyszczeń na dopuszczalnym poziomie. Zawartość wody w normie. Nie stwierdzono zanieczyszczenia oleju płynem chłodniczym. Zawartość cząstek zużyciowych wzrosła jedynie nieznacznie w porównaniu do poprzedniego badania, mieści się w dopuszczalnym zakresie.



Zalecenia i wnioksi:

Oznaczone parametry mieszczą się w akceptowalnych zakresach. Proszę obserwować zmiany w kolejnym badaniu zgodnie z przyjętym harmonogramem. ","{""lepkość"": ""w_normie"", ""temperatura_zapłonu"": ""lekko_obniżony"", ""liczba_zasadowa"": ""w_dopuszczalnym_zakresie"", ""zanieczyszczenia_stałe"": ""w_dopuszczalnym_zakresie"", ""woda"": ""w_normie"", ""płyn_chłodniczy"": ""brak_wykrycia"", ""metale_zużyciowe"": ""podniesiony""}",1,W NORMIE
P2310775,"Oznaczona lepkość w dolnym zakresie granicznym dla klasy SAE 40. Temperatura zapłonu w normie. Poziom miedzi utrzymuje się w trendzie stabilnym. Pozostałe metaliczne produkty zużycia oraz indeks PQ w normie. 

Zalecenia i wnioski:

Obserwować zmiany w kolejnej analizie, wykonać kolejne badanie zgodnie z harmonogramem diagnostyki.","{""lepkość"": ""w_zakresie_granicznym"", ""temperatura_zapłonu"": ""w_normie"", ""pq_indeks"": ""w_normie""}",0,W NORMIE
P2311725,"Oznaczona lepkość w zakresie granicznym da oleju klasy SAE 40. Rezerwa alkaliczna na bezpiecznym poziomie. Temperatura zapłonu w normie. Zawartość wody w normie (0,05%). Poziom metalicznych produktów zużycia oznaczony w badaniu pierwiastków (cząstki o rozmiarach <5um) w normie. Indeks PQ, informujący o magnetycznych ferrocząstkach (niezależnie od rozmiaru cząstek) w normie. Nie stwierdzono zanieczyszczenia oleju płynem chłodniczym.

Zalecenia i wnioski:

Olej kwalifikuje się do dalszej eksploatacji - proszę obserwować zmiany oraz przeprowadzić wymianę oleju zgodnie z przyjętym harmonogramem. ","{""lepkość"": ""w_zakresie_granicznym"", ""rezerwa_alkaliczna"": ""w_zakresie_bezpiecznym"", ""temperatura_zapłonu"": ""w_normie"", ""woda"": ""w_normie"", ""metale_zużyciowe"": ""w_normie"", ""pq_indeks"": ""w_normie"", ""płyn_chłodniczy"": ""brak_wykrycia""}",0,W NORMIE
P2312206,"Oznaczona lepkość w normie dla oleju klasy SAE 40. Temperatura zapłonu w normie. Lekko podwyższona zawartość miedzi w trendzie stabilnym. Poziom pozostałych metalicznych produktów zużycia (cząstki o rozmiarze <5um) w normie.

Wnioski i zalecenia: 

Proszę obserwować zmiany w następnej analizie. Wykonać kolejne badanie zgodnie z przyjętym harmonogramem diagnostyki olejowej.","{""lepkość"": ""w_normie"", ""temperatura_zapłonu"": ""w_normie"", ""miedź"": ""lekko_podniesiony"", ""metale_zużyciowe"": ""w_normie""}",0,W NORMIE
P2312317,"Oznaczona lepkość lekko obniżona dla oleju klasy SAE 40. Własności dyspergujące w normie. Zawartość stałych ciał obcych w normie. Temperatura zapłonu obniżona. Liczba zasadowa na dopuszczalnym poziomie. Zawartość wody w normie. Poziom metalicznych produktów zużycia oznaczony w badaniu pierwiastków (cząstki o rozmiarach <5um) na stabilnym poziomie. Indeks PQ, informujący o magnetycznych ferrocząstkach (niezależnie od rozmiaru cząstek) w normie.

Zalecenia i wnioski:

Olej nie kwalifikuje się do dalszej eksploatacji - proszę wymienić olej na świeży. Proszę przeprowadzić kontrolę szczelności układu doprowadzania paliwa. Proszę przeprowadzić kolejne badanie po wykonaniu zabiegów korygujących.","{""lepkość"": ""lekko_obniżony"", ""stałe_ciała_obce"": ""w_normie"", ""temperatura_zapłonu"": ""obniżony"", ""liczba_zasadowa"": ""w_dopuszczalnym_zakresie"", ""woda"": ""w_normie"", ""pq_indeks"": ""w_normie""}",2,UWAGA
P2312462,"Oznaczona lepkość dla oleju klasy SAE 40 w zakresie granicznym. Liczba zasadowa w normie. Temperatura zapłonu w normie. Zawartość stałych ciał obcych na niskim poziomie. Zawartość wody na dobrym, niskim poziomie. Poziom metalicznych produktów zużycia oznaczony w badaniu pierwiastków (cząstki o rozmiarach <5µm) w normie. 

Zalecenia i wnioski:

Proszę obserwować zmiany trendu w następnej analizie. Przeprowadzić kolejne badanie zgodnie z przyjętym harmonogramem diagnostyki olejowej.","{""lepkość"": ""w_zakresie_granicznym"", ""liczba_zasadowa"": ""w_normie"", ""temperatura_zapłonu"": ""w_normie"", ""stałe_ciała_obce"": ""obniżony"", ""metale_zużyciowe"": ""w_normie""}",1,W NORMIE
P2312464,"Oznaczona lepkość w zakresie granicznym dla oleju klasy SAE 40. Zawartość stałych ciał obcych w normie. Zawartość wody w normie. Temperatura zapłonu w normie. Liczba zasadowa na bezpiecznym poziomie. Poziom metalicznych produktów zużycia oznaczony w badaniu pierwiastków (cząstki o rozmiarach <5um) w normie.

Zalecenia i wnioski:

Proszę obserwować zmiany w następnej analizie. Wykonać kolejne badanie zgodnie z przyjętym harmonogramem diagnostyki olejowej.","{""lepkość"": ""w_zakresie_granicznym"", ""stałe_ciała_obce"": ""w_normie"", ""woda"": ""w_normie"", ""temperatura_zapłonu"": ""w_normie"", ""liczba_zasadowa"": ""w_zakresie_bezpiecznym"", ""metale_zużyciowe"": ""w_normie""}",1,W NORMIE
P2313717,"Oznaczona lepkość w normie dla klasy SAE 30. Temperatura zapłonu lekko obniżona. Liczba zasadowa na bezpiecznym poziomie. Nie stwierdzono niepokojąco podwyższonej zawartości cząstek zużyciowych. Zawartość stałych zanieczyszczeń w normie. Zawartość wody w normie. Na widmie w podczerwieni nie stwierdzono charakterystycznych pasm świadczących o zanieczyszczenia oleju płynem chłodniczym. Nie stwierdzono niepokojąco podwyższonej zawartości pierwiastków typowych dla zanieczyszczenia płynem chłodniczym.



Zalecenia i wnioski:

Oznaczone parametry mieszczą się w akceptowalnych zakresach. Proszę obserwować zmiany w kolejnym badaniu zgodnie z przyjętym harmonogramem diagnostyki.","{""lepkość"": ""w_normie"", ""temperatura_zapłonu"": ""lekko_obniżony"", ""liczba_zasadowa"": ""w_zakresie_bezpiecznym"", ""zanieczyszczenia_stałe"": ""w_normie"", ""woda"": ""w_normie"", ""płyn_chłodniczy"": ""brak_wykrycia""}",0,W NORMIE
P2313761,"Zawartość dodatków uszlachetniających zgodna z próbką referencyjną. Oznaczona lepkość lekko obniżona dla klasy SAE 40 (wartość referencyjna oleju 13,15 cSt). Rezerwa alkaliczna (wzajemny stosunek liczby zasadowej i kwasowej) na bezpiecznym poziomie. Wartość i-pH nieznacznie obniżona (wartość referencyjna w okolicach 7-8). Temperatura zapłonu w normie dla silnika benzynowego. Zawartość wody w normie. Poziom metalicznych produktów zużycia oznaczony w badaniu pierwiastków (cząstki o rozmiarze <5 mikronów) w normie. Indeks PQ informujący o zawartości cząstek ferromagnetycznych (niezależnie od rozmiaru cząstek) w normie.

Wnioski i zalecenia:

Oznaczone parametry mieszczą się bezpiecznych zakresach biorąc pod uwagę czas eksploatacji oleju.","{""lepkość"": ""lekko_obniżony"", ""liczba_zasadowa"": ""w_zakresie_bezpiecznym"", ""rezerwa_alkaliczna"": ""w_zakresie_bezpiecznym"", ""ph"": ""nieznacznie_obniżony"", ""temperatura_zapłonu"": ""w_normie"", ""woda"": ""w_normie"", ""metale_zużyciowe"": ""w_normie"", ""pq_indeks"": ""w_normie""}",0,W NORMIE
P2313866,"Oznaczona lepkość w normie dla oleju klasy SAE 40. Temperatura zapłonu w normie. Zawartość miedzi lekko podniesiona, jednak znajduje się w trendzie stabilnym. Poziom pozostałych metalicznych produktów zużycia oznaczony w badaniu pierwiastków (cząstki o rozmiarze <5 mikronów) w normie. 

Wnioski i zalecenia:

Przeprowadzić kolejne badanie zgodnie z harmonogramem diagnostyki olejowej. Proszę obserwować zmiany w następnej analizie. ","{""lepkość"": ""w_normie"", ""temperatura_zapłonu"": ""w_normie"", ""miedź"": ""lekko_podniesiony"", ""metale_zużyciowe"": ""w_normie""}",1,W NORMIE
P2313955,"Oznaczona lepkość w normie dla klasy SAE 30 (lekko obniżona dla oleju klasy SAE 40). Temperatura zapłonu w normie. Poziom metalicznych produktów zużycia oznaczony w badaniu pierwiastków (cząstki o rozmiarze <5 mikronów) w normie.

Wnioski i zalecenia:

Przeprowadzić kolejne badanie zgodnie z harmonogramem diagnostyki olejowej. Proszę obserwować zmiany w następnej analizie.","{""lepkość"": ""lekko_obniżony"", ""temperatura_zapłonu"": ""w_normie"", ""metale_zużyciowe"": ""w_normie""}",1,W NORMIE
P2313999,"Oznaczona lepkość w normie dla oleju klasy SAE 30 (lekko obniżona dla oleju klasy SAE 40). Zawartość stałych ciał obcych w normie. Liczba zasadowa w normie. Własności dyspergujące w normie. Temperatura zapłonu w zakresie akceptowalnym. Zawartość wody w normie. Poziom metalicznych produktów zużycia oznaczony w badaniu pierwiastków (cząstki o rozmiarze <5 mikronów) w normie. Indeks PQ informujący o zawartości cząstek ferromagnetycznych (niezależnie od rozmiaru cząstek) w normie.

Wnioski i zalecenia:

Przeprowadzić kolejne badanie zgodnie z harmonogramem diagnostyki olejowej. Proszę obserwować zmiany w następnej analizie.","{""lepkość"": ""lekko_obniżony"", ""stałe_ciała_obce"": ""w_normie"", ""liczba_zasadowa"": ""w_normie"", ""temperatura_zapłonu"": ""w_akceptowalnym_zakresie"", ""woda"": ""w_normie"", ""metale_zużyciowe"": ""w_normie"", ""pq_indeks"": ""w_normie""}",1,W NORMIE
P2314038,"Lepkość w zakresie typowym dla klasy SAE 40. Temperatura zapłonu w normie. Nie stwierdzono niepokojąco podwyższonej zawartości cząstek zużyciowych. Lekko podwyższona zawartość krzemu, prawdopodobne pochodzenie to pył z otoczenia. Widmo w podczerwieni mało czytelne ze względu na zawartość sadzy. Nie stwierdzono niepokojąco podwyższonej zawartości pierwiastków sugerujących zanieczyszczenie oleju płynem chłodniczym.







Zalecenia i wnioski:

Oznaczone parametry mieszczą się w akceptowalnych zakresach. Zalecana jest obserwacja zmian w kolejnym badaniu zgodnie z przyjętym harmonogramem diagnostyki.","{""lepkość"": ""w_normie"", ""temperatura_zapłonu"": ""w_normie"", ""krzem"": ""lekko_podniesiony"", ""płyn_chłodniczy"": ""brak_wykrycia""}",1,W NORMIE
P2315298,"Oznaczona lepkość w zakresie granicznym dla oleju klasy SAE 40. Rezerwa alkaliczna na bezpiecznym poziomie. Temperatura zapłonu w normie. Zawartość wody w normie. Zawartość miedzi podwyższona. Poziom pozostałych metalicznych produktów zużycia oznaczony w badaniu pierwiastków (cząstki o rozmiarach <5um) w normie. Indeks PQ, informujący o magnetycznych ferrocząstkach (niezależnie od rozmiaru cząstek) w normie.

Zalecenia i wnioski:

Ze względu na przekroczenia parametrów dopuszczalnych, olej nie kwalifikuje się do dalszej eksploatacji. Należy niezwłocznie podjąć działania korygujące polegające na wymianie oleju na świeży (zgodny z instrukcją obsługi) oraz poinformowanie serwisu o przeprowadzonej wymianie lub przeprowadzenie wymiany oleju pod nadzorem przedstawiciela serwisu.","{""lepkość"": ""w_zakresie_granicznym"", ""rezerwa_alkaliczna"": ""w_zakresie_bezpiecznym"", ""temperatura_zapłonu"": ""w_normie"", ""woda"": ""w_normie"", ""miedź"": ""podniesiony"", ""metale_zużyciowe"": ""w_normie"", ""pq_indeks"": ""w_normie""}",1,UWAGA
P2315739,"Oznaczony poziom dodatków sugeruje wymianę oleju przeprowadzoną po poprzednim badaniu. Lepkość w zakresie dopuszczalnym dla klasy SAE 40. Temperatura zapłonu na dopuszczalnym poziomie. Liczba zasadowa w akceptowalnym zakresie. Własności dyspergujące w normie. W porównaniu do poprzedniego badania nastąpił znaczący przyrost zawartości miedzi. Pozostałe oznaczone pierwiastki zużyciowe w normie. Zawartość wody w normie. Lekko podwyższona zawartość sodu i potasu, może sugerować zanieczyszczenie oleju płynem chłodniczym. Na widmie w podczerwieni nie stwierdzono charakterystycznych pasm świadczących jednoznacznie o obecności płynu chłodniczego w próbce. 



Zalecenia i wnioksi:

Zalecana jest kontrola stanu układu chłodzenia silnika. Zw względu na wysoka zawartość miedzi wskazana jest wymina oleju na świeży. Proszę wykonać kolejne badanie po przeprowadzeniu działań korygujących.","{""lepkość"": ""w_dopuszczalnym_zakresie"", ""temperatura_zapłonu"": ""w_dopuszczalnym_zakresie"", ""liczba_zasadowa"": ""w_akceptowalnym_zakresie"", ""miedź"": ""podniesiony"", ""metale_zużyciowe"": ""w_normie"", ""woda"": ""w_normie"", ""płyn_chłodniczy"": ""lekko_podniesiony"", ""sód"": ""lekko_podniesiony"", ""potas"": ""lekko_podniesiony""}",2,UWAGA
P2315805," Nastąpił wzrost zawartości magnezu i molibdenu. Lepkość w normie dla klasy SAE 20. Rezerwa alkaliczna uległa wyczerpaniu. Parametr i-pH w normie. Zawartość wody w normie. Zawartość krzemu wyraźnie podwyższona, trend wzrostowy.  Zawartość miedzi lekko podwyższona. Poziom pozostałych metalicznych produktów zużycia oznaczony w badaniu pierwiastków (cząstki o rozmiarach <5um) w normie. Indeks PQ w normie.

Wnioski i zalecenia:

Ze względu na podwyższoną zawartość krzemu zaleca się kontrolę szczelności układu doprowadzenia powietrza i wymianę wkładów filtracyjnych oraz wymianę oleju na świeży jeżeli jeszcze to nie nastąpiło. ","{""lepkość"": ""w_normie"", ""ph"": ""w_normie"", ""woda"": ""w_normie"", ""krzem"": ""podniesiony"", ""miedź"": ""lekko_podniesiony"", ""metale_zużyciowe"": ""w_normie"", ""pq_indeks"": ""w_normie""}",2,UWAGA
P2316145,"Oznaczona lepkość w normie. Temperatura zapłonu w normie. Zawartość miedzi lekko podniesiona, jednak znajduje się w trendzie stabilnym. Poziom pozostałych metalicznych produktów zużycia oznaczony w badaniu pierwiastków (cząstki o rozmiarze <5 mikronów) w normie. 

Wnioski i zalecenia:

Przeprowadzić kolejne badanie zgodnie z harmonogramem diagnostyki olejowej. Proszę obserwować zmiany w następnej analizie.","{""lepkość"": ""w_normie"", ""temperatura_zapłonu"": ""w_normie"", ""miedź"": ""lekko_podniesiony"", ""metale_zużyciowe"": ""w_normie""}",1,W NORMIE
P2317058,"Lepkość w normie dla klasy SAE 40. Temperatura zapłonu na bezpiecznym poziomie. Liczba zasadowa znacznie poniżej wartości oczekiwanej, stwierdzono spadek wartości parametru w porównaniu do poprzedniego badania. Własności dyspergujące w normie. Zawartość miedzi na podwyższonym poziomie, nieznaczny przyrost w porównaniu do poprzedniego badania. Lekki wzrost zawartości glinu. Zawartość pozostałych oznaczonych pierwiastków zużyciowych w normie. Zawartość stałych zanieczyszczeń (oznaczona metodą wagową) w normie. Zawartość krzemu oraz sodu utrzymuje się na lekko podwyższonym poziomie, prawdopodobnie jest to pochodna zanieczyszczenia oleju pyłem z otoczenia, wodą lub płynem chłodniczym. Zawartość wody w normie. Na widmie w podczerwieni nie stwierdzono charakterystycznych pasm świadczących o zanieczyszczeniu oleju płynem chłodniczym.

Zalecenia i wnioski:

Zalecana jest wymiana oleju na świeży. Proszę wykonać kolejne badanie po przeprowadzeniu działań korygujących.","{""lepkość"": ""w_normie"", ""temperatura_zapłonu"": ""w_zakresie_bezpiecznym"", ""miedź"": ""podniesiony"", ""metale_zużyciowe"": ""w_normie"", ""zanieczyszczenia_stałe"": ""w_normie"", ""płyn_chłodniczy"": ""lekko_podniesiony"", ""sód"": ""lekko_podniesiony"", ""krzem"": ""lekko_podniesiony"", ""woda"": ""w_normie""}",2,UWAGA
P2317293,"Oznaczona lepkość obniżona dla klasy SAE 40. Zawartość stałych ciał obcych na niskim poziomie. Liczba zasadowa w normie. Własności dyspergujące w normie. Temperatura zapłonu lekko obniżona. Zawartość wody w normie. Zawartość metalicznych produktów zużycia oznaczona w badaniu pierwiastków (cząstki o rozmiarze <5 mikronów) w normie. Indeks PQ informujący o zawartości cząstek ferromagnetycznych (niezależnie od rozmiaru cząstek) w normie.

Wnioski i zalecenia:

Ze względu na obniżoną lepkość wskazana jest wymiana oleju na świeży w najbliższym możliwym terminie, jeżeli jeszcze to nie nastąpiło. Przeprowadzić kolejne badanie po 1000 mth pracy silnika od wykonania wymiany oleju.","{""lepkość"": ""obniżony"", ""stałe_ciała_obce"": ""obniżony"", ""liczba_zasadowa"": ""w_normie"", ""temperatura_zapłonu"": ""lekko_obniżony"", ""woda"": ""w_normie"", ""metale_zużyciowe"": ""w_normie"", ""pq_indeks"": ""w_normie""}",2,UWAGA
P2317294,"Oznaczona lepkość obniżona dla klasy SAE 50. Zawartość stałych ciał obcych na niskim poziomie. Liczba zasadowa w normie. Własności dyspergujące w normie. Temperatura zapłonu lekko obniżona. Zawartość wody w normie. Zawartość metalicznych produktów zużycia oznaczona w badaniu pierwiastków (cząstki o rozmiarze <5 mikronów) na podobnym poziomie w stosunku do poprzedniego badania. Indeks PQ informujący o zawartości cząstek ferromagnetycznych (niezależnie od rozmiaru cząstek) w normie.

Wnioski i zalecenia:

Ze względu na obniżoną lepkość wskazana jest wymiana oleju na świeży w najbliższym możliwym terminie, jeżeli jeszcze to nie nastąpiło. Przeprowadzić kolejne badanie po 1000 mth pracy silnika od wykonania wymiany oleju.","{""lepkość"": ""obniżony"", ""stałe_ciała_obce"": ""obniżony"", ""liczba_zasadowa"": ""w_normie"", ""temperatura_zapłonu"": ""lekko_obniżony"", ""woda"": ""w_normie"", ""pq_indeks"": ""w_normie""}",2,UWAGA
P2317387,"Lepkość w zakresie granicznym klasy SAE 50. Temperatura zapłonu w normie. Zawartość cząstek zużyciowych na dopuszczalnym poziomie. Na widmie w podczerwieni nie stwierdzono charakterystycznych pasm świadczących o zanieczyszczeniu oleju płynem chłodniczym. 



Zalecenia i wnioski:

Olej kwalifikuje się do dalszej eksploatacji. Proszę obserwować zmiany w kolejnym badaniu zgodnie z przyjętym harmonogramem diagnostyki. ","{""lepkość"": ""w_zakresie_granicznym"", ""temperatura_zapłonu"": ""w_normie"", ""metale_zużyciowe"": ""w_dopuszczalnym_zakresie"", ""płyn_chłodniczy"": ""brak_wykrycia""}",0,W NORMIE
P2319013,"Lepkość w zakresie granicznym dla klasy SAE 40. Temperatura zapłonu w normie. Liczba zasadowa na bezpiecznym poziomie. Zawartość stałych zanieczyszczeń w normie. Nie stwierdzono niepokojąco podwyższonej zawartości cząstek zużyciowych. Zawartość wody w normie. Na widmie w podczerwieni nie stwierdzono charakterystycznych zmian świadczących o zanieczyszczeniu oleju płynem chłodniczym.



Zalecenia i wnioski:

Oznaczone parametry mieszczą się w akceptowalnych zakresach. Proszę obserwować zmiany w kolejnym badaniu zgodnie z przyjętym harmonogramem diagnostyki.     ","{""lepkość"": ""w_zakresie_granicznym"", ""temperatura_zapłonu"": ""w_normie"", ""liczba_zasadowa"": ""w_zakresie_bezpiecznym"", ""zanieczyszczenia_stałe"": ""w_normie"", ""woda"": ""w_normie"", ""płyn_chłodniczy"": ""brak_wykrycia""}",0,W NORMIE
P2319171,"Lepkość w zakresie typowym dla klasy SAE 40. Wskaźnik lepkości na poziomie oczekiwanym. Temperatura zapłonu obniżona, co jest typowym zjawiskiem dla silników benzynowych w czasie eksploatacji. Oznaczony poziom dodatków oraz widmo w podczerwieni dobrze korelują z dostarczoną referencją oleju świeżego. Liczba zasadowa na wysokim, bezpiecznym poziomie. Własności dyspergujące w normie. Na widmie w podczerwieni nie stwierdzono zmian wskazujących na zanieczyszczenie oleju płynem chłodniczym. Zawartość wody na dopuszczalnym poziomie. Zawartość stałych zanieczyszczeń (oznaczona metodą wagową) w normie. Lekko podwyższona zawartość krzemu. Zawartość cząstek zużyciowych na dopuszczalnym poziomie.



Zalecenia i wnioski:

Oznaczone parametry mieszczą się w akceptowalnych zakresach, nie wskazują na kondycję oleju jako przyczynę zaistniałej awarii.","{""lepkość"": ""w_normie"", ""wskaźnik_lepkości"": ""w_normie"", ""temperatura_zapłonu"": ""obniżony"", ""liczba_zasadowa"": ""w_zakresie_bezpiecznym"", ""płyn_chłodniczy"": ""brak_wykrycia"", ""woda"": ""w_dopuszczalnym_zakresie"", ""zanieczyszczenia_stałe"": ""w_normie"", ""krzem"": ""lekko_podniesiony"", ""metale_zużyciowe"": ""w_dopuszczalnym_zakresie""}",1,W NORMIE
P2319495,"Własności reologiczne (lepkość oraz wskaźnik lepkości) w normie. Rezerwa alkaliczna na bezpiecznym poziomie. Zawartość wody lekko podniesiona (może mieć to związek z przesłanym pojemnik na próbkę), jednak na jeszcze akceptowalnym poziomie. Poziom metalicznych produktów zużycia oznaczony w badaniu pierwiastków (cząstki o rozmiarze <5 mikronów) w normie. 

Wnioski i zalecenia:

Olej kwalifikuje się do dalszej eksploatacji. W celu obserwacji trendu zalecane jest pobranie i przysłanie próbki kontrolne nie później niż za 200h pracy. Próbki należy pobierać wyłącznie do pojemników gwarantujących reprezentatywność próbki.","{""lepkość"": ""w_normie"", ""wskaźnik_lepkości"": ""w_normie"", ""rezerwa_alkaliczna"": ""w_zakresie_bezpiecznym"", ""woda"": ""lekko_podniesiony"", ""metale_zużyciowe"": ""w_normie""}",0,W NORMIE
P2320682,"Lepkość w 100°C w zakresie typowym dla klasy SAE 40. Wskaźnik lepkości jest typowy dla olejów wielosezonowych. Nie podaliście Państwo dokładnej nazwy eksploatowanego oleju i z tego powodu niemożliwe jest porównanie oznaczonej liczba zasadowej do wartości parametru w oleju świeżym, oznaczona wartość mieści się na bezpiecznym poziomie. Zawartość miedzi znacznie podwyższona, trend rosnący. Zawartość pozostałych oznaczonych pierwiastków zużyciowych oraz indeks PQ (informujący o zawartości cząstek ferromagnetycznych bez względu na rozmiar) w normie. Własności dyspergujące w normie. Zawartość stałych zanieczyszczeń podwyższona. Lekko podwyższona  zawartość sodu oraz potasu. Zawartość wody w normie. Na widmie w podczerwieni nie stwierdzono charakterystycznych zmian świadczących o zanieczyszczeniu oleju płynem chłodniczym.



Zalecenia i wnioski:

Zalecana jest wymiana oleju na świeży, kontrola stanu układu chłodzenia silnika. Proszę wykonać kolejne badanie po przeprowadzeniu działań korygujących.  ","{""lepkość"": ""w_normie"", ""miedź"": ""podniesiony"", ""pq_indeks"": ""w_normie"", ""metale_zużyciowe"": ""w_normie"", ""zanieczyszczenia_stałe"": ""podniesiony"", ""sód"": ""lekko_podniesiony"", ""potas"": ""lekko_podniesiony"", ""woda"": ""w_normie"", ""płyn_chłodniczy"": ""brak_wykrycia""}",2,UWAGA
P2320868,"Lepkość w zakresie granicznym klasy SAE 40. Wskaźnik lepkości zgodny z wartością deklarowaną przez producenta oleju. Temperatura zapłonu na bezpiecznym poziomie. Liczba zasadowa na bezpiecznym poziomie. Własności dyspergujące w normie. Zawartość cząstek zużyciowych na dopuszczalnym poziomie. Zawartość stałych zanieczyszczeń w normie. Zawartość wody w normie. Na widmie w podczerwieni nie stwierdzono charakterystycznych pasm świadczących o zanieczyszczeniu oleju płynem chłodniczym. Nie stwierdzono podwyższonej zawartości pierwiastków sugerujących zanieczyszczenie oleju płynem chłodniczym.





Zalecenia i wnioski:

Oznaczone parametry mieszczą się w akceptowalnych zakresach. Olej kwalifikuje się do dalszej eksploatacji. Zalecana jest obserwacja zmian w kolejnych badaniach zgodnie z przyjętym harmonogramem.","{""lepkość"": ""w_zakresie_granicznym"", ""temperatura_zapłonu"": ""w_zakresie_bezpiecznym"", ""liczba_zasadowa"": ""w_zakresie_bezpiecznym"", ""metale_zużyciowe"": ""w_dopuszczalnym_zakresie"", ""zanieczyszczenia_stałe"": ""w_normie"", ""woda"": ""w_normie"", ""płyn_chłodniczy"": ""brak_wykrycia""}",1,W NORMIE
P2320925,"Lepkość w zakresie typowym klasy SAE 40. Temperatura zapłonu na bezpiecznym poziomie. Zawartość cząstek zużyciowych wzrosła jedynie nieznacznie w porównaniu do poprzednich analiz i mieści się w dopuszczalnym zakresie. Lekko podwyższona zawartość sodu, prawdopodobnie jest to pochodna zanieczyszczenia oleju wodą, płynem chłodniczym lub pyłem z otoczenia. Na widmie w podczerwieni nie stwierdzono charakterystycznych pasm świadczących o zanieczyszczeniu oleju płynem chłodniczym. 



Zalecenia i wnioski:

Oznaczone parametry mieszczą się w akceptowalnych zakresach. Proszę obserwować zmiany w kolejnym badaniu zgodnie z przyjętym harmonogramem diagnostyki. ","{""lepkość"": ""w_normie"", ""temperatura_zapłonu"": ""w_zakresie_bezpiecznym"", ""metale_zużyciowe"": ""podniesiony"", ""płyn_chłodniczy"": ""lekko_podniesiony"", ""sód"": ""lekko_podniesiony""}",0,W NORMIE
P2400472,"Lepkość w normie dla klasy SAE 40. Temperatura zapłonu na bezpiecznym poziomie. Liczba zasadowa znacznie poniżej wartości oczekiwanej. Własności dyspergujące w normie. Poziom metalicznych produktów zużycia oznaczony w badaniu pierwiastków (cząstki o rozmiarze <5 mikronów) w normie. Zawartość stałych zanieczyszczeń (oznaczona metodą wagową) w normie. Zawartość sodu lekko podwyższona, prawdopodobnie jest to pochodna zanieczyszczenia oleju pyłem z otoczenia, wodą lub płynem chłodniczym. Zawartość wody w normie. Na widmie w podczerwieni nie stwierdzono charakterystycznych pasm świadczących o zanieczyszczeniu oleju płynem chłodniczym.

Zalecenia i wnioski:

Zalecana jest wymiana oleju na świeży. Proszę wykonać kolejne badanie po przeprowadzeniu działań korygujących.","{""lepkość"": ""w_normie"", ""temperatura_zapłonu"": ""w_zakresie_bezpiecznym"", ""metale_zużyciowe"": ""w_normie"", ""zanieczyszczenia_stałe"": ""w_normie"", ""płyn_chłodniczy"": ""lekko_podniesiony"", ""sód"": ""lekko_podniesiony"", ""woda"": ""w_normie""}",0,UWAGA
P2400475,"Lepkość lekko powyżej zakresu typowego dla klasy SAE 40. Temperatura zapłonu na bezpiecznym poziomie. Widmo w podczerwieni nieczytelne ze względu na wysoką zawartość sadzy w oleju. Lekko podwyższona zawartość potasu, prawdopodobnie jest to pochodna zanieczyszczenia oleju płynem chłodniczym, wodą lub pyłem z otoczenia. Podwyższona zawartość glinu. Zawartość pozostałych oznaczonych pierwiastków zużyciowych oraz indeks PQ (informujący o zawartości cząstek ferromagnetycznych bez względu na rozmiar) na dopuszczalnym poziomie.



Zalecenia i wnioski:

Proszę rozważyć wyminę oleju na świeży. W przypadku dalszej eksploatacji oleju wskazana jest wymiana filtru oleju, obserwacja zmian w kolejnym badaniu po 250mth.","{""temperatura_zapłonu"": ""w_zakresie_bezpiecznym"", ""płyn_chłodniczy"": ""lekko_podniesiony"", ""potas"": ""lekko_podniesiony"", ""glin"": ""podniesiony"", ""pq_indeks"": ""w_dopuszczalnym_zakresie"", ""metale_zużyciowe"": ""w_dopuszczalnym_zakresie""}",1,UWAGA
P2400481,"Oznaczona lepkość obniżona dla oleju klasy SAE 50. Temperatura zapłonu lekko obniżona. Zawartość sodu podwyższona, może świadczyć o zanieczyszczeniu próbki płynem chłodniczym. Zawartość żelaza, miedzi i ołowiu podwyższona. Poziom pozostałych metalicznych produktów zużycia oznaczony w badaniu pierwiastków (cząstki o rozmiarach <5um) w normie. Indeks PQ, informujący o magnetycznych ferrocząstkach (niezależnie od rozmiaru cząstek) podwyższony.

Zalecenia i wnioski:

Olej nie kwalifikuje się do dalszej eksploatacji - proszę wymienić olej  na świeży. Proszę przeprowadzić kontrolę szczelności układu doprowadzania paliwa oraz inspekcję układu chłodniczego. Przeprowadzić kolejne badanie po wykonaniu zabiegów korygujących.","{""lepkość"": ""obniżony"", ""temperatura_zapłonu"": ""lekko_obniżony"", ""płyn_chłodniczy"": ""podniesiony"", ""sód"": ""podniesiony"", ""żelazo"": ""podniesiony"", ""miedź"": ""podniesiony"", ""ołów"": ""podniesiony"", ""metale_zużyciowe"": ""w_normie"", ""pq_indeks"": ""podniesiony""}",2,UWAGA
P2400599,"Lepkość w zakresie granicznym klasy SAE 40. Temperatura zapłonu w normie. Zawartość cząstek zużyciowych na dopuszczalnym poziomie. Na widmie w podczerwieni nie stwierdzono charakterystycznych pasm świadczących o zanieczyszczeniu oleju płynem chłodniczym. 



Zalecenia i wnioski:

Olej kwalifikuje się do dalszej eksploatacji. Proszę obserwować zmiany w kolejnym badaniu zgodnie z przyjętym harmonogramem diagnostyki. ","{""lepkość"": ""w_zakresie_granicznym"", ""temperatura_zapłonu"": ""w_normie"", ""metale_zużyciowe"": ""w_dopuszczalnym_zakresie"", ""płyn_chłodniczy"": ""brak_wykrycia""}",0,W NORMIE
P2400690,"Oznaczona lepkość wskazuje na olej klasy SAE 30. Rezerwa alkaliczna na bezpiecznym poziomie. Temperatura zapłonu w normie. Lekko podwyższony poziom sodu. Zawartość wody w normie. Zawartość żelaza i miedzi podwyższona. Poziom pozostałych metalicznych produktów zużycia oznaczony w badaniu pierwiastków (cząstki o rozmiarach <5um) w normie. Indeks PQ, informujący o magnetycznych ferrocząstkach (niezależnie od rozmiaru cząstek) podwyższony.

Zalecenia i wnioski:

Ze względu na przekroczenia parametrów dopuszczalnych, olej nie kwalifikuje się do dalszej eksploatacji. Należy niezwłocznie podjąć działania korygujące polegające na wymianie oleju na świeży (zgodny z instrukcją obsługi) oraz poinformowanie serwisu o przeprowadzonej wymianie lub przeprowadzenie wymiany oleju pod nadzorem przedstawiciela serwisu.","{""lepkość"": ""w_normie"", ""rezerwa_alkaliczna"": ""w_zakresie_bezpiecznym"", ""temperatura_zapłonu"": ""w_normie"", ""sód"": ""lekko_podniesiony"", ""woda"": ""w_normie"", ""żelazo"": ""podniesiony"", ""miedź"": ""podniesiony"", ""metale_zużyciowe"": ""w_normie"", ""pq_indeks"": ""podniesiony""}",2,UWAGA
P2401389,"Lepkość w zakresie typowym dla klasy SAE 40. Temperatura zapłonu w normie. Nie stwierdzono niepokojąco podwyższonej zawartości cząstek zużyciowych. Lekko podwyższona zawartość krzemu, prawdopodobne pochodzenie to pył z otoczenia. Nie stwierdzono niepokojąco podwyższonej zawartości pierwiastków sugerujących zanieczyszczenie oleju płynem chłodniczym.

Zalecenia i wnioski:

Oznaczone parametry mieszczą się w akceptowalnych zakresach. Zalecana jest obserwacja zmian w kolejnym badaniu zgodnie z przyjętym harmonogramem diagnostyki.","{""lepkość"": ""w_normie"", ""temperatura_zapłonu"": ""w_normie"", ""krzem"": ""lekko_podniesiony"", ""płyn_chłodniczy"": ""brak_wykrycia""}",0,W NORMIE
P2401437,Oznaczona lepkość w zakresie granicznym dla oleju klasy SAE 40. Temperatura zapłonu w normie. Liczba zasadowa na bezpiecznym poziomie. Zawartość stałych ciał obcych w normie. Poziom metalicznych produktów zużycia oznaczony w badaniu pierwiastków (cząstki o rozmiarach <5um) w normie. Zawartość wody w normie.,"{""lepkość"": ""w_zakresie_granicznym"", ""temperatura_zapłonu"": ""w_normie"", ""liczba_zasadowa"": ""w_zakresie_bezpiecznym"", ""stałe_ciała_obce"": ""w_normie"", ""metale_zużyciowe"": ""w_normie"", ""woda"": ""w_normie""}",0,W NORMIE
P2401852,"Lepkość w 100°C w zakresie typowym dla klasy SAE 40. Nie podaliście Państwo dokładnej nazwy eksploatowanego oleju i z tego powodu niemożliwe jest porównanie oznaczonej liczba zasadowej do wartości parametru w oleju świeżym, oznaczona wartość mieści się na bezpiecznym poziomie. Zawartość miedzi znacznie podwyższona, trend rosnący. Zawartość pozostałych oznaczonych pierwiastków zużyciowych oraz indeks PQ (informujący o zawartości cząstek ferromagnetycznych bez względu na rozmiar) w normie. Własności dyspergujące w normie. Zawartość stałych zanieczyszczeń w normie. Lekko podwyższona  zawartość sodu oraz potasu. Zawartość wody w normie. Na widmie w podczerwieni nie stwierdzono charakterystycznych zmian świadczących o zanieczyszczeniu oleju płynem chłodniczym.

Zalecenia i wnioski:

Zalecana jest wymiana oleju na świeży. Zalecane jest przeprowadzenie inspekcji wewnętrznej pod kątem podwyższonego zużycia oraz kontrola układu chłodzenia. Proszę wykonać kolejne badanie po przeprowadzeniu działań korygujących.  ","{""lepkość"": ""w_normie"", ""miedź"": ""podniesiony"", ""pq_indeks"": ""w_normie"", ""metale_zużyciowe"": ""w_normie"", ""zanieczyszczenia_stałe"": ""w_normie"", ""sód"": ""lekko_podniesiony"", ""potas"": ""lekko_podniesiony"", ""woda"": ""w_normie"", ""płyn_chłodniczy"": ""brak_wykrycia""}",2,UWAGA
P2402312,"Oznaczona lepkość lekko obniżona dla klasy SAE 40. Zawartość stałych ciał obcych w normie. Nie podali Państwo nazwy oleju więc nie można sporządzić precyzyjnego komentarza dot. liczby zasadowej, jednak jej wartość mieści się w bezpiecznym zakresie. Własności dyspergujące w normie. Temperatura zapłonu lekko obniżona. Zawartość sodu lekko podniesiona - może stanowić pochodną płynu chłodniczego. Zawartość wody w zakresie dopuszczalnym. Ze względu na brak historii badań oraz brak danych dot. silnika (producent, pojemność układu, rodzaj paliwa itd.) nie można sporządzić precyzyjnego komentarza odnośnie poziomu pierwiastków zużyciowych. Wartości żelaza, glinu oraz miedzi (cząstki o rozmiarze <5 mikronów) znacznie odbiegają od typowych przedziałów dla olejów silnikowych. Indeks PQ informujący o zawartości cząstek ferromagnetycznych (niezależnie od rozmiaru cząstek) w normie.

Wnioski i zalecenia:

Zalecane jest przeprowadzenie inspekcji wewnętrznej ukierunkowanej na identyfikację źródła podwyższonej zawartości oznaczonych pierwiastków zużyciowych. Ze względu na wysoką zawartość pierwiastków zużyciowych zalecana jest wymiana oleju na świeży. Proszę obserwować zmiany trendu w następnych badaniach. Przeprowadzić kolejne badanie po wykonaniu zabiegów korygujących.","{""lepkość"": ""lekko_obniżony"", ""stałe_ciała_obce"": ""w_normie"", ""liczba_zasadowa"": ""w_zakresie_bezpiecznym"", ""temperatura_zapłonu"": ""lekko_obniżony"", ""sód"": ""lekko_podniesiony"", ""woda"": ""w_dopuszczalnym_zakresie"", ""pq_indeks"": ""w_normie""}",2,UWAGA
P2402313,"Oznaczona lepkość lekko obniżona dla klasy SAE 40. Zawartość stałych ciał obcych w normie. Nie podali Państwo nazwy oleju więc nie można sporządzić precyzyjnego komentarza dot. liczby zasadowej, jednak jej wartość mieści się w bezpiecznym zakresie. Własności dyspergujące w normie. Temperatura zapłonu lekko obniżona. Zawartość sodu lekko podniesiona - może stanowić pochodną płynu chłodniczego. Zawartość wody w zakresie dopuszczalnym. Ze względu na brak historii badań oraz brak danych dot. silnika (producent, pojemność układu, rodzaj paliwa itd.) nie można sporządzić precyzyjnego komentarza odnośnie poziomu pierwiastków zużyciowych. Wartości żelaza, glinu oraz miedzi (cząstki o rozmiarze <5 mikronów) znacznie odbiegają od typowych przedziałów dla olejów silnikowych. Indeks PQ informujący o zawartości cząstek ferromagnetycznych (niezależnie od rozmiaru cząstek) w normie.

Wnioski i zalecenia:

Zalecane jest przeprowadzenie inspekcji wewnętrznej ukierunkowanej na identyfikację źródła podwyższonej zawartości oznaczonych pierwiastków zużyciowych. Ze względu na wysoką zawartość pierwiastków zużyciowych zalecana jest wymiana oleju na świeży. Proszę obserwować zmiany trendu w następnych badaniach. Przeprowadzić kolejne badanie po wykonaniu zabiegów korygujących.","{""lepkość"": ""lekko_obniżony"", ""stałe_ciała_obce"": ""w_normie"", ""liczba_zasadowa"": ""w_zakresie_bezpiecznym"", ""temperatura_zapłonu"": ""lekko_obniżony"", ""sód"": ""lekko_podniesiony"", ""woda"": ""w_dopuszczalnym_zakresie"", ""pq_indeks"": ""w_normie""}",2,UWAGA
P2402769,"Oznaczona lepkość w normie dla oleju klasy SAE 40. Liczba zasadowa w normie. Zawartość wody w normie. i-pH lekko obniżone, nie krytycznie. Temperatura zapłonu w normie. Zawartość stałych ciał obcych w normie. Poziom metalicznych produktów zużycia oznaczony w badaniu pierwiastków (cząstki o rozmiarach <5um) w normie.

Zalecenia i wnioski:

Olej kwalifikuje się do dalszej eksploatacji. Proszę obserwować zmiany w następnej analizie. Wykonać kolejne badanie zgodnie z przyjętym harmonogramem diagnostyki olejowej.","{""lepkość"": ""w_normie"", ""liczba_zasadowa"": ""w_normie"", ""woda"": ""w_normie"", ""ph"": ""lekko_obniżony"", ""temperatura_zapłonu"": ""w_normie"", ""stałe_ciała_obce"": ""w_normie"", ""metale_zużyciowe"": ""w_normie""}",1,W NORMIE
P2402778,"Oznaczona lepkość w normie dla oleju klasy SAE 40. Liczba zasadowa lekko obniżona, nie krytycznie. i-pH w normie. Zawartość wody w normie. Temperatura zapłonu w normie. Zawartość stałych ciał obcych w normie. Poziom metalicznych produktów zużycia oznaczony w badaniu pierwiastków (cząstki o rozmiarach <5um) w normie.

Zalecenia i wnioski:

Olej kwalifikuje się do dalszej eksploatacji. Proszę obserwować zmiany w następnej analizie. Wykonać kolejne badanie zgodnie z przyjętym harmonogramem diagnostyki olejowej.","{""lepkość"": ""w_normie"", ""liczba_zasadowa"": ""lekko_obniżony"", ""ph"": ""w_normie"", ""woda"": ""w_normie"", ""temperatura_zapłonu"": ""w_normie"", ""stałe_ciała_obce"": ""w_normie"", ""metale_zużyciowe"": ""w_normie""}",0,W NORMIE
P2403154,"Oznaczona lepkość w normie dla oleju klasy SAE 40. Liczba kwasowa w normie. Lekko podniesiona zawartość krzemu, może wskazywać na przedostawanie się zanieczyszczeń z otoczenia. Poziom metalicznych produktów zużycia oznaczony w badaniu pierwiastków (cząstki o rozmiarze <5 mikronów) w normie. Indeks PQ informujący o zawartości cząstek ferromagnetycznych (niezależnie od rozmiaru cząstek) w normie.

Wnioski i zalecenia:

Przeprowadzić kolejne badanie zgodnie z harmonogramem diagnostyki olejowej. Proszę obserwować zmiany w następnej analizie. ","{""lepkość"": ""w_normie"", ""liczba_kwasowa"": ""w_normie"", ""krzem"": ""lekko_podniesiony"", ""metale_zużyciowe"": ""w_normie"", ""pq_indeks"": ""w_normie""}",1,W NORMIE
P2403312,"Lepkość w zakresie typowym dla klasy SAE 40. Wskaźnik lepkości jest typowy dla olejów wielosezonowych. Temperatura zapłonu na bezpiecznym poziomie. Liczba zasadowa na akceptowalnym poziomie. Zawartość miedzi znacznie podwyższona, trend rosnący. Zawartość pozostałych oznaczonych pierwiastków zużyciowych oraz indeks PQ (informujący o zawartości cząstek ferromagnetycznych bez względu na rozmiar) w normie. Własności dyspergujące w normie. Zawartość stałych zanieczyszczeń wzrosła znacząco w porównaniu do poprzedniego badania, jednak mieści się w akceptowalnym zakresie. Lekko podwyższona  zawartość sodu oraz potasu, trend stabilny. Zawartość wody w trendzie rosnącym, mieści się w dopuszczalnym zakresie. Na widmie w podczerwieni nie stwierdzono charakterystycznych zmian świadczących o zanieczyszczeniu oleju płynem chłodniczym.



Zalecenia i wnioski:

Zalecana jest wymiana oleju na świeży, kontrola stanu układu chłodzenia silnika. Proszę wykonać kolejne badanie po przeprowadzeniu działań korygujących.  ","{""lepkość"": ""w_normie"", ""temperatura_zapłonu"": ""w_zakresie_bezpiecznym"", ""liczba_zasadowa"": ""w_akceptowalnym_zakresie"", ""miedź"": ""podniesiony"", ""pq_indeks"": ""w_normie"", ""metale_zużyciowe"": ""w_normie"", ""zanieczyszczenia_stałe"": ""podniesiony"", ""sód"": ""lekko_podniesiony"", ""potas"": ""lekko_podniesiony"", ""woda"": ""podniesiony"", ""płyn_chłodniczy"": ""brak_wykrycia""}",2,UWAGA
P2403313,"Lepkość w zakresie typowym dla klasy SAE 40. Wskaźnik lepkości jest typowy dla olejów wielosezonowych. Temperatura zapłonu na bezpiecznym poziomie. Liczba zasadowa na akceptowalnym poziomie. Zawartość miedzi znacznie podwyższona, trend rosnący. Zawartość pozostałych oznaczonych pierwiastków zużyciowych oraz indeks PQ (informujący o zawartości cząstek ferromagnetycznych bez względu na rozmiar) w normie. Własności dyspergujące w normie. Zawartość stałych zanieczyszczeń wzrosła w porównaniu do poprzedniego badania, jednak mieści się w akceptowalnym zakresie. Lekko podwyższona zawartość sodu, trend stabilny. Zawartość wody w trendzie rosnącym, mieści się w dopuszczalnym zakresie. Na widmie w podczerwieni nie stwierdzono charakterystycznych zmian świadczących o zanieczyszczeniu oleju płynem chłodniczym.



Zalecenia i wnioski:

Zalecana jest wymiana oleju na świeży, kontrola stanu układu chłodzenia silnika. Proszę wykonać kolejne badanie po przeprowadzeniu działań korygujących.  ","{""lepkość"": ""w_normie"", ""temperatura_zapłonu"": ""w_zakresie_bezpiecznym"", ""liczba_zasadowa"": ""w_akceptowalnym_zakresie"", ""miedź"": ""podniesiony"", ""pq_indeks"": ""w_normie"", ""metale_zużyciowe"": ""w_normie"", ""zanieczyszczenia_stałe"": ""podniesiony"", ""sód"": ""lekko_podniesiony"", ""woda"": ""podniesiony"", ""płyn_chłodniczy"": ""brak_wykrycia""}",2,UWAGA
P2403914,"Lepkość w zakresie typowym dla klasy SAE 40. Wskaźnik lepkości zgodny z wartością deklarowaną przez producenta oleju.  Temperatura zapłonu obniżona. Zawartość dodatków zgodna z posiadaną przez nas referencją oleju świeżego. Liczba zasadowa na dopuszczalnym poziomie. Własności dyspergujące w normie. Nie stwierdzono niepokojąco podwyższonej zawartości cząstek zużyciowych. Zawartość stałych zanieczyszczeń (na sączku membranowym) w normie. Lekko podwyższona zawartość krzemu (oznaczona w badaniu pierwiastków, cząstki <5µm) lekko podwyższona, prawdopodobne pochodzenie to pył z otoczenia, procedura poboru próbki mogła mieć wpływ na wynik oznaczenia. Zawartość wody w normie. Na widmie w podczerwieni nie stwierdzono charakterystycznych pasm świadczących o zanieczyszczeniu oleju płynem chłodniczym. Nie stwierdzono podwyższonej zawartości pierwiastków sugerujących zanieczyszczenie oleju płynem chłodniczym.





Zalecenia i wnioski:

Temperatura zapłonu na nietypowo niskim poziomie dla sytuacji braku korelacji z pogorszeniem innych parametrów. Zalecany jest pobór próbki kontrolnej w celu weryfikacji wyniku oznaczenia. Jeżeli aktualna próbka jest reprezentatywna dalsza eksploatacja oleju jest niewskazana.    ","{""lepkość"": ""w_normie"", ""temperatura_zapłonu"": ""obniżony"", ""liczba_zasadowa"": ""w_dopuszczalnym_zakresie"", ""zanieczyszczenia_stałe"": ""w_normie"", ""własności_filtrujące"": ""w_normie"", ""krzem"": ""lekko_podniesiony"", ""woda"": ""w_normie"", ""płyn_chłodniczy"": ""brak_wykrycia""}",2,UWAGA
P2404861,"Oznaczona lepkość w zakresie typowym dla klasy SAE 30. Rezerwa alkaliczna na bezpiecznym poziomie. Temperatura zapłonu w normie. Zawartość wody (0,02%) w normie. W porównaniu do poprzedniego badań stwierdzono skokowy wzrost zawartości glinu i żelaza. Lekko podwyższona zawratość miedzi i chromu. Poziom pozostałych metalicznych produktów zużycia oznaczony w badaniu pierwiastków (cząstki o rozmiarach <5µm) w normie. Indeks PQ, informujący o magnetycznych ferrocząstkach (niezależnie od rozmiaru cząstek) w normie. Podwyższona zawartość krzemu. Parametr i-pH w normie.

Zalecenia i wnioski:

Ze względu na przekroczenia parametrów dopuszczalnych, olej nie kwalifikuje się do dalszej eksploatacji. Należy niezwłocznie podjąć działania korygujące polegające na wymianie oleju na świeży (zgodny z instrukcją obsługi) oraz poinformowanie serwisu o przeprowadzonej wymianie lub przeprowadzenie wymiany oleju pod nadzorem przedstawiciela serwisu.   ","{""pozostałe_parametry"": ""w_normie"", ""lepkość"": ""w_normie"", ""rezerwa_alkaliczna"": ""w_zakresie_bezpiecznym"", ""temperatura_zapłonu"": ""w_normie"", ""woda"": ""w_normie"", ""miedź"": ""lekko_podniesiony"", ""metale_zużyciowe"": ""w_normie"", ""pq_indeks"": ""w_normie"", ""krzem"": ""podniesiony"", ""ph"": ""w_normie""}",2,UWAGA
P2405000,"Lepkość mieści się w zakresie typowym dla klasy SAE 40. Rezerwa alkaliczna uległa wyczerpaniu. Parametr i-pH obniżony. Zawartość cząstek metalicznych, w odniesieniu do zadeklarowanego czasu pracy, mieści się w dopuszczalnym zakresie, nie wskazuje na niepokojącą dynamikę procesów zużycia lub korozji smarowanych elementów. Lekko podniesiona zawartość sodu - trend stabilny. Zawartość wody w normie. 

Zalecenia i wnioski:

Olej nie kwalifikuje się do dalszej eksploatacji ze względu na wyczerpanie rezerwy alkalicznej. Należy wymienić olej na świeży. Przeprowadzić kolejne badanie zgodnie z harmonogramem diagnostyki olejowej. ","{""lepkość"": ""w_normie"", ""ph"": ""obniżony"", ""metale_zużyciowe"": ""w_dopuszczalnym_zakresie"", ""sód"": ""lekko_podniesiony"", ""woda"": ""w_normie""}",2,UWAGA
P2405991,"Lepkość w normie dla oleju klasy SAE 40. Zawartość stałych ciał obcych w zakresie akceptowalnym. Liczba zasadowa w normie. Własności dyspergujące w normie. Temperatura zapłonu lekko obniżona. Zawartość sodu oraz potasu podniesiona - wskazuje na przedostawanie się płynu chłodniczego do oleju. Zawartość wody w normie. Zawartość miedzi (cząstki <5 mikronów) w dalszym ciągu na bardzo wysokim poziomie. Indeks PQ informujący o zawartości cząstek ferromagnetycznych (niezależnie od rozmiaru cząstek) w normie.

Zalecenia i wnioski:

Wysoka zawartość miedzi może wskazywać w dalszym ciągu na problemy występujące wewnątrz układu smarnego lub wskazywać na pozostałości po wymianie oleju. Wysoka zawartość miedzi w połączeniu z podniesioną zawartością sodu i potasu może świadczyć o obecności korozji chłodnicy oraz wycieku płynu chłodniczego do oleju smarnego. Zaleca się zidentyfikować źródło wysokiej zawartości miedzi. Ze względu na obecność płynu chłodniczego oraz wysoką zawartość miedzi olej nie kwalifikuje się do dalszej eksploatacji, zalecana jest wymiana oleju na świeży. Przeprowadzić kolejne badanie po wykonaniu zabiegów korygujących.","{""lepkość"": ""w_normie"", ""stałe_ciała_obce"": ""w_akceptowalnym_zakresie"", ""liczba_zasadowa"": ""w_normie"", ""temperatura_zapłonu"": ""lekko_obniżony"", ""sód"": ""podniesiony"", ""potas"": ""podniesiony"", ""woda"": ""w_normie"", ""pq_indeks"": ""w_normie""}",2,UWAGA
P2405992,"Lepkość lekko obniżona dla oleju klasy SAE 40. Zawartość stałych ciał obcych podniesiona. Liczba zasadowa w normie. Temperatura zapłonu obniżona. Zawartość wody w normie. Zawartość miedzi (cząstki <5 mikronów) w dalszym ciągu na bardzo wysokim poziomie. Indeks PQ informujący o zawartości cząstek ferromagnetycznych (niezależnie od rozmiaru cząstek) w normie.

Zalecenia i wnioski:

Wysoka zawartość miedzi może wskazywać w dalszym ciągu na problemy występujące wewnątrz układu smarnego lub wskazywać na pozostałości po wymianie oleju. Wysoka zawartość miedzi może świadczyć o obecności korozji chłodnicy lub wskazywać na zaawansowane procesy zużyciowe. Zaleca się zidentyfikować źródło wysokiej zawartości miedzi. Ze względu na wysoką zawartość miedzi olej nie kwalifikuje się do dalszej eksploatacji, zalecana jest wymiana oleju na świeży. Do czasu wymiany oleju zaleca się wymienić wkłady filtracyjne. Przeprowadzić kolejne badanie po wykonaniu zabiegów korygujących.","{""lepkość"": ""lekko_obniżony"", ""stałe_ciała_obce"": ""podniesiony"", ""liczba_zasadowa"": ""w_normie"", ""temperatura_zapłonu"": ""obniżony"", ""woda"": ""w_normie"", ""pq_indeks"": ""w_normie""}",2,UWAGA
P2405996,"Lepkość w zakresie typowym dla klasy SAE 40. Temperatura zapłonu na bezpiecznym poziomie. Nie stwierdzono niepokojąco podwyższonej zawartości cząstek metalicznych świadczącej o intensywnym przebiegu procesów korozji lub zużycia w obrębie układu olejowego. Czytelność widma w podczerwieni pogorszona ze względu na zawartość sadzy. Nie stwierdzono niepokojąco podwyższonej zawartości pierwiastków sugerujących zanieczyszczenie oleju płynem chłodniczym.



Zalecenia i wnioski:

Olej kwalifikuje się do dalszej eksploatacji. Proszę obserwować zmiany w kolejnym badaniu zgodnie z przyjętym harmonogramem diagnostyki.  ","{""lepkość"": ""w_normie"", ""temperatura_zapłonu"": ""w_zakresie_bezpiecznym"", ""sadza"": ""pogorszony"", ""płyn_chłodniczy"": ""brak_wykrycia""}",0,W NORMIE
P2406572,"Lepkość w zakresie granicznym klasy SAE 50. Temperatura zapłonu na bezpiecznym poziomie.  Zawartość oznaczonych pierwiastków zużyciowych na dopuszczalnym poziomie. Na widmie w podczerwieni nie stwierdzono charakterystycznych pasm świadczących o obecności płynu chłodniczego w dostarczonej próbce. 





Zalecenia i wnioski:

Oznaczone parametry mieszczą się w dopuszczalnych zakresach. Zalecana jest obserwacja zmian w kolejnym badaniu zgodnie z przyjętym harmonogramem diagnostyki.","{""lepkość"": ""w_zakresie_granicznym"", ""temperatura_zapłonu"": ""w_zakresie_bezpiecznym"", ""metale_zużyciowe"": ""w_dopuszczalnym_zakresie""}",1,W NORMIE
P2406637,"Oznaczona lepkość w normie dla oleju klasy SAE 40. Zawartość stałych ciał obcych w normie. Rezerwa alkaliczna w zakresie granicznym. Parametr i-pH w normie. Poziom metalicznych produktów zużycia oznaczony w badaniu pierwiastków (cząstki o rozmiarach <5um) w normie.

Zalecenia i wnioski:

Olej kwalifikuje się do dalszej eksploatacji. Proszę obserwować zmiany w następnej analizie. Wykonać kolejne badanie zgodnie z przyjętym harmonogramem diagnostyki olejowej.","{""lepkość"": ""w_normie"", ""stałe_ciała_obce"": ""w_normie"", ""rezerwa_alkaliczna"": ""w_zakresie_granicznym"", ""ph"": ""w_normie"", ""metale_zużyciowe"": ""w_normie""}",1,W NORMIE
P2406696,"Zawartość dodatków jest niezgodna z próbką referencyjną. Niższa zawartość potasu wynika z przeprowadzonej wymiany oleju i niższego przebiegu od wymiany oleju. Lekko podniesiona zawartość sodu. Zawartość wody w normie. Poziom metalicznych produktów zużycia oznaczony w badaniu pierwiastków (cząstki o rozmiarze <5 mikronów) w normie. Indeks PQ w normie. 

Przeprowadzono również badanie pierwiastków płynu chłodniczego, co potwierdza, że sód oraz potas w oleju, pochodzą z płynu chłodniczego. ","{""sód"": ""lekko_podniesiony"", ""woda"": ""w_normie"", ""metale_zużyciowe"": ""w_normie"", ""pq_indeks"": ""w_normie""}",2,UWAGA
P2407483,Lepkość w zakresie granicznym klasy SAE 40. Temperatura zapłonu na bezpiecznym poziomie. Liczba zasadowa oraz parametr i-pH na bezpiecznym poziomie. Zawartość stałych zanieczyszczeń na dopuszczalnym poziomie. Nie stwierdzono niepokojąco podwyższonej zawartości cząstek zużyciowych. Zawartość wody w normie. Na widmie w podczerwieni nie stwierdzono charakterystycznych zmian świadczących o zanieczyszczeniu oleju płynem chłodniczym.,"{""lepkość"": ""w_zakresie_granicznym"", ""temperatura_zapłonu"": ""w_zakresie_bezpiecznym"", ""liczba_zasadowa"": ""w_zakresie_bezpiecznym"", ""ph"": ""w_zakresie_bezpiecznym"", ""zanieczyszczenia_stałe"": ""w_dopuszczalnym_zakresie"", ""woda"": ""w_normie"", ""płyn_chłodniczy"": ""brak_wykrycia""}",0,W NORMIE
P2407857,"Oznaczona lepkość w normie dla oleju klasy SAE 40. Zawartość stałych ciał obcych podwyższona, nie krytycznie. Rezerwa alkaliczna w zakresie granicznym. Parametr i-pH w normie. Poziom metalicznych produktów zużycia oznaczony w badaniu pierwiastków (cząstki o rozmiarach <5um) w normie.

Zalecenia i wnioski:

Olej kwalifikuje się do dalszej eksploatacji. Proszę obserwować zmiany w następnej analizie. Wykonać kolejne badanie zgodnie z przyjętym harmonogramem diagnostyki olejowej.","{""lepkość"": ""w_normie"", ""stałe_ciała_obce"": ""podniesiony"", ""rezerwa_alkaliczna"": ""w_zakresie_granicznym"", ""ph"": ""w_normie"", ""metale_zużyciowe"": ""w_normie""}",1,W NORMIE
P2408008,"Oznaczona lepkość w normie dla oleju klasy SAE 40. Temperatura zapłonu w normie. Zawartość potasu lekko podniesiona - trend stabilny. Poziom metalicznych produktów zużycia oznaczony w badaniu pierwiastków (cząstki o rozmiarach <5um) w normie. Na widmie w podczerwieni brak charakterystycznych zmian świadczących o zanieczyszczeniu próbki płynem chłodniczym. 

Zalecenia i wnioski:

Przeprowadzić kolejne badanie zgodnie z harmonogramem diagnostyki olejowej. Proszę obserwować zmiany w następnej analizie.","{""lepkość"": ""w_normie"", ""temperatura_zapłonu"": ""w_normie"", ""potas"": ""lekko_podniesiony"", ""metale_zużyciowe"": ""w_normie""}",1,W NORMIE
P2408310,"Lepkość mieści się w zakresie typowym dla klasy SAE 40. Temperatura zapłonu na bezpiecznym poziomie. Nie stwierdzono niepokojąco podwyższonej zawartości cząstek zużyciowych. Na widmie w podczerwieni nie stwierdzono charakterystycznych pasm świadczących o zanieczyszczeniu oleju płynem chłodniczym. Zawartość krzemu lekko podniesiona - wskazuje na przedostawanie się pyłu z otoczenia.

Zalecenia i wnioski:

Proszę obserwować zmiany w kolejnym badaniu zgodnie z przyjętym harmonogramem diagnostyki.","{""lepkość"": ""w_normie"", ""temperatura_zapłonu"": ""w_zakresie_bezpiecznym"", ""płyn_chłodniczy"": ""brak_wykrycia"", ""krzem"": ""lekko_podniesiony""}",1,W NORMIE
P2409217,"Lepkość mieści się w zakresie typowym dla klasy SAE 40. Rezerwa alkaliczna na bezpiecznym poziomie. Parametr i-pH na bezpiecznym poziomie. Zawartość cząstek metalicznych w normie. Zawartość wody w trendzie rosnącym, mieści się jeszcze w dopuszczalnym zakresie. Podwyższona zawartość potasu, lekko podwyższona zawartość sodu - wskazują na zanieczyszczenie oleju płynem chłodniczym. Na widmie w podczerwieni nie stwierdzono charakterystycznych pasm świadczących o obecności płynu chłodniczego w dostarczonej próbce. Oksydacja oraz nitracja na dopuszczalnym poziomie.





Zalecenia i wnioski:

Wskazana jest wymiana oleju na świeży. Kontrola stanu układu chłodzenia silnika. Proszę wykonać kolejne badanie po wykonaniu zabiegów korygujących. ","{""lepkość"": ""w_normie"", ""rezerwa_alkaliczna"": ""w_zakresie_bezpiecznym"", ""ph"": ""w_zakresie_bezpiecznym"", ""metale_zużyciowe"": ""w_normie"", ""woda"": ""podniesiony"", ""płyn_chłodniczy"": ""lekko_podniesiony"", ""sód"": ""lekko_podniesiony"", ""potas"": ""lekko_podniesiony"", ""oksydacja"": ""w_dopuszczalnym_zakresie"", ""nitracja"": ""w_dopuszczalnym_zakresie""}",0,UWAGA
P2409678,"Lepkość lekko obniżona dla oleju klasy SAE 40. Zawartość stałych ciał obcych w normie. Liczba zasadowa w normie. Temperatura zapłonu w normie. Zawartość wody w normie. Zawartość miedzi (cząstki <5 mikronów) w trendzie wzrostowym, wartość krytyczna. Indeks PQ informujący o zawartości cząstek ferromagnetycznych (niezależnie od rozmiaru cząstek) w normie.

Zalecenia i wnioski:

Wysoka zawartość miedzi może wskazywać w dalszym ciągu na problemy występujące wewnątrz układu smarnego lub wskazywać na pozostałości po wymianie oleju. Wysoka zawartość miedzi może świadczyć o obecności korozji chłodnicy lub wskazywać na zaawansowane procesy zużyciowe. Zaleca się zidentyfikować źródło wysokiej zawartości miedzi. Ze względu na wysoką zawartość miedzi olej nie kwalifikuje się do dalszej eksploatacji, zalecana jest wymiana oleju na świeży. Do czasu wymiany oleju zaleca się wymienić wkłady filtracyjne. Przeprowadzić kolejne badanie po wykonaniu zabiegów korygujących.","{""lepkość"": ""lekko_obniżony"", ""stałe_ciała_obce"": ""w_normie"", ""liczba_zasadowa"": ""w_normie"", ""temperatura_zapłonu"": ""w_normie"", ""woda"": ""w_normie"", ""miedź"": ""podniesiony"", ""pq_indeks"": ""w_normie""}",2,UWAGA
P2409716,"Lepkość w zakresie typowym dla klasy SAE 40. Wskaźnik lepkości w zakresie oczekiwanym dla oleju jednosezonowego. Temperatura zapłonu na wysokim, bezpiecznym poziomie. Liczba zasadowa na wysokim, bezpiecznym poziomie. Własności dyspergujące w normie. Zawartość stałych zanieczyszczeń na dopuszczalnym poziomie. Nie stwierdzono niepokojąco podwyższonej zawartości cząstek zużyciowych. Zawartość wody na dobrym, niskim poziomie. Na widmie w podczerwieni nie stwierdzono charakterystycznych pasm świadczących o zanieczyszczeniu oleju płynem chłodniczym. Lekko podwyższona zawartość sodu - możliwe, że jest to pochodna zanieczyszczenia oleju wodą, płynem chłodniczym lub pyłem z otoczenia. 





Zalecenia i wnioski:

Olej kwalifikuje się do dalszej eksploatacji, jednak zalecana jest obserwacja zmian w kolejnym badaniu nie później niż po 500mth.","{""lepkość"": ""w_normie"", ""temperatura_zapłonu"": ""w_zakresie_bezpiecznym"", ""liczba_zasadowa"": ""w_zakresie_bezpiecznym"", ""zanieczyszczenia_stałe"": ""w_dopuszczalnym_zakresie"", ""płyn_chłodniczy"": ""lekko_podniesiony"", ""sód"": ""lekko_podniesiony""}",0,W NORMIE
P2410443,"Lepkość w zakresie granicznym klasy SAE 40. Rezerwa alkaliczna na bezpiecznym poziomie. Parametr i-pH na poziomie akceptowalnym. Temperatura zapłonu w normie. Zawartość wody w normie. Zawartość żelaza podwyższona, trend stabilny. Zawartość pozostałych oznaczonych pierwiastków zużyciowych na akceptowalnym poziomie. Indeks PQ, informujący o zawartości cząstek ferromagnetycznych (niezależnie od rozmiaru cząstek) w normie. Czytelność widma w podczerwieni pogorszona ze względu na zawartość sadzy. Wzrost zawartości boru i molibdenu może wskazywać na zanieczyszczenie próbki płynem chłodniczym.

Zalecenia i wnioski:

Ze względu na przekroczenia parametrów dopuszczalnych, olej nie kwalifikuje się do dalszej eksploatacji. Należy niezwłocznie podjąć działania korygujące polegające na wymianie oleju na świeży (zgodny z instrukcją obsługi) oraz poinformowanie serwisu o przeprowadzonej wymianie lub przeprowadzenie wymiany oleju pod nadzorem przedstawiciela serwisu.","{""lepkość"": ""w_zakresie_granicznym"", ""rezerwa_alkaliczna"": ""w_zakresie_bezpiecznym"", ""ph"": ""w_akceptowalnym_zakresie"", ""temperatura_zapłonu"": ""w_normie"", ""woda"": ""w_normie"", ""żelazo"": ""podniesiony"", ""metale_zużyciowe"": ""w_akceptowalnym_zakresie"", ""pq_indeks"": ""w_normie"", ""sadza"": ""pogorszony""}",0,UWAGA
P2410568,"Lepkość w zakresie typowym dla klasy SAE 40. Wskaźnik lepkości jest typowy dla olejów wielosezonowych. Temperatura zapłonu na bezpiecznym poziomie. Liczba zasadowa na bezpiecznym poziomie. Zawartość miedzi znacznie podwyższona, skokowy przyrost parametru w porównaniu do poprzednich analiz. Zawartość pozostałych oznaczonych pierwiastków zużyciowych oraz indeks PQ (informujący o zawartości cząstek ferromagnetycznych bez względu na rozmiar) w normie. Własności dyspergujące w normie. Zawartość stałych zanieczyszczeń w normie. Lekko podwyższona  zawartość sodu. Zawartość wody w trendzie rosnącym, mieści się w dopuszczalnym zakresie. Na widmie w podczerwieni stwierdzono pasma sugerujące zanieczyszczenie oleju płynem chłodniczym lub wodą.



Zalecenia i wnioski:

Wskazana jest wymiana oleju na świeży, kontrola stanu układu chłodzenia silnika. Proszę wykonać kolejne badanie po przeprowadzeniu działań korygujących.","{""lepkość"": ""w_normie"", ""temperatura_zapłonu"": ""w_zakresie_bezpiecznym"", ""liczba_zasadowa"": ""w_zakresie_bezpiecznym"", ""miedź"": ""podniesiony"", ""pq_indeks"": ""w_normie"", ""metale_zużyciowe"": ""w_normie"", ""zanieczyszczenia_stałe"": ""w_normie"", ""sód"": ""lekko_podniesiony"", ""woda"": ""podniesiony""}",2,UWAGA
P2411289,"Lepkość mieści się w zakresie typowym dla klasy SAE 40. Temperatura zapłonu na bezpiecznym poziomie. Zawartość cząstek zużyciowych w normie, nie stwierdzono znaczącego przyrostu zawartości w porównaniu do poprzednich badań. Na widmie w podczerwieni nie stwierdzono charakterystycznych pasm świadczących o zanieczyszczeniu oleju płynem chłodniczym. Nie stwierdzono niepokojąco podwyższonej zawartości pierwiastków świadczących o zanieczyszczeniu oleju płynem chłodniczym. Liczba zasadowa na bezpiecznym poziomie. Zawartość wody w normie. Własności dyspergujące w normie, jednak indeks zanieczyszczeń jest lekko podwyższony. W badaniu chromatografii gazowej stwierdzono lekko podwyższoną zawartość komponentów ON.



Zalecenia i wnioski:

Olej kwalifikuje się do dalszej eksploatacji. Proszę obserwować zmiany w kolejnym badaniu zgodnie z przyjętym harmonogramem diagnostyki. ","{""lepkość"": ""w_normie"", ""temperatura_zapłonu"": ""w_zakresie_bezpiecznym"", ""płyn_chłodniczy"": ""brak_wykrycia"", ""liczba_zasadowa"": ""w_zakresie_bezpiecznym"", ""woda"": ""w_normie"", ""olej_napędowy"": ""lekko_podniesiony""}",0,W NORMIE
P2411930,"Lepkość w zakresie typowym dla klasy SAE 40. Wskaźnik lepkości jest typowy dla olejów wielosezonowych. Temperatura zapłonu na bezpiecznym poziomie. Liczba zasadowa na wysokim, bezpiecznym poziomie. Własności dyspergujące w normie. Zawartość stałych zanieczyszczeń na dopuszczalnym poziomie. Nie stwierdzono niepokojąco podwyższonej zawartości cząstek zużyciowych. Na widmie w podczerwieni nie stwierdzono charakterystycznych zmian świadczących o zanieczyszczeniu oleju płynem chłodniczym. Nie stwierdzono niepokojąco podwyższonej zawartości pierwiastków świadczących o zanieczyszczeniu oleju płynem chłodniczym. Zawartość wody w normie. W badaniu chromatografii gazowej stwierdzono lekko podwyższoną zawartość komponentów ON.



Zalecenia i wnioski:

Oznaczone parametry mieszczą się w dopuszczalnych zakresach. Proszę obserwować zmiany w kolejnym badaniu zgodnie z przyjętym harmonogramem diagnostyki.    ","{""lepkość"": ""w_normie"", ""temperatura_zapłonu"": ""w_zakresie_bezpiecznym"", ""liczba_zasadowa"": ""w_zakresie_bezpiecznym"", ""zanieczyszczenia_stałe"": ""w_dopuszczalnym_zakresie"", ""płyn_chłodniczy"": ""brak_wykrycia"", ""woda"": ""w_normie"", ""olej_napędowy"": ""lekko_podniesiony""}",0,W NORMIE
P2412000,"Lepkość wskazuje na olej klasy SAE 50. Wskaźnik lepkości w normie. Temperatura zapłonu na bezpiecznym poziomie. Nie podaliście Państwo dokładnego typu eksploatowanego oleju i z tego powodu nie możemy porównać oznaczonej liczby zasadowej z wartością tego parametru w oleju świeżym, jednak jej wartość jest na wysokim poziomie.  Zawartość oznaczonych pierwiastków zużyciowych w zakresie akceptowalnym. Indeks PQ (informujący o zawartości cząstek ferromagnetycznych bez względu na rozmiar) podwyższony. Zawartość wody w normie. Zawartość stałych zanieczyszczeń w normie. Lekko podwyższona zawartość potasu i sodu - prawdopodobnie jest to pochodna zanieczyszczenia oleju płynem chłodniczym. Zawartość ON w normie.

Zalecenia i wnioski:

Podwyższony indeks PQ może świadczyć o intensywnym przebiegu procesów zużycia lub procedura poboru próbki mogła mieć wpływ na wynik oznaczenia. Wskazany jest pilny pobór próbki kontrolnej w celu weryfikacji wyniku oznaczenia.","{""lepkość"": ""w_normie"", ""wskaźnik_lepkości"": ""w_normie"", ""temperatura_zapłonu"": ""w_zakresie_bezpiecznym"", ""liczba_zasadowa"": ""wysoki"", ""metale_zużyciowe"": ""w_akceptowalnym_zakresie"", ""pq_indeks"": ""podniesiony"", ""woda"": ""w_normie"", ""zanieczyszczenia_stałe"": ""w_normie"", ""płyn_chłodniczy"": ""lekko_podniesiony"", ""sód"": ""lekko_podniesiony"", ""potas"": ""lekko_podniesiony"", ""olej_napędowy"": ""w_normie""}",2,UWAGA
P2412165,"Oznaczona lepkość wskazuje na olej klasy SAE 30. Rezerwa alkaliczna w zakresie granicznym. Temperatura zapłonu w normie. Zawartość wody w normie. Poziom metalicznych produktów zużycia oznaczony w badaniu pierwiastków (cząstki o rozmiarach <5um) w normie. Indeks PQ, informujący o ferromagnetycznych cząstkach (niezależnie od rozmiaru cząstek) w normie. Parametr i-pH obniżony. Zawartość paliwa podwyższona. Własności dyspergujące w normie. Temperatura zapłonu lekko obniżona.

Zalecenia i wnioski:

Olej nie kwalifikuje się do dalszej eksploatacji - proszę wymienić olej na świeży. Proszę obserwować zmiany w następnej analizie. Wykonać kolejne badanie zgodnie z przyjętym harmonogramem diagnostyki olejowej.","{""lepkość"": ""w_normie"", ""rezerwa_alkaliczna"": ""w_zakresie_granicznym"", ""temperatura_zapłonu"": ""lekko_obniżony"", ""woda"": ""w_normie"", ""metale_zużyciowe"": ""w_normie"", ""pq_indeks"": ""w_normie"", ""ph"": ""obniżony"", ""paliwo"": ""podniesiony""}",1,UWAGA
P2412229,"Oznaczona lepkość w normie. Temperatura zapłonu w normie. Pozostałość po spopieleniu w normie. Zawartość wody w normie. Indeks PQ, informujący o magnetycznych ferrocząstkach (niezależnie od rozmiaru cząstek) w normie. Zawartość ON lekko podniesona.

Zalecenia i wnioski:

Proszę obserwować zmiany w następnej analizie. Wykonać kolejne badanie za 500 mth pracy silnika.","{""lepkość"": ""w_normie"", ""temperatura_zapłonu"": ""w_normie"", ""pozostałość_po_spopieleniu"": ""w_normie"", ""woda"": ""w_normie"", ""pq_indeks"": ""w_normie"", ""olej_napędowy"": ""lekko_podniesiony""}",0,W NORMIE
P2412809,"Lepkość w zakresie granicznym klasy SAE 40. Wskaźnik lepkości jest typowy dla oleju wielosezonowego. Liczba zasadowa na wysokim, bezpiecznym poziomie. Własności dyspergujące w normie. Temperatura zapłonu na bezpiecznym poziomie. Oznaczony pakiet dodatków jest oczekiwany dla oleju Lotos Diesel Classic CF-4 SAE 15W-40. Zawartość cząstek zużyciowych wzrosła jedynie nieznacznie w porównaniu do poprzedniego badania, mieści się w dopuszczalnym zakresie. Na widmie w podczerwieni nie stwierdzono charakterystycznych zmian świadczących o zanieczyszczeniu oleju płynem chłodniczym. Nie stwierdzono niepokojąco podwyższonej zawartości pierwiastków wskazujących na zanieczyszczenie oleju płynem chłodniczym. Zawartość wody w normie. W badaniu chromatografii gazowej stwierdzono podwyższoną zawartość komponentów ON.



Zalecenia i wnioski:

Oznaczone parametry mieszczą się w akceptowalnych zakresach. Proszę obserwować zmiany w kolejnym badaniu zgodnie z przyjętym harmonogramem diagnostyki.  ","{""lepkość"": ""w_zakresie_granicznym"", ""liczba_zasadowa"": ""w_zakresie_bezpiecznym"", ""temperatura_zapłonu"": ""w_zakresie_bezpiecznym"", ""metale_zużyciowe"": ""podniesiony"", ""płyn_chłodniczy"": ""brak_wykrycia"", ""woda"": ""w_normie"", ""olej_napędowy"": ""podniesiony""}",1,W NORMIE
P2413200,"Oznaczona lepkość oleju w normie dla klasy SAE 20. Temperatura zapłonu w normie. Zawartość dodatków na poziomie oczekiwanym. Rezerwa alkaiczna uległa wyczerpaniu. Własności dyspergujące w normie. Zawartość wody lekko podwyższona. Zawartość cząstek zużyciowych w dopuszczalnym zakresie, nie stwierdzono znacznego przyrostu zawartości w porównaniu do poprzedniego badania. Na widmie w podczerwieni nie stwierdzono charakterystycznych zmian świadczących o zanieczyszczeniu oleju płynem chłodniczym. Nie stwierdzono niepokojąco podwyższonej zawartości pierwiastków wskazujących na zanieczyszczenie próbki płynem chłodniczym. W analizie chromatografii gazowej nie stwierdzono podwyższonej zawartości paliwa.

Zalecenia i wnioski:

Z uwagi na wyczerpanie się rezerwy alkalicznej, proszę wymienić olej na świeży, jeśli wymiana jeszcze nie nastąpiła. Proszę skrócić interwał pomiędzy wymianami oleju.","{""lepkość"": ""w_normie"", ""temperatura_zapłonu"": ""w_normie"", ""woda"": ""lekko_podniesiony"", ""płyn_chłodniczy"": ""brak_wykrycia""}",2,UWAGA
P2413365,"Oznaczona lepkość lekko obniżona dla oleju klasy SAE 40. Liczba zasadowa w normie. Temperatura zapłonu w normie. Poziom metalicznych produktów zużycia oznaczony w badaniu pierwiastków (cząstki o rozmiarach <5um) w normie. Na widmie w podczerwieni brak charakterystycznych oznak świadczących o zanieczyszczeniu próbki płynem chłodniczym. Zawartość paliwa podwyższona. Własności dyspergujące w normie. Zawartość wody w normie.

Zalecenia i wnioski:

Olej nie kwalifikuje się do dalszej eksploatacji - proszę wymienić olej na świeży. Proszę przeprowadzić kontrolę szczelności układu doprowadzania paliwa. Przeprowadzić kolejne badanie po wykonaniu środków korygująych.","{""lepkość"": ""lekko_obniżony"", ""liczba_zasadowa"": ""w_normie"", ""temperatura_zapłonu"": ""w_normie"", ""metale_zużyciowe"": ""w_normie"", ""paliwo"": ""podniesiony"", ""woda"": ""w_normie""}",1,UWAGA
P2413381,"Lepkość w zakresie typowym dla klasy SAE 40. Wskaźnik lepkości na poziomie oczekiwanym. Temperatura zapłonu na dopuszczalnym poziomie. Własności dyspergujące lekko pogorszone. Zawartość dodatków na oczekiwanym poziomie. Liczba zasadowa na wysokim, bezpiecznym poziomie. Zawartość cząstek zużyciowych wzrosła jedynie nieznacznie w porównaniu do poprzedniego badania. Zawartość wody na dopuszczalnym poziomie. Nie stwierdzono niepokojącego zanieczyszczenia oleju. W analizie chromatografii gazowej stwierdzono lekko podwyższoną zawartość komponentów ON.



Zalecenia i wnioski:

Olej kwalifikuje się do dalszej eksploatacji. Proszę obserwować zmiany w kolejnej analizie nie później niż po 500mth.","{""lepkość"": ""w_normie"", ""wskaźnik_lepkości"": ""w_normie"", ""temperatura_zapłonu"": ""w_dopuszczalnym_zakresie"", ""liczba_zasadowa"": ""w_zakresie_bezpiecznym"", ""metale_zużyciowe"": ""podniesiony"", ""woda"": ""w_dopuszczalnym_zakresie"", ""olej_napędowy"": ""lekko_podniesiony""}",0,W NORMIE
P2413382,"Lepkość w zakresie typowym dla klasy SAE 40. Wskaźnik lepkości na poziomie oczekiwanym. Temperatura zapłonu w normie. Własności dyspergujące lekko pogorszone. Zawartość dodatków na oczekiwanym poziomie. Liczba zasadowa na wysokim, bezpiecznym poziomie. Zawartość cząstek zużyciowych wzrosła jedynie nieznacznie w porównaniu do poprzedniego badania. Zawartość wody na dopuszczalnym poziomie. Nie stwierdzono niepokojącego zanieczyszczenia oleju. W analizie chromatografii gazowej stwierdzono lekko podwyższoną zawartość komponentów ON.



Zalecenia i wnioski:

Olej kwalifikuje się do dalszej eksploatacji. Proszę obserwować zmiany w kolejnej analizie nie później niż po 500mth.","{""lepkość"": ""w_normie"", ""wskaźnik_lepkości"": ""w_normie"", ""temperatura_zapłonu"": ""w_normie"", ""liczba_zasadowa"": ""w_zakresie_bezpiecznym"", ""metale_zużyciowe"": ""podniesiony"", ""woda"": ""w_dopuszczalnym_zakresie"", ""olej_napędowy"": ""lekko_podniesiony""}",0,W NORMIE
P2413463,"Lepkość w zakresie typowym dla klasy SAE 40. Wskaźnik lepkości zgodny z wartością deklarowaną przez producenta oleju. Temperatura zapłonu na wysokim, bezpiecznym poziomie. Zawartość dodatków dobrze koreluje z posiadaną przez nas referencją oleju świeżego. Liczba zasadowa na dopuszczalnym poziomie. Własności dyspergujące w normie. Na widmie w podczerwieni nie stwierdzono charakterystycznych zmian świadczących o zanieczyszczeniu oleju płynem chłodniczym. Nie stwierdzono niepokojąco podwyższonej zawartości pierwiastków wskazujących na zanieczyszczenie próbki płynem chłodniczym. Zawartość wody w normie. Zawartość stałych zanieczyszczeń w normie. W porównaniu do poprzednich zawartość cząstek zużyciowych wzrosła jedynie nieznacznie. W analizie chromatografii gazowej stwierdzono lekko podwyższoną zawartość komponentów ON. 



Zalecenia i wnioski:

Oznaczone parametry mieszczą się w akceptowalnych zakresach. Proszę obserwować zmiany w kolejnym badaniu zgodnie z przyjętym harmonogramem diagnostyki.      ","{""lepkość"": ""w_normie"", ""temperatura_zapłonu"": ""w_zakresie_bezpiecznym"", ""liczba_zasadowa"": ""w_dopuszczalnym_zakresie"", ""płyn_chłodniczy"": ""brak_wykrycia"", ""woda"": ""w_normie"", ""zanieczyszczenia_stałe"": ""w_normie"", ""metale_zużyciowe"": ""podniesiony"", ""olej_napędowy"": ""lekko_podniesiony""}",0,W NORMIE
P2413464,"Lepkość w zakresie typowym dla klasy SAE 40. Wskaźnik lepkości zgodny z wartością deklarowaną przez producenta oleju. Temperatura zapłonu na wysokim, bezpiecznym poziomie. Zawartość dodatków dobrze koreluje z posiadaną przez nas referencją oleju świeżego. Liczba zasadowa na dopuszczalnym poziomie. Własności dyspergujące na dopuszczalnym poziomie. Na widmie w podczerwieni nie stwierdzono charakterystycznych zmian świadczących o zanieczyszczeniu oleju płynem chłodniczym. Nie stwierdzono niepokojąco podwyższonej zawartości pierwiastków wskazujących na zanieczyszczenie próbki płynem chłodniczym. Zawartość wody w normie. Zawartość stałych zanieczyszczeń w normie. W porównaniu do poprzednich badań nie stwierdzono niepokojącego przyrostu zawartości cząstek zużyciowych. W analizie chromatografii gazowej stwierdzono lekko podwyższoną zawartość komponentów ON.



Zalecenia i wnioski:

Oznaczone parametry mieszczą się w akceptowalnych zakresach. Proszę obserwować zmiany w kolejnym badaniu zgodnie z przyjętym harmonogramem diagnostyki.   ","{""lepkość"": ""w_normie"", ""temperatura_zapłonu"": ""w_zakresie_bezpiecznym"", ""liczba_zasadowa"": ""w_dopuszczalnym_zakresie"", ""płyn_chłodniczy"": ""brak_wykrycia"", ""woda"": ""w_normie"", ""zanieczyszczenia_stałe"": ""w_normie"", ""olej_napędowy"": ""lekko_podniesiony""}",0,W NORMIE
P2413565,"Oznaczona lepkość wskazuje na olej klasy SAE 40. Zawartość molibdenu w trendzie rosnącym. Rezerwa alkaliczna w zakresie granicznym. Parametr i-pH w normie. Temperatura zapłonu w normie. Zawartość wody w normie. Zawartość żelaza podwyższona. Poziom pozostałych metalicznych produktów zużycia oznaczony w badaniu pierwiastków (cząstki o rozmiarach <5um) w normie. Indeks PQ, informujący o magnetycznych ferrocząstkach (niezależnie od rozmiaru cząstek) w normie. Własności dyspergujące w normie. Zawartość paliwa w normie.

Zalecenia i wnioski:

Proszę podać dokładne oznaczenie oleju (producent i nazwa). Olej nie kwalifikuje się do dalszej eksploatacji - proszę wymienić olej na świeży. Proszę obserwować zmiany w następnej analizie. Wykonać kolejne badanie zgodnie z przyjętym harmonogramem diagnostyki olejowej.","{""lepkość"": ""w_normie"", ""rezerwa_alkaliczna"": ""w_zakresie_granicznym"", ""ph"": ""w_normie"", ""temperatura_zapłonu"": ""w_normie"", ""woda"": ""w_normie"", ""żelazo"": ""podniesiony"", ""metale_zużyciowe"": ""w_normie"", ""pq_indeks"": ""w_normie"", ""paliwo"": ""w_normie""}",1,UWAGA
P2413585,"Lepkość w zakresie typowym dla klasy SAE 40. Wskaźnik lepkości na poziomie oczekiwanym dla oleju jednosezonowego. Liczba zasadowa na wysokim, bezpiecznym poziomie. Własności dyspergujące w normie.  Temperatura zapłonu na wysokim, bezpiecznym poziomie. Zawartość miedzi podwyższona. Zawartość pozostałych oznaczonych pierwiastków zużyciowych na dopuszczalnym poziomie. Czytelność widma w podczerwieni pogorszona ze względu na zawartość sadzy. Wysoka zawartość sodu, lekko podwyższona zawartość krzemu - sugerują zanieczyszczenie oleju płynem chłodniczym i/lub pyłem z otoczenia.  Zawartość wody w normie. W analizie chromatografii gazowej nie stwierdzono niepokojąco podwyższonej zawartości ON.   



Zalecenia i wnioski:

Wskazana jest kontrola stanu układu chłodzenia, kontrola stanu układu doprowadzania powietrza do silnika. Proszę wykonać kolejne badanie po przeprowadzeniu działań korygujących.","{""lepkość"": ""w_normie"", ""wskaźnik_lepkości"": ""w_normie"", ""liczba_zasadowa"": ""w_zakresie_bezpiecznym"", ""temperatura_zapłonu"": ""w_zakresie_bezpiecznym"", ""miedź"": ""podniesiony"", ""metale_zużyciowe"": ""w_dopuszczalnym_zakresie"", ""sadza"": ""pogorszony"", ""płyn_chłodniczy"": ""lekko_podniesiony"", ""sód"": ""lekko_podniesiony"", ""krzem"": ""lekko_podniesiony"", ""woda"": ""w_normie"", ""olej_napędowy"": ""brak_wykrycia""}",1,UWAGA
P2413586,"Oznaczona lepkość poniżej dolnego zakresu granicznego. Własności dyspergujące w normie. Zawartość wody w normie. Indeks PQ, informujący o magnetycznych ferrocząstkach (niezależnie od rozmiaru cząstek) w normie. Stwierdzono podwyższoną zawartość ON w oleju.

Zalecenia i wnioski:

Ze względu na obniżoną lepkość zaleca się przeprowadzenie wymiany oleju na świeży. Obserwować zmiany w kolejnym badaniu, po przeprowadzeniu zabiegów korygujących.","{""lepkość"": ""w_zakresie_granicznym"", ""woda"": ""w_normie"", ""pq_indeks"": ""w_normie"", ""olej_napędowy"": ""podniesiony""}",1,UWAGA
P2413601,"Lepkość w zakresie typowym dla klasy SAE 40. Wskaźnik lepkości na poziomie oczekiwanym. Liczba zasadowa na wysokim, bezpiecznym poziomie. Własności dyspergujące w normie. Temperatura zapłonu na bezpiecznym poziomie. Nie stwierdzono niepokojąco podwyższonej zawartości cząstek zużyciowych. Na widmie w podczerwieni nie stwierdzono charakterystycznych pasm świadczących o zanieczyszczeniu oleju płynem chłodniczym. Nie stwierdzono niepokojąco podwyższonej zawartości pierwiastków wskazujących  zanieczyszczenie oleju płynem chłodniczym. Zawartość stałych zanieczyszczeń w normie. Zawartość wody w normie. W analizie chromatografii gazowej stwierdzono lekko podwyższoną zawartość komponentów ON.  









Zalecenia i wnioski:

Olej kwalifikuje się do eksploatacji. Proszę obserwować zmiany w kolejnym badaniu zgodnie z przyjętym harmonogramem.","{""lepkość"": ""w_normie"", ""wskaźnik_lepkości"": ""w_normie"", ""liczba_zasadowa"": ""w_zakresie_bezpiecznym"", ""temperatura_zapłonu"": ""w_zakresie_bezpiecznym"", ""płyn_chłodniczy"": ""brak_wykrycia"", ""zanieczyszczenia_stałe"": ""w_normie"", ""woda"": ""w_normie"", ""olej_napędowy"": ""lekko_podniesiony""}",0,W NORMIE
P2413603,"Lepkość w zakresie typowym dla klasy SAE 40. Wskaźnik lepkości na poziomie oczekiwanym. Liczba zasadowa na wysokim, bezpiecznym poziomie. Własności dyspergujące lekko pogorszone. Temperatura zapłonu na wysokim, bezpiecznym poziomie. Zawartość miedzi znacznie podwyższona, trend rosnący. Zawartość pozostałych oznaczonych pierwiastków zużyciowych na dopuszczalnym poziomie. Lekko podwyższony indeks PQ informujący o zawartości cząstek ferromagnetycznych bez względu na rozmiar. Czytelność widma w podczerwieni pogorszona ze względu na zawartość sadzy, jednak nie stwierdzono charakterystycznych pasm świadczących o zanieczyszczeniu oleju płynem chłodniczym. Nie stwierdzono niepokojącego przyrostu zawartości pierwiastków wskazujących  zanieczyszczenie oleju płynem chłodniczym. Zawartość stałych zanieczyszczeń w normie. Zawartość wody w normie. W analizie chromatografii gazowej nie stwierdzono niepokojąco podwyższonej zawartości ON.    









Zalecenia i wnioski:

Wysoka zawartość miedzi bez korelacji z zawartością innych oznaczonych pierwiastków metalicznych sugeruje intensywny przebieg procesów pasywacji chłodnicy. Wskazana jest kontrola stanu układu chłodzenia silnika, wymiana oleju na świeży. Proszę wykonać kolejne badanie po przeprowadzeniu działań korygujących.    ","{""lepkość"": ""w_normie"", ""wskaźnik_lepkości"": ""w_normie"", ""liczba_zasadowa"": ""w_zakresie_bezpiecznym"", ""temperatura_zapłonu"": ""w_zakresie_bezpiecznym"", ""miedź"": ""podniesiony"", ""metale_zużyciowe"": ""w_dopuszczalnym_zakresie"", ""pq_indeks"": ""lekko_podniesiony"", ""płyn_chłodniczy"": ""brak_wykrycia"", ""sadza"": ""brak_wykrycia"", ""zanieczyszczenia_stałe"": ""w_normie"", ""woda"": ""w_normie"", ""olej_napędowy"": ""brak_wykrycia""}",2,UWAGA
P2413609,"Lepkość w zakresie typowym dla klasy SAE 20. Wskaźnik lepkości na poziomie oczekiwanym. Liczba zasadowa na bezpiecznym poziomie. Własności dyspergujące w normie. Nie podaliście Państwo typu eksploatowanego oleju i z tego powodu niemożliwe jest przedstawienie komentarza dotyczącego oznaczonego pakietu dodatków. Temperatura zapłonu obniżona, co jest zjawiskiem typowym dla silników benzynowych w czasie eksploatacji. Zawartość oznaczonych pierwiastków zużyciowych na dopuszczalnym poziomie. Na widmie w podczerwieni nie stwierdzono charakterystycznych pasm świadczących o zanieczyszczeniu oleju płynem chłodniczym. Podwyższona zawartość krzemu, lekko podwyższona zawartość potasu - mogą być pochodną zanieczyszczenia oleju pyłem z zewnątrz i/lub płynem chłodniczym lub mogą sugerować obecność w układzie olejowym preparatu modyfikującego strukturę powierzchni silnika. Zawartość paliwa oznaczona metodą chromatografii gazowej lekko podwyższona (nie krytycznie). Zawartość wody w normie.











Zalecenia i wnioski:

Podwyższona zawartość krzemu oraz potasu jest nietypowa i prawdopodobnie ma związek ze, zgłoszoną w druku próbki, zaistniałą awarią. Pozostałe oznaczone parametry mieszczą się w zakresach akceptowalnych dla eksploatowanych silników benzynowych.   ","{""lepkość"": ""w_normie"", ""wskaźnik_lepkości"": ""w_normie"", ""liczba_zasadowa"": ""w_zakresie_bezpiecznym"", ""temperatura_zapłonu"": ""obniżony"", ""metale_zużyciowe"": ""w_dopuszczalnym_zakresie"", ""płyn_chłodniczy"": ""lekko_podniesiony"", ""potas"": ""lekko_podniesiony"", ""krzem"": ""lekko_podniesiony"", ""paliwo"": ""lekko_podniesiony"", ""woda"": ""w_normie""}",2,UWAGA
P2413688,"Lepkość mieści się w zakresie typowym dla klasy SAE 40. Wskaźnik lepkości na poziomie typowym dla oleju wielosezonowego. Liczba zasadowa na wysokim, bezpiecznym poziomie. Własności dyspergujące w normie. Temperatura zapłonu na bezpiecznym poziomie. Zawartość cząstek zużyciowych wzrosła lekko w porównaniu do poprzedniego badania, mieści się w dopuszczalnym zakresie. Na widmie w podczerwieni nie stwierdzono charakterystycznych pasm świadczących o zanieczyszczeniu oleju płynem chłodniczym. Nie stwierdzono niepokojąco podwyższonej zawartości pierwiastków sugerujących zanieczyszczenie oleju płynem chłodniczym. Zawartość wody w normie. W analizie chromatografii gazowej stwierdzono lekko podwyższoną zawartość komponentów ON.  









Zalecenia i wnioski:

Olej kwalifikuje się do dalszej eksploatacji. Zalecana jest obserwacja zmian w kolejnym badaniu zgodnie z przyjętym harmonogramem diagnostyki.","{""lepkość"": ""w_normie"", ""wskaźnik_lepkości"": ""w_normie"", ""liczba_zasadowa"": ""w_zakresie_bezpiecznym"", ""temperatura_zapłonu"": ""w_zakresie_bezpiecznym"", ""metale_zużyciowe"": ""podniesiony"", ""płyn_chłodniczy"": ""brak_wykrycia"", ""woda"": ""w_normie"", ""olej_napędowy"": ""lekko_podniesiony""}",0,W NORMIE
P2414114,"Oznaczona lepkość w normie dla oleju klasy SAE 40. Zawartość stałych ciał obcych na dobrym, niskim poziomie. Rezerwa alkaliczna bliska wyczerpaniu. Parametr i-pH w zakresie granicznym. Zawartość miedzi wyraźnie wzrosła w porównaniu do poprzednich badań. Poziom pozostałych metalicznych produktów zużycia oznaczony w badaniu pierwiastków (cząstki o rozmiarach <5um) w normie. Zawartość paliwa poniżej poziomu detekcji. Własności dyspergujące w normie. Zawartość wody w normie. Temperatura zapłonu w normie.

Zalecenia i wnioski:

Wzrost zawartości miedzi może wskazywać na zwiększone zużywanie się smarowanych elementów układu zawierających w swoim składzie ten pierwiastek. Zalecane jest zaplanowanie wymiany oleju na świeży w najbliższym możliwym terminie. ","{""lepkość"": ""w_normie"", ""ph"": ""w_zakresie_granicznym"", ""miedź"": ""podniesiony"", ""metale_zużyciowe"": ""w_normie"", ""woda"": ""w_normie"", ""temperatura_zapłonu"": ""w_normie""}",2,UWAGA
P2414746,"Oznaczona lepkość w normie dla oleju klasy SAE 40. Rezerwa alkaliczna w zakresie granicznym. Parametr i-pH obniżony. Temperatura zapłonu w normie. Zawartość wody w normie. Zawartość żelaza znacznie wzrosła od poprzedniego badania. Poziom pozostałych metalicznych produktów zużycia oznaczony w badaniu pierwiastków (cząstki o rozmiarach <5um) w normie. Indeks PQ, informujący o magnetycznych ferrocząstkach (niezależnie od rozmiaru cząstek) w normie. Widmo w podczerwieni mało czytelne ze względu na podwyższoną zawartość sadzy. Własności dyspergujące w normie. Zawartość paliwa w normie.

Zalecenia i wnioski:

Proszę wymienić olej na świeży. Proszę obserwować zmiany w następnej analizie. Wykonać kolejne badanie zgodnie z przyjętym harmonogramem diagnostyki olejowej.","{""lepkość"": ""w_normie"", ""rezerwa_alkaliczna"": ""w_zakresie_granicznym"", ""ph"": ""obniżony"", ""temperatura_zapłonu"": ""w_normie"", ""woda"": ""w_normie"", ""żelazo"": ""podniesiony"", ""metale_zużyciowe"": ""w_normie"", ""pq_indeks"": ""w_normie"", ""sadza"": ""podniesiony"", ""paliwo"": ""w_normie""}",2,UWAGA
P2414778,"Lepkość w zakresie typowym dla klasy SAE 40. Wskaźnik lepkości zgodny z wartością deklarowaną przez producenta oleju.  Temperatura zapłonu na bezpiecznym poziomie. Zawartość dodatków zgodna z posiadaną przez nas referencją oleju świeżego. Liczba zasadowa na bezpiecznym poziomie. Własności dyspergujące w normie. Nie stwierdzono niepokojąco podwyższonej zawartości cząstek zużyciowych. Zawartość stałych zanieczyszczeń na akceptowalnym poziomie. Zawartość wody w normie. Na widmie w podczerwieni nie stwierdzono charakterystycznych pasm świadczących o zanieczyszczeniu oleju płynem chłodniczym. Nie stwierdzono podwyższonej zawartości pierwiastków sugerujących zanieczyszczenie oleju płynem chłodniczym. W badaniu chromatografii gazowej stwierdzono lekko podwyższoną zawartość komponentów ON.





Zalecenia i wnioski:

Oznaczone parametry mieszczą się w akceptowalnych zakresach. Proszę obserwować zmiany w kolejnym badaniu zgodnie z przyjętym harmonogramem. ","{""lepkość"": ""w_normie"", ""temperatura_zapłonu"": ""w_zakresie_bezpiecznym"", ""liczba_zasadowa"": ""w_zakresie_bezpiecznym"", ""zanieczyszczenia_stałe"": ""w_akceptowalnym_zakresie"", ""woda"": ""w_normie"", ""płyn_chłodniczy"": ""brak_wykrycia"", ""olej_napędowy"": ""lekko_podniesiony""}",0,W NORMIE
P2414811,"Oznaczona lepkość lekko obniżona dla oleju klasy SAE 40. Temperatura zapłonu w zakresie akceptowalnym. Liczba zasadowa w normie. Na widmie w podczerwieni nie stwierdzono charakterystycznych zmian świadczących o zanieczyszczeniu oleju płynem chłodniczym. Nie stwierdzono niepokojąco podwyższonej zawartości pierwiastków wskazujących na zanieczyszczenie próbki płynem chłodniczym. Poziom metalicznych produktów zużycia oznaczony w badaniu pierwiastków (cząstki o rozmiarach <5um) w normie. Własności dyspergujące w normie. Zawartość wody w normie. W analizie chromatografii gazowej nie stwierdzono podwyższonej zawartości paliwa.

Wnioski i zalecenia:

Ze względu na lekko obniżoną lepkość zaleca się przysłać kolejną próbkę do badania za około 500 mth. Proszę obserwować zmiany w następnej analizie.","{""lepkość"": ""lekko_obniżony"", ""temperatura_zapłonu"": ""w_akceptowalnym_zakresie"", ""liczba_zasadowa"": ""w_normie"", ""płyn_chłodniczy"": ""brak_wykrycia"", ""metale_zużyciowe"": ""w_normie"", ""woda"": ""w_normie""}",1,UWAGA
P2414823,"Lepkość mieści się w zakresie typowym dla klasy SAE 40. Wskaźnik lepkości jest typowy dla olejów jednosezonowych. Temperatura zapłonu na bezpiecznym poziomie. Liczba zasadowa na wysokim, bezpiecznym poziomie. Własności dyspergujące lekko poniżej oczekiwanych. Zawartość cząstek zużyciowych na akceptowalnym poziomie. Zawartość wody na dopuszczalnym poziomie. Na widmie w podczerwieni nie stwierdzono charakterystycznych zmian świadczących o zanieczyszczeniu oleju płynem chłodniczym. Nie stwierdzono niepokojąco podwyższonej zawartości pierwiastków sugerujących zanieczyszczenie oleju płynem chłodniczym. W badaniu chromatografii gazowej stwierdzono lekko podwyższoną zawartość komponentów ON.





Zalecenia i wnioski:

Oznaczone parametry mieszczą się w akceptowalnych zakresach. Zalecana jest obserwacja zmian w kolejnych badaniach zgodnie z przyjętym harmonogramem diagnostyki.  ","{""lepkość"": ""w_normie"", ""temperatura_zapłonu"": ""w_zakresie_bezpiecznym"", ""liczba_zasadowa"": ""w_zakresie_bezpiecznym"", ""metale_zużyciowe"": ""w_akceptowalnym_zakresie"", ""woda"": ""w_dopuszczalnym_zakresie"", ""płyn_chłodniczy"": ""brak_wykrycia"", ""olej_napędowy"": ""lekko_podniesiony""}",1,W NORMIE
P2414914,"Oznaczona lepkość w zakresie typowym dla klasy SAE 40. Wskaźnik lepkości jest typowy dla olejów wielosezonowych. Liczba zasadowa na bezpiecznym poziomie. Własności dyspergujące w normie. Temperatura zapłonu na akceptowalnym poziomie. Zawartość miedzi znacznie podwyższona, trend rosnący. Poziom pozostałych metalicznych produktów zużycia oznaczony w badaniu pierwiastków (cząstki o rozmiarach <5µm) na dopuszczalnym poziomie. Indeks PQ (informujący o zawartości cząstek ferromagnetycznych niezależnie od rozmiaru) w normie. Na widmie w podczerwieni nie stwierdzono charakterystycznych zmian świadczących o obecności płynu chłodniczego w dostarczonej próbce. Nie stwierdzono niepokojąco podwyższonej zawartości pierwiastków sugerujących zanieczyszczenie oleju płynem chłodniczym. Zawartość wody w normie. W badaniu chromatografii gazowej stwierdzono lekko podwyższoną zawartość komponentów ON. Zawartość stałych zanieczyszczeń w normie.





Wnioski:

Wysoka zawartość miedzi, bez korelacji z zawartością innych metali, sugeruje zaawansowany przebieg procesów pasywacji chłodnicy. Wskazana jest reakcja serwisowa - kontrola stanu układu chłodzenia silnika. Zalecane jest przeprowadzenie wymiany oleju na świeży. Proszę wykonać kolejne badanie po przeprowadzeniu działań korygujących.","{""lepkość"": ""w_normie"", ""liczba_zasadowa"": ""w_zakresie_bezpiecznym"", ""temperatura_zapłonu"": ""w_akceptowalnym_zakresie"", ""miedź"": ""podniesiony"", ""metale_zużyciowe"": ""w_dopuszczalnym_zakresie"", ""pq_indeks"": ""w_normie"", ""płyn_chłodniczy"": ""brak_wykrycia"", ""woda"": ""w_normie"", ""olej_napędowy"": ""lekko_podniesiony"", ""zanieczyszczenia_stałe"": ""w_normie""}",2,UWAGA
P2415187,"Lepkość w zakresie typowym dla klasy SAE 40. Wskaźnik lepkości zgodny z wartością deklarowaną przez producenta oleju. Temperatura zapłonu na bezpiecznym poziomie. Zawartość dodatków zgodna z posiadaną przez nas referencją oleju świeżego. Liczba zasadowa na bezpiecznym poziomie. Własności dyspergujące w normie. Nie stwierdzono niepokojąco podwyższonej zawartości cząstek zużyciowych. Zawartość stałych zanieczyszczeń (oznaczona na sączku membranowym) na dopuszczalnym poziomie. Lekko podwyższona zawartość krzemu. Zawartość wody w normie. Na widmie w podczerwieni nie stwierdzono charakterystycznych pasm świadczących o zanieczyszczeniu oleju płynem chłodniczym. Nie stwierdzono podwyższonej zawartości pierwiastków sugerujących zanieczyszczenie oleju płynem chłodniczym. W badaniu chromatografii gazowej stwierdzono podwyższoną zawartość komponentów ON.





Zalecenia i wnioski:

Oznaczone parametry mieszczą się w akceptowalnych zakresach. Proszę obserwować zmiany w kolejnym badaniu zgodnie z przyjętym harmonogramem. ","{""lepkość"": ""w_normie"", ""temperatura_zapłonu"": ""w_zakresie_bezpiecznym"", ""liczba_zasadowa"": ""w_zakresie_bezpiecznym"", ""zanieczyszczenia_stałe"": ""w_dopuszczalnym_zakresie"", ""własności_filtrujące"": ""w_dopuszczalnym_zakresie"", ""krzem"": ""lekko_podniesiony"", ""woda"": ""w_normie"", ""płyn_chłodniczy"": ""brak_wykrycia"", ""olej_napędowy"": ""podniesiony""}",1,W NORMIE
P2415314,"Lepkość mieści się w zakresie typowym dla klasy SAE 40. Wskaźnik lepkości zgodny z wartością deklarowaną przez producenta oleju. Własności dyspergujące w normie. Temperatura zapłonu w normie. Liczba zasadowa lekko obniżona, mieści się w dopuszczalnym zakresie. Oznaczony pakiet dodatków jest typowy dla oleju Shell Rimula R4L 15W-40. Nie stwierdzono niepokojąco podwyższonej zawartości metalicznych produktów zużycia (oznaczonej w badaniu pierwiastków, cząstki o rozmiarach <5µm). Nie stwierdzono niepokojąco podwyższonej zawartości pierwiastków wskazujących na zanieczyszczenie oleju płynem chłodniczym. Na widmie w podczerwieni nie stwierdzono charakterystycznych zmian świadczących o zanieczyszczeniu oleju płynem chłodniczym, stwierdzono zmiany sugerujące podwyższoną zawartość biokomponentów oleju napędowego. Zawartość wody w normie. W badaniu chromatografii gazowej stwierdzono lekko podwyższoną zawartość komponentów ON.





Zalecenia i wnioski:

Oznaczone parametry mieszczą się w akceptowalnych zakresach. Proszę wykonać kolejne badanie oraz przeprowadzić wymianę oleju na świeży zgodnie z przyjętym harmonogramem.   ","{""lepkość"": ""w_normie"", ""temperatura_zapłonu"": ""w_normie"", ""liczba_zasadowa"": ""lekko_obniżony"", ""płyn_chłodniczy"": ""brak_wykrycia"", ""olej_napędowy"": ""lekko_podniesiony"", ""woda"": ""w_normie""}",0,W NORMIE
P2415315,"Lepkość na granicy zakresu typowego dla klasy SAE 40. Wskaźnik lepkości zgodny z wartością deklarowaną przez producenta oleju. Własności dyspergujące w normie. Temperatura zapłonu na dopuszczalnym poziomie. Liczba zasadowa lekko obniżona, mieści się w dopuszczalnym zakresie. Oznaczony pakiet dodatków jest typowy dla oleju Shell Rimula R4L 15W-40. Nie stwierdzono niepokojąco podwyższonej zawartości metalicznych produktów zużycia (oznaczonej w badaniu pierwiastków, cząstki o rozmiarach <5µm). Nie stwierdzono niepokojąco podwyższonej zawartości pierwiastków wskazujących na zanieczyszczenie oleju płynem chłodniczym. Na widmie w podczerwieni nie stwierdzono charakterystycznych zmian świadczących o zanieczyszczeniu oleju płynem chłodniczym, stwierdzono zmiany sugerujące podwyższoną zawartość biokomponentów oleju napędowego. Zawartość wody w normie. W badaniu chromatografii gazowej stwierdzono lekko podwyższoną zawartość komponentów ON.



Zalecenia i wnioski:

Oznaczone parametry mieszczą się w akceptowalnych zakresach. Proszę wykonać kolejne badanie oraz przeprowadzić wymianę oleju na świeży zgodnie z przyjętym harmonogramem.   ","{""temperatura_zapłonu"": ""w_dopuszczalnym_zakresie"", ""liczba_zasadowa"": ""lekko_obniżony"", ""płyn_chłodniczy"": ""brak_wykrycia"", ""olej_napędowy"": ""lekko_podniesiony"", ""woda"": ""w_normie""}",1,W NORMIE
P2415316,"Lepkość na granicy zakresu typowego dla klasy SAE 40. Wskaźnik lepkości zgodny z wartością deklarowaną przez producenta oleju. Własności dyspergujące w normie. Temperatura zapłonu na dopuszczalnym poziomie. Liczba zasadowa lekko obniżona, mieści się w dopuszczalnym zakresie. Oznaczony pakiet dodatków jest typowy dla oleju Shell Rimula R4L 15W-40. Nie stwierdzono niepokojąco podwyższonej zawartości metalicznych produktów zużycia (oznaczonej w badaniu pierwiastków, cząstki o rozmiarach <5µm). Nie stwierdzono niepokojąco podwyższonej zawartości pierwiastków wskazujących na zanieczyszczenie oleju płynem chłodniczym. Na widmie w podczerwieni nie stwierdzono charakterystycznych zmian świadczących o zanieczyszczeniu oleju płynem chłodniczym, stwierdzono zmiany sugerujące podwyższoną zawartość biokomponentów oleju napędowego. Zawartość wody w normie. W badaniu chromatografii gazowej stwierdzono lekko podwyższoną zawartość komponentów ON.



Zalecenia i wnioski:

Oznaczone parametry mieszczą się w akceptowalnych zakresach. Proszę wykonać kolejne badanie oraz przeprowadzić wymianę oleju na świeży zgodnie z przyjętym harmonogramem.   ","{""temperatura_zapłonu"": ""w_dopuszczalnym_zakresie"", ""liczba_zasadowa"": ""lekko_obniżony"", ""płyn_chłodniczy"": ""brak_wykrycia"", ""olej_napędowy"": ""lekko_podniesiony"", ""woda"": ""w_normie""}",0,W NORMIE
P2415386,"Lepkość mieści się w zakresie typowym dla klasy SAE 30. Wskaźnik lepkości na poziomie oczekiwanym. Temperatura zapłonu na bezpiecznym poziomie. Liczba zasadowa w bezpiecznym zakresie. Nie stwierdzono niepokojąco podwyższonej zawartości pierwiastków wskazujących na zanieczyszczenie oleju płynem chłodniczym. Na widmie w podczerwieni nie stwierdzono charakterystycznych pasm świadczących o obecności płynu chłodniczego w dostarczonej próbce. Zawartość metalicznych produktów zużycia oznaczona w badaniu pierwiastków (cząstki o rozmiarach <5µm) w normie. Zawartość wody w normie. Własności dyspergujące w normie. W badaniu chromatografii gazowej stwierdzono lekko podwyższoną zawartość komponentów ON.



Proszę obserwować zmiany w kolejnym badaniu zgodnie z przyjętym harmonogramem diagnostyki.  ","{""lepkość"": ""w_normie"", ""wskaźnik_lepkości"": ""w_normie"", ""temperatura_zapłonu"": ""w_zakresie_bezpiecznym"", ""liczba_zasadowa"": ""w_zakresie_bezpiecznym"", ""płyn_chłodniczy"": ""brak_wykrycia"", ""metale_zużyciowe"": ""w_normie"", ""woda"": ""w_normie"", ""olej_napędowy"": ""lekko_podniesiony""}",0,W NORMIE
P2415387,"Lepkość mieści się w zakresie typowym dla klasy SAE 30. Wskaźnik lepkości na poziomie oczekiwanym. Temperatura zapłonu na bezpiecznym poziomie. Liczba zasadowa w bezpiecznym zakresie. Nie stwierdzono niepokojąco podwyższonej zawartości pierwiastków wskazujących na zanieczyszczenie oleju płynem chłodniczym. Na widmie w podczerwieni nie stwierdzono charakterystycznych pasm świadczących o obecności płynu chłodniczego w dostarczonej próbce. Zawartość metalicznych produktów zużycia oznaczona w badaniu pierwiastków (cząstki o rozmiarach <5µm) w normie. Zawartość wody w normie. Własności dyspergujące w normie. W badaniu chromatografii gazowej stwierdzono lekko podwyższoną zawartość komponentów ON.



Proszę obserwować zmiany w kolejnym badaniu zgodnie z przyjętym harmonogramem diagnostyki.","{""lepkość"": ""w_normie"", ""wskaźnik_lepkości"": ""w_normie"", ""temperatura_zapłonu"": ""w_zakresie_bezpiecznym"", ""liczba_zasadowa"": ""w_zakresie_bezpiecznym"", ""płyn_chłodniczy"": ""brak_wykrycia"", ""metale_zużyciowe"": ""w_normie"", ""woda"": ""w_normie"", ""olej_napędowy"": ""lekko_podniesiony""}",0,W NORMIE
P2415604,"Oznaczona lepkość w normie dla oleju klasy SAE 40. Temperatura zapłonu lekko obniżona. Liczba zasadowa w normie. Na widmie w podczerwieni nie stwierdzono charakterystycznych zmian świadczących o zanieczyszczeniu oleju płynem chłodniczym. Nie stwierdzono niepokojąco podwyższonej zawartości pierwiastków wskazujących na zanieczyszczenie próbki płynem chłodniczym. Poziom metalicznych produktów zużycia oznaczony w badaniu pierwiastków (cząstki o rozmiarach <5um) w normie. Własności dyspergujące w normie. Zawartość wody w normie. W analizie chromatografii gazowej nie stwierdzono podwyższonej zawartości paliwa.

Zalecenia i wnioski:



Wykonać kolejne badanie zgodnie z przyjętym harmonogramem diagnostyki olejowej.","{""lepkość"": ""w_normie"", ""temperatura_zapłonu"": ""lekko_obniżony"", ""liczba_zasadowa"": ""w_normie"", ""płyn_chłodniczy"": ""brak_wykrycia"", ""metale_zużyciowe"": ""w_normie"", ""woda"": ""w_normie""}",0,W NORMIE
P2415605,"Oznaczona lepkość w normie dla oleju klasy SAE 40. Temperatura zapłonu lekko obniżona. Liczba zasadowa w normie. Na widmie w podczerwieni nie stwierdzono charakterystycznych zmian świadczących o zanieczyszczeniu oleju płynem chłodniczym. Nie stwierdzono niepokojąco podwyższonej zawartości pierwiastków wskazujących na zanieczyszczenie próbki płynem chłodniczym. Poziom metalicznych produktów zużycia oznaczony w badaniu pierwiastków (cząstki o rozmiarach <5um) w normie. Własności dyspergujące w normie. Zawartość wody w normie. W analizie chromatografii gazowej nie stwierdzono podwyższonej zawartości paliwa.

Zalecenia i wnioski:



Wykonać kolejne badanie zgodnie z przyjętym harmonogramem diagnostyki olejowej.","{""lepkość"": ""w_normie"", ""temperatura_zapłonu"": ""lekko_obniżony"", ""liczba_zasadowa"": ""w_normie"", ""płyn_chłodniczy"": ""brak_wykrycia"", ""metale_zużyciowe"": ""w_normie"", ""woda"": ""w_normie""}",0,W NORMIE
P2415606,"Oznaczona lepkość w normie dla oleju klasy SAE 40. Temperatura zapłonu lekko obniżona. Liczba zasadowa w normie. Na widmie w podczerwieni nie stwierdzono charakterystycznych zmian świadczących o zanieczyszczeniu oleju płynem chłodniczym. Nie stwierdzono niepokojąco podwyższonej zawartości pierwiastków wskazujących na zanieczyszczenie próbki płynem chłodniczym. Poziom metalicznych produktów zużycia oznaczony w badaniu pierwiastków (cząstki o rozmiarach <5um) w normie. Własności dyspergujące w normie. Zawartość wody w normie. W analizie chromatografii gazowej nie stwierdzono podwyższonej zawartości paliwa.

Zalecenia i wnioski:



Wykonać kolejne badanie zgodnie z przyjętym harmonogramem diagnostyki olejowej.","{""lepkość"": ""w_normie"", ""temperatura_zapłonu"": ""lekko_obniżony"", ""liczba_zasadowa"": ""w_normie"", ""płyn_chłodniczy"": ""brak_wykrycia"", ""metale_zużyciowe"": ""w_normie"", ""woda"": ""w_normie""}",0,W NORMIE
P2415608,"Oznaczona lepkość w normie dla oleju klasy SAE 40. Temperatura zapłonu lekko obniżona. Liczba zasadowa w normie. Na widmie w podczerwieni nie stwierdzono charakterystycznych zmian świadczących o zanieczyszczeniu oleju płynem chłodniczym. Nie stwierdzono niepokojąco podwyższonej zawartości pierwiastków wskazujących na zanieczyszczenie próbki płynem chłodniczym. Poziom metalicznych produktów zużycia oznaczony w badaniu pierwiastków (cząstki o rozmiarach <5um) w normie. Własności dyspergujące w normie. Zawartość wody w normie. W analizie chromatografii gazowej nie stwierdzono podwyższonej zawartości paliwa.

Zalecenia i wnioski:



Wykonać kolejne badanie zgodnie z przyjętym harmonogramem diagnostyki olejowej.","{""lepkość"": ""w_normie"", ""temperatura_zapłonu"": ""lekko_obniżony"", ""liczba_zasadowa"": ""w_normie"", ""płyn_chłodniczy"": ""brak_wykrycia"", ""metale_zużyciowe"": ""w_normie"", ""woda"": ""w_normie""}",0,W NORMIE
P2415609,"Oznaczona lepkość w normie dla oleju klasy SAE 40. Temperatura zapłonu lekko obniżona. Liczba zasadowa w normie. Na widmie w podczerwieni nie stwierdzono charakterystycznych zmian świadczących o zanieczyszczeniu oleju płynem chłodniczym. Nie stwierdzono niepokojąco podwyższonej zawartości pierwiastków wskazujących na zanieczyszczenie próbki płynem chłodniczym. Poziom metalicznych produktów zużycia oznaczony w badaniu pierwiastków (cząstki o rozmiarach <5um) w normie. Własności dyspergujące w normie. Zawartość wody w normie. W analizie chromatografii gazowej nie stwierdzono podwyższonej zawartości paliwa.

Zalecenia i wnioski:



Wykonać kolejne badanie zgodnie z przyjętym harmonogramem diagnostyki olejowej.","{""lepkość"": ""w_normie"", ""temperatura_zapłonu"": ""lekko_obniżony"", ""liczba_zasadowa"": ""w_normie"", ""płyn_chłodniczy"": ""brak_wykrycia"", ""metale_zużyciowe"": ""w_normie"", ""woda"": ""w_normie""}",0,W NORMIE
P2415611,"Oznaczona lepkość w normie dla oleju klasy SAE 40. Temperatura zapłonu lekko obniżona. Liczba zasadowa w normie. Na widmie w podczerwieni nie stwierdzono charakterystycznych zmian świadczących o zanieczyszczeniu oleju płynem chłodniczym. Nie stwierdzono niepokojąco podwyższonej zawartości pierwiastków wskazujących na zanieczyszczenie próbki płynem chłodniczym. Poziom metalicznych produktów zużycia oznaczony w badaniu pierwiastków (cząstki o rozmiarach <5um) w normie. Własności dyspergujące w normie. Zawartość wody w normie. W analizie chromatografii gazowej nie stwierdzono podwyższonej zawartości paliwa.

Zalecenia i wnioski:



Wykonać kolejne badanie zgodnie z przyjętym harmonogramem diagnostyki olejowej.","{""lepkość"": ""w_normie"", ""temperatura_zapłonu"": ""lekko_obniżony"", ""liczba_zasadowa"": ""w_normie"", ""płyn_chłodniczy"": ""brak_wykrycia"", ""metale_zużyciowe"": ""w_normie"", ""woda"": ""w_normie""}",0,W NORMIE
P2415628,"Lepkość w zakresie typowym dla klasy SAE 40. Wskaźnik lepkości na poziomie oczekiwanym. Oznaczony pakiet dodatków jest typowy dla oleju Superol Falco CD 15W-40. Temperatura zapłonu na bezpiecznym poziomie.  Na widmie w podczerwieni nie stwierdzono charakterystycznych pasm świadczących o obecności płynu chłodniczego w dostarczonej próbce. Nie stwierdzono niepokojąco podwyższonej zawartości pierwiastków wskazujących na zanieczyszczenie oleju płynem chłodniczym. Zawartość metalicznych produktów zużycia oznaczona w badaniu pierwiastków (cząstki o rozmiarach <5µm) w normie.  Zawartość wody w normie. Własności dyspergujące w normie. W badaniu chromatografii gazowej stwierdzono lekko podwyższoną zawartość komponentów ON.



Zalecenia i wnioski:

Olej kwalifikuje się do dalszej eksploatacji. Proszę obserwować zmiany w kolejnym badaniu zgodnie z przyjętym harmonogramem diagnostyki. ","{""lepkość"": ""w_normie"", ""wskaźnik_lepkości"": ""w_normie"", ""temperatura_zapłonu"": ""w_zakresie_bezpiecznym"", ""płyn_chłodniczy"": ""brak_wykrycia"", ""metale_zużyciowe"": ""w_normie"", ""woda"": ""w_normie"", ""olej_napędowy"": ""lekko_podniesiony""}",0,W NORMIE
P2415948,"Lepkość w zakresie typowym dla klasy SAE 30. Wskaźnik lepkości na poziomie oczekiwanym. Temperatura zapłonu na dopuszczalnym poziomie. Wzajemna relacja liczby zasadowej i liczby kwasowej świadczy o rezerwie alkalicznej na bezpiecznym poziomie. Zawartość pierwiastków zużyciowych na dopuszczalnym poziomie. Lekko podwyższona zawartość potasu, trend malejący - prawdopodobnie jest to pochodna zanieczyszczenia oleju płynem chłodniczym. Na widmie w podczerwieni nie stwierdzono charakterystycznych zmian świadczących o zanieczyszczeniu oleju płynem chłodniczym. Zawartość wody w normie. W badaniu chromatografii gazowej nie stwierdzono niepokojąco podwyższonej zawartości komponentów ON. Własności dyspergujące w normie.



Proszę obserwować zmiany w kolejnej analizie zgodnie z przyjętym harmonogramem diagnostyki.","{""lepkość"": ""w_normie"", ""wskaźnik_lepkości"": ""w_normie"", ""temperatura_zapłonu"": ""w_dopuszczalnym_zakresie"", ""liczba_kwasowa"": ""w_zakresie_bezpiecznym"", ""liczba_zasadowa"": ""w_zakresie_bezpiecznym"", ""metale_zużyciowe"": ""w_dopuszczalnym_zakresie"", ""płyn_chłodniczy"": ""lekko_podniesiony"", ""potas"": ""lekko_podniesiony"", ""woda"": ""w_normie"", ""olej_napędowy"": ""brak_wykrycia""}",1,W NORMIE
P2415949,"Lepkość w zakresie granicznym klasy SAE 40. Wskaźnik lepkości na poziomie oczekiwanym. Temperatura zapłonu na bezpiecznym poziomie. Wzajemna relacja liczby zasadowej i liczby kwasowej świadczy o rezerwie alkalicznej na bezpiecznym poziomie. Nie stwierdzono niepokojąco podwyżsoznej zawartości pierwiastków zużyciowych. Nie stwierdzono niepokojąco podwyższonej zawartości pierwiastków typowych dla zanieczyszczenia oleju płynem chłodniczym. Na widmie w podczerwieni nie stwierdzono charakterystycznych zmian świadczących o zanieczyszczeniu oleju płynem chłodniczym. Zawartość wody w normie. W badaniu chromatografii gazowej stwierdzono lekko podwyższoną zawartość komponentów ON. Własności dyspergujące w normie.

Proszę obserwować zmiany w kolejnej analizie zgodnie z przyjętym harmonogramem diagnostyki.","{""lepkość"": ""w_normie"", ""wskaźnik_lepkości"": ""w_normie"", ""temperatura_zapłonu"": ""w_zakresie_bezpiecznym"", ""liczba_kwasowa"": ""w_zakresie_bezpiecznym"", ""liczba_zasadowa"": ""w_zakresie_bezpiecznym"", ""płyn_chłodniczy"": ""brak_wykrycia"", ""woda"": ""w_normie"", ""olej_napędowy"": ""lekko_podniesiony""}",0,W NORMIE
P2415953,"Lepkość w zakresie typowym dla klasy SAE 30. Wskaźnik lepkości na poziomie oczekiwanym. Temperatura zapłonu na dopuszczalnym poziomie. Wzajemna relacja liczby zasadowej i liczby kwasowej świadczy o rezerwie alkalicznej na bezpiecznym poziomie. Zawartość pierwiastków zużyciowych na dopuszczalnym poziomie. Lekko podwyższona zawartość potasu, trend malejący - prawdopodobnie jest to pochodna zanieczyszczenia oleju płynem chłodniczym. Na widmie w podczerwieni nie stwierdzono charakterystycznych zmian świadczących o zanieczyszczeniu oleju płynem chłodniczym. Zawartość wody w normie. W badaniu chromatografii gazowej stwierdzono podwyższoną zawartość komponentów ON. Własności dyspergujące w normie.



Proszę obserwować zmiany w kolejnej analizie zgodnie z przyjętym harmonogramem diagnostyki.","{""lepkość"": ""w_normie"", ""wskaźnik_lepkości"": ""w_normie"", ""temperatura_zapłonu"": ""w_dopuszczalnym_zakresie"", ""liczba_kwasowa"": ""w_zakresie_bezpiecznym"", ""liczba_zasadowa"": ""w_zakresie_bezpiecznym"", ""metale_zużyciowe"": ""w_dopuszczalnym_zakresie"", ""płyn_chłodniczy"": ""lekko_podniesiony"", ""potas"": ""lekko_podniesiony"", ""woda"": ""w_normie"", ""olej_napędowy"": ""podniesiony""}",1,W NORMIE
P2415963,"Oznaczona lepkość w zakresie typowym dla klasy SAE 40. Wskaźnik lepkości na poziomie oczekiwanym dla oleju jednosezonowego. Wzajemna relacja liczby kwasowej i zasadowej świadczy o rezerwie alkalicznej na bezpiecznym poziomie. Własności dyspergujące lekko pogorszone. Temperatura zapłonu w normie. Zawartość wody w normie. Indeks PQ, informujący o zawartości cząstek ferromagnetycznych (niezależnie od rozmiaru), w normie. Zawartość cząstek zużyciowych oznaczona w badaniu pierwiastków (cząstki <5µm) na dopuszczalnym poziomie. Na widmie w podczerwieni nie stwierdzono zmian świadczących o zanieczyszczeniu oleju płynem chłodniczym. Lekko podwyższona zawartość boru, trend stabilny - może wskazywać na pochodną zanieczyszczenia oleju płynem chłodniczym. W badaniu chromatografii gazowej stwierdzono podwyższoną zawartość komponentów ON.  





Zalecenia i wnioski:

Proszę obserwować zmiany w kolejnym badaniu zgodnie z przyjętym harmonogramem diagnostyki olejowej.","{""lepkość"": ""w_normie"", ""wskaźnik_lepkości"": ""w_normie"", ""liczba_kwasowa"": ""w_zakresie_bezpiecznym"", ""temperatura_zapłonu"": ""w_normie"", ""woda"": ""w_normie"", ""pq_indeks"": ""w_normie"", ""metale_zużyciowe"": ""w_dopuszczalnym_zakresie"", ""płyn_chłodniczy"": ""lekko_podniesiony"", ""bor"": ""lekko_podniesiony"", ""olej_napędowy"": ""podniesiony""}",0,W NORMIE
P2416134,"Lepkość w zakresie typowym dla klasy SAE 40. Wskaźnik lepkości powyżej poziomu oczekiwanego. Wzajemna korelacja liczby zasadowej i liczby kwasowej świadczy o rezerwie alkalicznej na bezpiecznym poziomie. Własności dyspergujące w normie.  Temperatura zapłonu na bezpiecznym poziomie. Zawartość wody na dopuszczalnym poziomie. Na widmie w podczerwieni nie stwierdzono charakterystycznych zmian świadczących o zanieczyszczeniu oleju płynem chłodniczym lub wodą. Podwyższona zawartość miedzi oraz ołowiu, lekko podwyższona zawartość żelaza. Zawartość pozostałych oznaczonych pierwiastków zużyciowych w normie. W badaniu chromatografii gazowej stwierdzono podwyższoną zawartość komponentów ON.







Zalecenia i wnioski:

Ze względu na wysoką zawartość cząstek zyżyciowych wskazana jest wymiana oleju na świeży. Proszę wykonać kolejne badanie po przeprowadzeniu działań korygujących.","{""lepkość"": ""w_normie"", ""liczba_kwasowa"": ""w_zakresie_bezpiecznym"", ""liczba_zasadowa"": ""w_zakresie_bezpiecznym"", ""temperatura_zapłonu"": ""w_zakresie_bezpiecznym"", ""woda"": ""w_dopuszczalnym_zakresie"", ""płyn_chłodniczy"": ""brak_wykrycia"", ""żelazo"": ""lekko_podniesiony"", ""miedź"": ""lekko_podniesiony"", ""ołów"": ""lekko_podniesiony"", ""metale_zużyciowe"": ""w_normie"", ""olej_napędowy"": ""podniesiony""}",2,UWAGA
P2416398,"Własności reologiczne (lepkość oraz wskaźnik lepkości) w normie. Zawartość dodatków uszlachetniających oznaczonych w badaniu pierwiastków zgodna z próbką referencyjną w naszej bazie danych. Zawartość popiołu siarczanowego w normie. Klasa czystości pogorszona, jednak jest to normalne zjawisko dla tego typu aplikacji. Rezerwa alkaliczna (wzajemny stosunek liczby zasadowej i kwasowej) na bezpiecznym poziomie. Wartość i-pH w normie. Własności dyspergujące w normie. Zawartość wody w normie. Poziom metalicznych produktów zużycia oznaczony w badaniu pierwiastków (cząstki o rozmiarze <5 mikronów) w normie.

Wnioski i zalecenia:

Olej kwalifikuje się do dalszej eksploatacji. Przeprowadzić kolejne badanie zgodnie z harmonogramem diagnostyki olejowej. Proszę obserwować zmiany w następnej analizie. ","{""lepkość"": ""w_normie"", ""wskaźnik_lepkości"": ""w_normie"", ""klasa_czystości"": ""pogorszony"", ""liczba_zasadowa"": ""w_zakresie_bezpiecznym"", ""rezerwa_alkaliczna"": ""w_zakresie_bezpiecznym"", ""ph"": ""w_normie"", ""woda"": ""w_normie"", ""metale_zużyciowe"": ""w_normie""}",0,W NORMIE
P2416399,"Własności reologiczne (lepkość oraz wskaźnik lepkości) w normie. Zawartość dodatków uszlachetniających oznaczonych w badaniu pierwiastków zgodna z próbką referencyjną w naszej bazie danych. Zawartość popiołu siarczanowego w normie. Klasa czystości pogorszona, jednak jest to normalne zjawisko dla tego typu aplikacji. Rezerwa alkaliczna (wzajemny stosunek liczby zasadowej i kwasowej) na bezpiecznym poziomie. Wartość i-pH w normie. Własności dyspergujące w normie. Zawartość wody w normie. Poziom metalicznych produktów zużycia oznaczony w badaniu pierwiastków (cząstki o rozmiarze <5 mikronów) w normie.

Wnioski i zalecenia:

Olej kwalifikuje się do dalszej eksploatacji. Przeprowadzić kolejne badanie zgodnie z harmonogramem diagnostyki olejowej. Proszę obserwować zmiany w następnej analizie. ","{""lepkość"": ""w_normie"", ""wskaźnik_lepkości"": ""w_normie"", ""klasa_czystości"": ""pogorszony"", ""liczba_zasadowa"": ""w_zakresie_bezpiecznym"", ""rezerwa_alkaliczna"": ""w_zakresie_bezpiecznym"", ""ph"": ""w_normie"", ""woda"": ""w_normie"", ""metale_zużyciowe"": ""w_normie""}",0,W NORMIE
P2416423,"Lepkość w zakresie typowym klasy SAE 40. Temperatura zapłonu na bezpiecznym poziomie. Liczba zasadowa na wysokim, bezpiecznym poziomie. Własności dyspergujące w normie. Zawartość cząstek zużyciowych na dopuszczalnym poziomie. Zawartość stałych zanieczyszczeń w normie. Zawartość wody w normie. Na widmie w podczerwieni nie stwierdzono charakterystycznych pasm świadczących o zanieczyszczeniu oleju płynem chłodniczym. Nie stwierdzono niepokojąco podwyższonej zawartości pierwiastków wskazujących na zanieczyszczenie oleju płynem chłodniczym. W badaniu chromatografii gazowej stwierdzono lekko podwyższoną zawartość komponentów ON. 







Zalecenia i wnioski:

Olej kwalifikuje się do dalszej eksploatacji. Proszę obserwować zmiany w kolejnym badaniu zgodnie z przyjętym harmonogramem diagnostyki.  ","{""lepkość"": ""w_normie"", ""temperatura_zapłonu"": ""w_zakresie_bezpiecznym"", ""liczba_zasadowa"": ""w_zakresie_bezpiecznym"", ""metale_zużyciowe"": ""w_dopuszczalnym_zakresie"", ""zanieczyszczenia_stałe"": ""w_normie"", ""woda"": ""w_normie"", ""płyn_chłodniczy"": ""brak_wykrycia"", ""olej_napędowy"": ""lekko_podniesiony""}",0,W NORMIE
P2416425,"Lepkość w zakresie granicznym klasy SAE 40. Temperatura zapłonu na bezpiecznym poziomie. Liczba zasadowa na wysokim, bezpiecznym poziomie. Własności dyspergujące w normie. Zawartość cząstek zużyciowych na dopuszczalnym poziomie, nie stwierdzono znaczącego przyrostu zawartości w porównaniu do poprzedniej analizy. Zawartość stałych zanieczyszczeń na akceptowalnym poziomie. Zawartość wody w normie. Na widmie w podczerwieni nie stwierdzono charakterystycznych pasm świadczących o zanieczyszczeniu oleju płynem chłodniczym. Nie stwierdzono niepokojąco podwyższonej zawartości pierwiastków wskazujących na zanieczyszczenie oleju płynem chłodniczym. W badaniu chromatografii gazowej stwierdzono podwyższoną zawartość komponentów ON. 





Zalecenia i wnioski:

Olej kwalifikuje się do dalszej eksploatacji. Proszę obserwować zmiany w kolejnym badaniu zgodnie z przyjętym harmonogramem diagnostyki.  ","{""lepkość"": ""w_zakresie_granicznym"", ""temperatura_zapłonu"": ""w_zakresie_bezpiecznym"", ""liczba_zasadowa"": ""w_zakresie_bezpiecznym"", ""zanieczyszczenia_stałe"": ""w_akceptowalnym_zakresie"", ""woda"": ""w_normie"", ""płyn_chłodniczy"": ""brak_wykrycia"", ""olej_napędowy"": ""podniesiony""}",1,W NORMIE
P2416590,"Lepkość w 100°C w zakresie typowym dla klasy SAE 40. Lepkość w 50°C w normie. Wskaźnik lepkości poniżej wartości oczekiwanej. Liczba zasadowa na bezpiecznym poziomie. Własności dyspergujące w normie. Temperatura zapłonu na wysokim, bezpiecznym poziomie. Na widmie w podczerwieni nie stwierdzono charakterystycznych zmian świadczących o zanieczyszczeniu oleju płynem chłodniczym. Nie stwierdzono niepokojąco podwyższonej zawartości pierwiastków typowych dla zanieczyszczenia oleju płynem chłodniczym. Zawartość wody w normie. Zawartość pierwiastków zużyciowych wzrosła lekko w porównaniu do poprzedniego badania, mieści się w dopuszczalnym zakresie.  W badaniu chromatografii gazowej stwierdzono lekko podwyższoną zawartość komponentów ON.



Zalecenia i wnioski:

Oznaczone parametry mieszczą się w dopuszczalnych zakresach. Proszę obserwować zmiany w kolejnym badaniu zgodnie z przyjętym harmonogramem diagnostyki. ","{""lepkość"": ""w_normie"", ""liczba_zasadowa"": ""w_zakresie_bezpiecznym"", ""temperatura_zapłonu"": ""w_zakresie_bezpiecznym"", ""płyn_chłodniczy"": ""brak_wykrycia"", ""woda"": ""w_normie"", ""metale_zużyciowe"": ""podniesiony"", ""olej_napędowy"": ""lekko_podniesiony""}",0,W NORMIE
P2416602,"Oznaczona lepkość w normie dla oleju klasy SAE 40. Temperatura zapłonu w normie. Liczba zasadowa w normie. Na widmie w podczerwieni nie stwierdzono charakterystycznych zmian świadczących o zanieczyszczeniu oleju płynem chłodniczym. Nie stwierdzono niepokojąco podwyższonej zawartości pierwiastków wskazujących na zanieczyszczenie próbki płynem chłodniczym. Zawartość krzemu lekko podniesiona, może być związane z przedostawaniem się zanieczyszczeń z zewnątrz (kurz/pył). Poziom metalicznych produktów zużycia oznaczony w badaniu pierwiastków (cząstki o rozmiarach <5um) w normie. Własności dyspergujące w normie. Zawartość wody w normie. W analizie chromatografii gazowej nie stwierdzono podwyższonej zawartości paliwa.

Wnioski i zalecenia:

Przeprowadzić kolejne badanie zgodnie z harmonogramem diagnostyki olejowej. Proszę obserwować zmiany w następnej analizie. ","{""lepkość"": ""w_normie"", ""temperatura_zapłonu"": ""w_normie"", ""liczba_zasadowa"": ""w_normie"", ""płyn_chłodniczy"": ""brak_wykrycia"", ""krzem"": ""lekko_podniesiony"", ""metale_zużyciowe"": ""w_normie"", ""woda"": ""w_normie""}",2,W NORMIE
P2416625,"Lepkość mieści się w zakresie typowym dla klasy SAE 40. Wskaźnik lepkości lekko poniżej wartości oczekiwanej. Temperatura zapłonu na bezpiecznym poziomie. Liczba zasadowa na wysokim, bezpiecznym poziomie. Oznaczony pakiet dodatków oraz widmo w podczerwieni odbiegają od posiadanej przez nas referencji oleju świeżego Shell Rimula R4 X 15W-40. Na widmie w podczerwieni nie stwierdzono charakterystycznych zmian świadczących o zanieczyszczeniu oleju płynem chłodniczym. Nie stwierdzono niepokojąco podwyższonej zawartości pierwiastków typowych dla zanieczyszczenia oleju płynem chłodniczym. Zawartość wody w normie. Zawartość pierwiastków zużyciowych na dopuszczalnym poziomie. W badaniu chromatografii gazowej stwierdzono lekko podwyższoną zawartość komponentów ON. Własności dyspergujące w normie.



Zalecenia i wnioski:

Wyniki przeprowadzonych badań sugerują, że w eksploatacji jest olej innego typu niż Shell Rimula R4 X 15W-40 lub mieszanina olejów różnych typów. W przeprowadzonych badaniach nie stwierdzono negatywnego wpływu oleju na stan układu. Proszę obserwować zmiany w kolejnym badaniu zgodnie z przyjętym harmonogramem diagnostyki.","{""lepkość"": ""w_normie"", ""temperatura_zapłonu"": ""w_zakresie_bezpiecznym"", ""liczba_zasadowa"": ""w_zakresie_bezpiecznym"", ""płyn_chłodniczy"": ""brak_wykrycia"", ""woda"": ""w_normie"", ""metale_zużyciowe"": ""w_dopuszczalnym_zakresie"", ""olej_napędowy"": ""lekko_podniesiony""}",0,W NORMIE
P2416861,"Lepkość w zakresie typowym dla klasy SAE 40. Wskaźnik lepkości jest typowy dla oleju wielosezonowego. Liczba zasadowa na wysokim, bezpiecznym poziomie. Własności dyspergujące lekko pogorszone. Temperatura zapłonu na bezpiecznym poziomie. Oznaczony pakiet dodatków jest typowy dla oleju Lotos Diesel Classic CF-4 SAE 15W-40. Zawartość cząstek zużyciowych wzrosła jedynie nieznacznie w porównaniu do poprzedniego badania, mieści się w dopuszczalnym zakresie. Na widmie w podczerwieni nie stwierdzono charakterystycznych zmian świadczących o zanieczyszczeniu oleju płynem chłodniczym. Nie stwierdzono niepokojąco podwyższonej zawartości pierwiastków wskazujących na zanieczyszczenie oleju płynem chłodniczym. Zawartość wody w zakresie granicznym. W badaniu chromatografii gazowej stwierdzono podwyższoną zawartość komponentów ON.



Zalecenia i wnioski:

Oznaczone parametry mieszczą się w akceptowalnych zakresach. Proszę obserwować zmiany w kolejnym badaniu zgodnie z przyjętym harmonogramem diagnostyki.  ","{""lepkość"": ""w_normie"", ""liczba_zasadowa"": ""w_zakresie_bezpiecznym"", ""temperatura_zapłonu"": ""w_zakresie_bezpiecznym"", ""metale_zużyciowe"": ""podniesiony"", ""płyn_chłodniczy"": ""brak_wykrycia"", ""woda"": ""w_zakresie_granicznym"", ""olej_napędowy"": ""podniesiony""}",0,W NORMIE
P2417266,"Lepkość mieści się w zakresie typowym dla klasy SAE 40. Wskaźnik lepkości na poziomie typowym dla oleju wielosezonowego. Liczba zasadowa na bezpiecznym poziomie. Własności dyspergujące w normie. Temperatura zapłonu na bezpiecznym poziomie. Zawartość cząstek zużyciowych mieści się w dopuszczalnym zakresie. Na widmie w podczerwieni nie stwierdzono charakterystycznych pasm świadczących o zanieczyszczeniu oleju płynem chłodniczym. Nie stwierdzono niepokojąco podwyższonej zawartości pierwiastków wskazujących na zanieczyszczenie oleju płynem chłodniczym. Zawartość wody w normie. W analizie chromatografii gazowej stwierdzono lekko podwyższoną zawartość komponentów ON. 





Zalecenia i wnioski:

Oznaczone parametry mieszczą się w dopuszczalnych zakresach. Proszę obserwować zmiany w kolejnym badaniu zgodnie z przyjętym harmonogramem.   ","{""lepkość"": ""w_normie"", ""wskaźnik_lepkości"": ""w_normie"", ""liczba_zasadowa"": ""w_zakresie_bezpiecznym"", ""temperatura_zapłonu"": ""w_zakresie_bezpiecznym"", ""metale_zużyciowe"": ""w_dopuszczalnym_zakresie"", ""płyn_chłodniczy"": ""brak_wykrycia"", ""woda"": ""w_normie"", ""olej_napędowy"": ""lekko_podniesiony""}",0,W NORMIE
P2417303,"Lepkość mieści się w zakresie typowym dla klasy SAE 40. Wskaźnik lepkości na poziomie typowym dla oleju wielosezonowego. Temperatura zapłonu na bezpiecznym poziomie. Zawartość cząstek zużyciowych wzrosła lekko w porównaniu do poprzedniej analizy, mieści się w dopuszczalnym zakresie. Na widmie w podczerwieni nie stwierdzono charakterystycznych pasm świadczących o zanieczyszczeniu oleju płynem chłodniczym. Nie stwierdzono podwyższonej zawartości pierwiastków wskazujących na zanieczyszczenie oleju płynem chłodniczym. Zawartość wody na dopuszczalnym poziomie. Liczba zasadowa na bezpiecznym poziomie. Własności dyspergujące w normie. W badaniu chromatografii gazowej stwierdzono lekko podwyższoną zawartość komponentów ON.  





Zalecenia i wnioski:

Oznaczone parametry mieszczą się w dopuszczalnych zakresach. Proszę obserwować zmiany w kolejnym badaniu zgodnie z przyjętym harmonogramem. ","{""lepkość"": ""w_normie"", ""wskaźnik_lepkości"": ""w_normie"", ""temperatura_zapłonu"": ""w_zakresie_bezpiecznym"", ""metale_zużyciowe"": ""podniesiony"", ""płyn_chłodniczy"": ""brak_wykrycia"", ""woda"": ""w_dopuszczalnym_zakresie"", ""liczba_zasadowa"": ""w_zakresie_bezpiecznym"", ""olej_napędowy"": ""lekko_podniesiony""}",0,W NORMIE
P2417410,"Lepkość mieści się w zakresie typowym dla klasy SAE 40. Wskaźnik lepkości na poziomie typowym dla oleju wielosezonowego. Liczba zasadowa na wysokim, bezpiecznym poziomie. Własności dyspergujące w normie. Temperatura zapłonu na bezpiecznym poziomie. Zawartość cząstek zużyciowych wzrosła lekko w porównaniu do poprzedniego badania, mieści się w dopuszczalnym zakresie. Na widmie w podczerwieni nie stwierdzono charakterystycznych pasm świadczących o zanieczyszczeniu oleju płynem chłodniczym. Nie stwierdzono niepokojąco podwyższonej zawartości pierwiastków sugerujących zanieczyszczenie oleju płynem chłodniczym. Zawartość wody w normie. W analizie chromatografii gazowej stwierdzono lekko podwyższoną zawartość komponentów ON.  

Zalecenia i wnioski:

Olej kwalifikuje się do dalszej eksploatacji. Zalecana jest obserwacja zmian w kolejnym badaniu zgodnie z przyjętym harmonogramem diagnostyki.","{""lepkość"": ""w_normie"", ""wskaźnik_lepkości"": ""w_normie"", ""liczba_zasadowa"": ""w_zakresie_bezpiecznym"", ""temperatura_zapłonu"": ""w_zakresie_bezpiecznym"", ""metale_zużyciowe"": ""podniesiony"", ""płyn_chłodniczy"": ""brak_wykrycia"", ""woda"": ""w_normie"", ""olej_napędowy"": ""lekko_podniesiony""}",0,W NORMIE
P2417529,"Lepkość mieści się w zakresie typowym dla klasy SAE 40. Wskaźnik lepkości jest typowy dla olejów wielosezonowych. Temperatura zapłonu na akceptowalnym poziomie. Własności dyspergujące w normie. Liczba zasadowa na wysokim bezpiecznym poziomie. Znacznie podwyższona zawartość miedzi oznaczona w badaniu pierwiastków (cząstki <5µm), trend rosnący - wskazuje na intensywny przebieg procesów pasywacji chłodnicy. Zawartość pozostałych oznaczonych pierwiastków zużyciowych na dopuszczalnym poziomie. Zawartość stałych zanieczyszczeń na dopuszczalnym poziomie. Zawartość wody w normie. Na widmie w podczerwieni stwierdzono charakterystyczne pasma sugerujące obecność wody lub płynu chłodniczego w dostarczonej próbce. Podwyższona zawartość potasu, sodu oraz boru - pierwiastków typowych dla inhibitorów antykorozyjnych płynów chłodniczych. W badaniu chromatografii gazowej stwierdzono lekko podwyższoną zawartość komponentów ON.





Zalecenia i wnioski:

Wskazana jest reakcja serwisowa - inspekcja układu chłodzenia ukierunkowana na identyfikację zaistniałej korozji. Proszę wykonać kolejne badanie po przeprowadzeniu działań korygujących. ","{""lepkość"": ""w_normie"", ""temperatura_zapłonu"": ""w_akceptowalnym_zakresie"", ""liczba_zasadowa"": ""w_zakresie_bezpiecznym"", ""miedź"": ""podniesiony"", ""metale_zużyciowe"": ""w_dopuszczalnym_zakresie"", ""zanieczyszczenia_stałe"": ""w_dopuszczalnym_zakresie"", ""woda"": ""w_normie"", ""płyn_chłodniczy"": ""podniesiony"", ""sód"": ""podniesiony"", ""potas"": ""podniesiony"", ""bor"": ""podniesiony"", ""olej_napędowy"": ""lekko_podniesiony""}",2,UWAGA
P2417798,"Lepkość w zakresie typowym dla klasy SAE 40. Wskaźnik lepkości zgodny z wartością deklarowaną przez producenta oleju. Temperatura zapłonu na wysokim, bezpiecznym poziomie. Zawartość dodatków dobrze koreluje z posiadaną przez nas referencją oleju świeżego. Liczba zasadowa na bezpiecznym poziomie. Własności dyspergujące w normie. Na widmie w podczerwieni nie stwierdzono charakterystycznych zmian świadczących o zanieczyszczeniu oleju płynem chłodniczym. Nie stwierdzono niepokojąco podwyższonej zawartości pierwiastków wskazujących na zanieczyszczenie próbki płynem chłodniczym. Zawartość wody w normie. Zawartość stałych zanieczyszczeń w normie. W porównaniu do poprzedniej analizy nie stwierdzono przyrostu zawartości cząstek zużyciowych. W badaniu chromatografii gazowej stwierdzono lekko podwyższoną zawartość komponentów ON. 



Zalecenia i wnioski:

Oznaczone parametry mieszczą się w dopuszczalnych zakresach. Proszę obserwować zmiany w kolejnym badaniu zgodnie z przyjętym harmonogramem diagnostyki.   ","{""lepkość"": ""w_normie"", ""temperatura_zapłonu"": ""w_zakresie_bezpiecznym"", ""liczba_zasadowa"": ""w_zakresie_bezpiecznym"", ""płyn_chłodniczy"": ""brak_wykrycia"", ""woda"": ""w_normie"", ""zanieczyszczenia_stałe"": ""w_normie"", ""olej_napędowy"": ""lekko_podniesiony""}",0,W NORMIE
P2417801,"Widmo w podczerwieni świadczy o krytycznym zanieczyszczeniu oleju sadzą. Oznaczona lepkość znacznie zawyżona ze względu na zanieczyszczenie oleju. Temperatura zapłonu na wysokim, bezpiecznym poziomie. W naszej bazie danych nie posiadamy referencji oleju świeżego Urania Turbo LD 15W-40, z tego powodu niemożliwe jest przedstawienie precyzyjnego komentarza dotyczącego oznaczonej zawartości dodatków. Liczba zasadowa na bezpiecznym poziomie. Własności dyspergujące pogorszone. Zawartość wody w normie. Zawartość stałych zanieczyszczeń (oznaczona metodą wagową na sączku membranowym) podwyższona. Zawartość żelaza i miedzi (oznaczona w badaniu pierwiastków, cząstki <5µm) podwyższona. Zawartość pozostałych oznaczonych pierwiastków zużyciowych w normie. Indeks PQ (informujący o zawartości cząstek ferromagnetycznych bez względu na rozmiar) lekko podwyższony.  W badaniu chromatografii gazowej nie stwierdzono podwyższonej zawartości komponentów ON.  



Zalecenia i wnioski:

Olej nie kwalifikuje się do dalszej eksploatacji. Wskazana jest reakcja serwisowa - ustalenie przyczyny generowania nadmiernej ilości sadzy. Proszę wykonać kolejne badanie po przeprowadzeniu działań naprawczych.  ","{""temperatura_zapłonu"": ""w_zakresie_bezpiecznym"", ""liczba_zasadowa"": ""w_zakresie_bezpiecznym"", ""woda"": ""w_normie"", ""zanieczyszczenia_stałe"": ""podniesiony"", ""własności_filtrujące"": ""podniesiony"", ""żelazo"": ""podniesiony"", ""miedź"": ""podniesiony"", ""metale_zużyciowe"": ""w_normie"", ""pq_indeks"": ""lekko_podniesiony"", ""olej_napędowy"": ""brak_wykrycia""}",2,UWAGA
P2417901,"Oznaczona lepkość powyżej zakresu typowego dla klasy SAE 40. Wskaźnik lepkości powyżej zakresu oczekiwanego. Liczba zasadowa na bezpiecznym poziomie. własności dyspergujące lekko pogorszone. Temperatura zapłonu obniżona. Zawartość miedzi oznaczona w badaniu pierwiastków (cząstki o rozmiarach <5µm) podwyższona, trend rosnący. Zawartość pozostałych oznaczonych pierwiastków zużyciowych w normie. Podwyższona zawartość sodu oraz molibdenu wskazuje na zanieczyszczenie oleju płynem chłodniczym. Na widmie w podczerwieni stwierdzono charakterystyczne pasma świadczące o obecności płynu chłodniczego w dostarczonej próbce. Zawartość wody na akceptowalnym poziomie. W badaniu chromatografii gazowej stwierdzono lekko podwyższoną zawartość komponentów ON.



Zalecenia i wnioski:

Olej nie kwalifikuje się do dalszej eksploatacji. Wskazana jest kontrola stanu układu chłodzenia silnika. Proszę wykonać kolejne badanie po przeprowadzeniu działań korygujących.","{""liczba_zasadowa"": ""w_zakresie_bezpiecznym"", ""temperatura_zapłonu"": ""obniżony"", ""miedź"": ""podniesiony"", ""metale_zużyciowe"": ""w_normie"", ""płyn_chłodniczy"": ""podniesiony"", ""sód"": ""podniesiony"", ""woda"": ""w_akceptowalnym_zakresie"", ""olej_napędowy"": ""lekko_podniesiony""}",2,UWAGA
P2417985,"Lepkość w zakresie typowym dla klasy SAE 40. Rezerwa alkaliczna na bezpiecznym poziomie. Parametr i-pH na niskim  poziomie. Temperatura zapłonu w normie. Zawartość wody w normie. Podwyższona zawartość miedzi, żelaza oraz glinu oznaczona w badaniu pierwiastków (cząstki o rozmiarach <5um). Zawartość pozostałych oznaczonych pierwiastków zużyciowych oraz indeks PQ, informujący o zawartości cząstek ferromagnetycznych (niezależnie od rozmiaru cząstek), na akceptowalnym poziomie. Podwyższona zawartość pierwiastków typowych dla zanieczyszczenia oleju płynem chłodniczym. Czytelność widma w podczerwieni pogorszona ze względu na zawartość sadzy. Własności dyspergujące w normie, jednak stwierdzono podwyższony indeks zanieczyszczeń. Zawartość komponentów ON oznaczona w badaniu chromatografii gazowej na dopuszczalnym poziomie.



Zalecenia i wnioski:



Olej nie kwalifikuje się do dalszej eksploatacji. Wskazana jest kontrola stanu układu chłodzenia silnika. Proszę przeprowadzić kolejne badanie po wykonaniu czynności korygujących. ","{""lepkość"": ""w_normie"", ""rezerwa_alkaliczna"": ""w_zakresie_bezpiecznym"", ""ph"": ""obniżony"", ""temperatura_zapłonu"": ""w_normie"", ""woda"": ""w_normie"", ""żelazo"": ""podniesiony"", ""miedź"": ""podniesiony"", ""glin"": ""podniesiony"", ""pq_indeks"": ""w_akceptowalnym_zakresie"", ""metale_zużyciowe"": ""w_akceptowalnym_zakresie"", ""płyn_chłodniczy"": ""podniesiony"", ""sadza"": ""pogorszony"", ""olej_napędowy"": ""w_dopuszczalnym_zakresie""}",2,UWAGA
P2418064,"Lepkość w zakresie typowym dla klasy SAE 40. Wskaźnik lepkości mieści się w zakresie oczekiwanym dla oleju jednosezonowego. Liczba zasadowa na wysokim, bezpiecznym poziomie. Własności dyspergujące w normie. Temperatura zapłonu na wysokim, bezpiecznym poziomie. Zawartość miedzi lekko podwyższona, nie stwierdzono przyrostu zawartości w porównaniu do poprzedniego badania. Zawartość pozostałych oznaczonych pierwiastków zużyciowych na dopuszczalnym poziomie. Czytelność widma w podczerwieni pogorszona ze względu na zawartość sadzy. Podwyższona zawartość sodu, potasu oraz boru, skokowy przyrost zawartości w porównaniu do poprzednich analiz - pierwiastki są typowe dla zanieczyszczenia oleju płynem chłodniczym. Zawartość wody na dopuszczalnym poziomie. W analizie chromatografii gazowej nie stwierdzono niepokojąco podwyższonej zawartości ON.







Zalecenia i wnioski:

Wskazana jest kontrola stanu układu chłodzenia silnika. Proszę wykonać kolejne badanie po przeprowadzeniu działań korygujących.  ","{""lepkość"": ""w_normie"", ""liczba_zasadowa"": ""w_zakresie_bezpiecznym"", ""temperatura_zapłonu"": ""w_zakresie_bezpiecznym"", ""metale_zużyciowe"": ""w_dopuszczalnym_zakresie"", ""sadza"": ""pogorszony"", ""płyn_chłodniczy"": ""podniesiony"", ""sód"": ""podniesiony"", ""potas"": ""podniesiony"", ""bor"": ""podniesiony"", ""woda"": ""w_dopuszczalnym_zakresie"", ""olej_napędowy"": ""brak_wykrycia""}",2,UWAGA
P2418083,"Lepkość w zakresie typowym dla klasy SAE 40. Wskaźnik lepkości zgodny z wartością deklarowaną przez producenta oleju. Temperatura zapłonu na wysokim, bezpiecznym poziomie. Zawartość dodatków w zakresie oczekiwanym dla oleju Shell Rimula R6 LM 10W-40. Liczba zasadowa na bezpiecznym poziomie. Własności dyspergujące w normie. Nie stwierdzono niepokojąco podwyższonej zawartości cząstek zużyciowych. Zawartość stałych zanieczyszczeń (oznaczona na sączku membranowym) w normie. Zawartość krzemu na dopuszczalnym poziomie. Zawartość wody w normie. Na widmie w podczerwieni nie stwierdzono charakterystycznych pasm świadczących o zanieczyszczeniu oleju płynem chłodniczym. Nie stwierdzono niepokojąco podwyższonej zawartości pierwiastków sugerujących zanieczyszczenie oleju płynem chłodniczym. W badaniu chromatografii gazowej stwierdzono lekko podwyższoną zawartość komponentów ON. 





Zalecenia i wnioski:

Oznaczone parametry mieszczą się w dopuszczalnych zakresach. Proszę obserwować zmiany w kolejnym badaniu zgodnie z przyjętym harmonogramem. ","{""lepkość"": ""w_normie"", ""temperatura_zapłonu"": ""w_zakresie_bezpiecznym"", ""liczba_zasadowa"": ""w_zakresie_bezpiecznym"", ""zanieczyszczenia_stałe"": ""w_normie"", ""własności_filtrujące"": ""w_normie"", ""krzem"": ""w_dopuszczalnym_zakresie"", ""woda"": ""w_normie"", ""płyn_chłodniczy"": ""brak_wykrycia"", ""olej_napędowy"": ""lekko_podniesiony""}",0,W NORMIE
P2418292,"Lepkość lekko obniżona dla klasy SAE 40. Widmo światła podczerwonego FTIR obniżone, co jest charakterystyczne dla silników diesla. Krytycznie niska temperatura zapłonu. Bardzo duża zawartość paliwa w oleju. Własności dyspergujące w normie. Zawartość wody w zakresie prawidłowym. Podwyższona zawartość sodu i potasu może wskazywać na zanieczyszczenie płynem chłodniczym. Wysokie stężenie miedzi i ołowiu. Pozostałe metaliczne produkty zużycia oznaczone w badaniu pierwiastków (cząstki <5 mikronów) w zakresie prawidłowym. Indeks PQ, informujący o cząstkach ferromagnetycznych (niezależnie od rozmiaru) w normie.

Wnioski i zalecenia:

Występuje prawdopodobne zanieczyszczenie płynem chłodniczym (podniesiona zawartość sodu i potasu). Podniesiony poziom miedzi i ołowiu może wskazywać na zwiększone zużycie elementów współpracujących silnika lub/i elementów układu chłodzącego (miedź). Bardzo duża zawartość paliwa w oleju. Zalecana jest wymiana oleju na świeży oraz przeprowadzenie diagnostyki układów(smarny, chłodniczy, paliwowy) pod kątem zlokalizowania i naprawy ewentualnych uszkodzeń. Następną analizę przeprowadzić po wykonaniu zabiegów korygujących. ","{""lepkość"": ""lekko_obniżony"", ""płyn_chłodniczy"": ""podniesiony"", ""sód"": ""podniesiony"", ""potas"": ""podniesiony"", ""pq_indeks"": ""w_normie""}",2,UWAGA
P2418329,"Zawartość dodatków bliska wartości oczekiwanej. Lepkość zgodna z klasą SAE 40. Widmo podczerwieni FTIR obniżone przez zawartość sadzy, jest to typowe dla silników diesla. Brak charakterystycznych pasm świadczących o zanieczyszczeniu płynem chłodniczym. Temperatura zapłonu w normie. Zawartość paliwa lekko podniesiona. Liczba zasadowa w zakresie akceptowalnym. Własności dyspergujące obniżone. Zawartość wody w oleju na poziomie akceptowalnym. Nie stwierdzono podniesionej zawartości zanieczyszczeń oznaczonych w badaniu pierwiastków (cząstki <5 mikronów). Poziom metalicznych produktów zużycia oznaczonych w badaniu pierwiastków (cząstki <5 mikronów) w normie. Indeks PQ, informujący o zawartości cząstek ferromagnetycznych (niezależnie od ich rozmiaru) w prawidłowym zakresie. 

Zalecenia i wnioski:

Obserwować trend w kolejnych badaniach. Następną analizę przeprowadzić zgodnie z harmonogramem diagnostyki. ","{""sadza"": ""obniżony"", ""temperatura_zapłonu"": ""w_normie"", ""paliwo"": ""lekko_podniesiony"", ""liczba_zasadowa"": ""w_akceptowalnym_zakresie"", ""woda"": ""w_akceptowalnym_zakresie"", ""metale_zużyciowe"": ""w_normie""}",0,W NORMIE
P2418396,"Zawartość dodatków w trendzie stałym. Lepkość lekko obniżona dla klasy SAE 40. Rezerwa alkaliczna na bezpiecznym poziomie. Widmo podczerwieni FTIR nie wskazuje na zanieczyszczenie oleju płynem chłodniczym. Parametr i-pH obniżony. Zawartość paliwa w oleju przekracza dopuszczalną wartość. Własności dyspergujące prawidłowe. Temperatura zapłonu w normie. Poziom zanieczyszczeń oznaczonych w badaniu pierwiastków (cząstki <5 mikronów) w normie. Zawartość wody w zakresie prawidłowym (0,02%). Rosnący trend zawartości żelaza i glinu. Poziom metalicznych produktów zużycia oznaczonych w badaniu pierwiastków (cząstki <5 mikronów) w normie. Indeks PQ, wskazujący na zawartość cząstek ferromagnetycznych (niezależnie od rozmiaru) w normie. 

Wnioski i zalecenia:

Ze względu na przekroczenia parametrów dopuszczalnych, olej nie kwalifikuje się do dalszej eksploatacji. Należy niezwłocznie podjąć działania korygujące polegające na wymianie oleju na świeży (zgodny z instrukcją obsługi) oraz poinformowanie serwisu o przeprowadzonej wymianie lub przeprowadzenie wymiany oleju pod nadzorem przedstawiciela serwisu.Przeprowadzić diagnostykę układu zasilania paliwa i usunąć ewentualne uszkodzone elementy. ","{""lepkość"": ""lekko_obniżony"", ""rezerwa_alkaliczna"": ""w_zakresie_bezpiecznym"", ""ph"": ""obniżony"", ""temperatura_zapłonu"": ""w_normie"", ""żelazo"": ""podniesiony"", ""glin"": ""podniesiony"", ""metale_zużyciowe"": ""w_normie"", ""pq_indeks"": ""w_normie""}",1,UWAGA
P2418548,"Lepkość w zakresie typowym dla klasy SAE 40. Wskaźnik lepkości na poziomie typowym dla olejów wielosezonowych. Temperatura zapłonu na bezpiecznym poziomie. Liczba zasadowa na akceptowalnym poziomie. Własności dyspergujące w normie. Nie stwierdzono niepokojąco podwyższonej zawartości cząstek zużyciowych (oznaczonej w badaniu pierwiastków, cząstki <5µm). Zawartość stałych zanieczyszczeń na dopuszczalnym poziomie. Zawartość wody w normie. Na widmie w podczerwieni nie stwierdzono zmian świadczących o zanieczyszczeniu oleju płynem chłodniczym. Nie stwierdzono podwyższonej zawartości pierwiastków świadczących o zanieczyszczeniu oleju płynem chłodniczym. W badaniu chromatografii gazowej stwierdzono lekko podwyższoną zawartość komponentów ON, jednak bez korelacji z lepkością i temperaturą zapłonu. 



Zalecenia i wnioski:

Olej kwalifikuje się do dalszej eksploatacji. Zalecana jest obserwacja zmian w kolejnym badaniu zgodnie z przyjętym harmonogramem diagnostyki.","{""lepkość"": ""w_normie"", ""wskaźnik_lepkości"": ""w_normie"", ""temperatura_zapłonu"": ""w_zakresie_bezpiecznym"", ""liczba_zasadowa"": ""w_akceptowalnym_zakresie"", ""zanieczyszczenia_stałe"": ""w_dopuszczalnym_zakresie"", ""woda"": ""w_normie"", ""płyn_chłodniczy"": ""brak_wykrycia"", ""olej_napędowy"": ""lekko_podniesiony""}",0,W NORMIE
P2418607,"Lepkość w zakresie typowym dla klasy SAE 40. Wskaźnik lepkości na poziomie typowym dla olejów wielosezonowych. Temperatura zapłonu w zakresie granicznym. Nie podaliście Pańswo typu eksploatowanego oleju i z tego powodu niemożliwe jest przedstawienie precyzyjnego komentarza dotyczącego liczby zasadowej, jednak oznaczona wartość jest poniżej wartości oczekiwanej dla oleju żeglugowego. Własności dyspergujące na poziomie akceptowalnym. Zawartość stałych zanieczyszczeń na poziomie akceptowalnym. Zawartość wody podwyższona. Podwyższona zawartość sodu, prawdopodobnie jest to pochodna zanieczyszczenia oleju wodą. Zawartość cząstek zużyciowych na dopuszczalnym poziomie. W badaniu chromatografii gazowej stwierdzono podwyższoną zawartość komponentów ON.



Zalecenia i wnioski:



Proszę zidentyfikować przyczynę obecności wody w oleju. Zalecana jest wymiana oleju na świeży. Proszę wykonac kolejne badanie po przeprowadzeniu działań korygujących. ","{""lepkość"": ""w_normie"", ""wskaźnik_lepkości"": ""w_normie"", ""temperatura_zapłonu"": ""w_zakresie_granicznym"", ""zanieczyszczenia_stałe"": ""w_akceptowalnym_zakresie"", ""woda"": ""podniesiony"", ""sód"": ""podniesiony"", ""metale_zużyciowe"": ""w_dopuszczalnym_zakresie"", ""olej_napędowy"": ""podniesiony""}",2,UWAGA
P2418620,"Zawartość dodatków bliska referencji. Lepkość zgodna dla klasy SAE 40. Widmo podczerwieni FTIR obniżone, co jest typowe dla silników diesla przez występującą sadzę. Brak widm charakterystycznych dla zanieczyszczenia oleju płynem chłodniczym. Liczba zasadowa na bezpiecznym poziomie, nie wskazuje na degradację. Temperatura zapłonu w normie. Zawartość wody w zakresie prawidłowym. Własności dyspergujące prawidłowe. Zawartość zanieczyszczeń oznaczonych w badaniu pierwiastków (cząstki <5 mikronów) w zakresie akceptowalnym. Lekko podwyższona zawartość miedzi, trend spadkowy. Poziom pozostałych metalicznych produktów zużycia oznaczonych w badaniu pierwiastków (cząstki <5 mikronów) w normie. 

Wnioski i zalecenia:

Obserwować trend w kolejnych badaniach. Następną analizę wykonać zgodnie z harmonogramem diagnostyki olejowej. ","{""liczba_zasadowa"": ""w_zakresie_bezpiecznym"", ""temperatura_zapłonu"": ""w_normie"", ""miedź"": ""lekko_podniesiony"", ""metale_zużyciowe"": ""w_normie""}",0,W NORMIE
P2418842,"Zawartość dodatków w trendzie spadkowym. Lepkość obniżona. Liczba zasadowa w normie. Widmo podczerwieni FTIR obniżone, co jest typowe dla silników diesla przez zawartość sadzy. Brak pasm wskazujących na zanieczyszczenie oleju płynem chłodniczym. Własności dyspergujące prawidłowe. Zawartość paliwa podwyższona. Temperatura zapłonu lekko obniżona. Lekko podniesiona zawartość krzemu, sodu, może pochodzić z pyłu/kurzu. Zawartość wody w normie. Skokowy wzrost miedzi i ołowiu. Indeks PQ, informujący o zawartości cząstek ferromagnetycznych (bez względu na rozmiar) w normie. 

Wnioski i zalecenia:

Wskazana jest wymiana oleju na świeży. W związku z podniesioną zawartością miedzi i ołowiu zalecana jest kontrola układu smarowania pod kątem diagnostyki i naprawy ewentualnie uszkodzonych elementów. Podwyższona zawartość paliwa sugeruje konieczność diagnostyki układu zasilania paliwa. Poziom zanieczyszczeń (krzem i sód) może sugerować konieczność kontroli lub/i zmiany filtrów zasilania powietrza. Obserwować trend w kolejnych badaniach, zgodnie z harmonogramem diagnostyki olejowej.","{""lepkość"": ""obniżony"", ""liczba_zasadowa"": ""w_normie"", ""sadza"": ""obniżony"", ""paliwo"": ""podniesiony"", ""temperatura_zapłonu"": ""lekko_obniżony"", ""sód"": ""lekko_podniesiony"", ""krzem"": ""lekko_podniesiony"", ""woda"": ""w_normie"", ""pq_indeks"": ""w_normie""}",2,UWAGA
P2419185,"Lepkość w zakresie typowym klasy SAE 50. Wskaźnik lepkości lekko  poniżej wartości oczekiwanej. Temperatura zapłonu w zakresie granicznym. Oznaczony pakiet dodatków odbiega od posiadanej przez nas referencji oleju Orlen Oil Platinium Ultor Diesel 20W-50, może wskazywać, że w eksploatacji jest olej innego typu lub mieszanina olejów lub/i oznaczone bor oraz molibden mogą być pochodną zanieczyszczenia oleju płynem chłodniczym. Na widmie w podczerwieni nie stwierdzono zmian świadczących o zanieczyszczeniu oleju płynem chłodniczym. Zawartość cząstek zużyciowych oznaczona w badaniu pierwiastków (cząstki <5µm) na dopuszczalnym poziomie. Podwyższony indeks PQ informujący o zawartości cząstek ferromagnetycznych bez względu na rozmiar. Zawartość wody w normie. Liczba zasadowa na bezpiecznym poziomie. Własności dyspergujące w normie. W badaniu chromatografii gazowej stwierdzono podwyższoną zawartość komponentów ON. 



Zalecenia i wnioski:

Podwyższony indeks PQ, bez korelacji z oznaczeniem zawartości pierwiastków, może wskazywać na wysoką dynamikę procesów zużycia w obrębie układu olejowego lub może mieć związek z procedurą poboru próbki. Wskazany jest pilny pobór próbki kontrolnej w celu weryfikacji rezultatu analizy. ","{""lepkość"": ""w_normie"", ""temperatura_zapłonu"": ""w_zakresie_granicznym"", ""płyn_chłodniczy"": ""brak_wykrycia"", ""metale_zużyciowe"": ""w_dopuszczalnym_zakresie"", ""pq_indeks"": ""podniesiony"", ""woda"": ""w_normie"", ""liczba_zasadowa"": ""w_zakresie_bezpiecznym"", ""olej_napędowy"": ""podniesiony""}",2,UWAGA
P2419310,"Oznaczona lepkość w zakresie granicznym dla oleju klasy SAE 40. Liczba zasadowa w normie. Temperatura zapłonu w normie. Poziom metalicznych produktów zużycia oznaczony w badaniu pierwiastków (cząstki o rozmiarach <5µm) w normie. Zawartość paliwa w normie. Własności dyspergujące w normie. Zawartość wody w normie. 
Zalecenia i wnioski:
Przeprowadzić kolejne badanie zgodnie z przyjętym harmonogramem diagnostyki.","{""lepkość"": ""w_zakresie_granicznym"", ""liczba_zasadowa"": ""w_normie"", ""temperatura_zapłonu"": ""w_normie"", ""metale_zużyciowe"": ""w_normie"", ""paliwo"": ""w_normie"", ""woda"": ""w_normie""}",0,W NORMIE
P2419311,"Oznaczona lepkość w zakresie granicznym dla oleju klasy SAE 40. Liczba zasadowa w normie. Temperatura zapłonu w normie. Zawartość miedzi w dopuszczalnym limicie. Zawartość pozostałych metalicznych produktów zużycia oznaczony w badaniu pierwiastków (cząstki o rozmiarach <5µm) w normie. Zawartość paliwa w normie. Własności dyspergujące w normie. Zawartość wody w normie. 
Zalecenia i wnioski:
Przeprowadzić kolejne badanie zgodnie z przyjętym harmonogramem diagnostyki.","{""lepkość"": ""w_zakresie_granicznym"", ""liczba_zasadowa"": ""w_normie"", ""temperatura_zapłonu"": ""w_normie"", ""miedź"": ""w_dopuszczalnym_zakresie"", ""metale_zużyciowe"": ""w_normie"", ""paliwo"": ""w_normie"", ""woda"": ""w_normie""}",1,W NORMIE
P2419405,"Oznaczona lepkość lekko obniżona. Temperatura zapłonu w normie. Zawartość wody w normie. Indeks PQ, informujący o ferromagnetycznych cząstkach (niezależnie od rozmiaru) w normie. Poziom metalicznych produktów zużycia oznaczony w badaniu pierwiastków (cząstki o rozmiarach<5um) w normie. Zawartość paliwa podwyższona. Własności dyspergujące w normie. Liczba zasadowa na dobrym, wysokim poziomie.

Zalecenia i wnioski:

Obserwować zmiany trendu w następnej analizie. Wykonać kolejne badanie zgodnie z przyjętym harmonogramem diagnostyki olejowej.","{""lepkość"": ""lekko_obniżony"", ""temperatura_zapłonu"": ""w_normie"", ""woda"": ""w_normie"", ""pq_indeks"": ""w_normie"", ""metale_zużyciowe"": ""w_normie"", ""paliwo"": ""podniesiony""}",0,W NORMIE
P2419647,"Lepkość w zakresie typowym dla klasy SAE 40. Wskaźnik lepkości na poziomie oczekiwanym dla oleju wielosezonowego. Liczba zasadowa na wysokim, bezpiecznym poziomie. Temperatura zapłonu na dopuszczalnym poziomie. Czytelność widma w podczerwieni pogorszona ze względu na zawartość sadzy. Zawartość boru oraz molibdenu podwyższona, trend rosnący - możliwe pochodzenie to zanieczyszczenie oleju płynem chłodniczym. Zawartość metalicznych produktów zużycia oznaczona w badaniu pierwiastków (cząstki o rozmiarach <5µm) na dopuszczalnym poziomie. Zawartość wody w normie. Podwyższona zawartość stałych zanieczyszczeń (oznaczona na sączku membranowym). Własności dyspergujące w normie, jednak indeks zanieczyszczeń jest znacznie podwyższony. W badaniu chromatografii gazowej stwierdzono podwyższoną zawartość komponentów ON. 



Zalecenia i wnioski:

Wskazana jest wymiana filtru oleju, wskazana jest obserwacja zmian w kolejnym badaniu nie później niż po kolejnych 500mth.","{""lepkość"": ""w_normie"", ""wskaźnik_lepkości"": ""w_normie"", ""liczba_zasadowa"": ""w_zakresie_bezpiecznym"", ""temperatura_zapłonu"": ""w_dopuszczalnym_zakresie"", ""sadza"": ""pogorszony"", ""płyn_chłodniczy"": ""podniesiony"", ""bor"": ""podniesiony"", ""metale_zużyciowe"": ""w_dopuszczalnym_zakresie"", ""woda"": ""w_normie"", ""zanieczyszczenia_stałe"": ""podniesiony"", ""własności_filtrujące"": ""podniesiony"", ""olej_napędowy"": ""podniesiony""}",1,UWAGA
P2419648,"Lepkość w zakresie granicznym klasy SAE 40. Wskaźnik lepkości na poziomie oczekiwanym. Temperatura zapłonu obniżona. Liczba zasadowa na bezpiecznym poziomie. Własności dyspergujące w normie. Zawartość stałych zanieczyszczeń znacznie podwyższona, skokowy przyrost parametru w porównaniu do poprzedniego badania. Zawartość miedzi (oznaczona w badaniu pierwiastków, cząstki <5µm) podwyższona.  Zawartość pozostałych oznaczonych pierwiastków zużyciowych na dopuszczalnym poziomie. Indeks PQ (informujący o zawartości cząstek ferromagnetycznych bez względu na rozmiar) w normie. Zawartość wody lekko podwyższona. Podwyższona zawartość potasu, lekko podwyższona zawartość sodu oraz boru - trend rosnący. Czytelność widma w podczerwieni jest pogorszona ze względu na zawartość sadzy. W badaniu chromatografii gazowej stwierdzono podwyższoną zawartość komponentów ON.



Zalecenia i wnioski:

Wskazana jest wymiana oleju na świeży, kontrola stanu układu chłodzenia. Proszę wykonać kolejne badanie po przeprowadzeniu działań korygujących. ","{""lepkość"": ""w_normie"", ""wskaźnik_lepkości"": ""w_normie"", ""temperatura_zapłonu"": ""obniżony"", ""liczba_zasadowa"": ""w_zakresie_bezpiecznym"", ""zanieczyszczenia_stałe"": ""podniesiony"", ""miedź"": ""podniesiony"", ""metale_zużyciowe"": ""w_dopuszczalnym_zakresie"", ""pq_indeks"": ""w_normie"", ""woda"": ""lekko_podniesiony"", ""sód"": ""podniesiony"", ""potas"": ""podniesiony"", ""bor"": ""podniesiony"", ""sadza"": ""pogorszony"", ""olej_napędowy"": ""podniesiony""}",2,UWAGA
P2420006,"Lepkość w zakresie typowym dla klasy SAE 40. Wskaźnik lepkości lekko powyżej poziomu oczekiwanego dla oleju jednosezonowego. Liczba zasadowa na wysokim, bezpiecznym poziomie. Własności dyspergujące w normie. Oznaczony pakiet dodatków odbiega od posiadanej przez nas referencji oleju świeżego Shell Caprinus HPD 40, sugeruje zmieszanie z olejem innego typu. Temperatura zapłonu na bezpiecznym poziomie. Zawartość pierwiastków zużyciowych na akceptowalnym poziomie. Lekko podwyższona zawartość sodu oraz potasu, prawdopodobnie jest to pochodna zanieczyszczenia oleju płynem chłodniczym i/lub pyłem z otoczenia. Czytelność widma w podczerwieni pogorszona ze względu na zawartość sadzy, jednak na widmie stwierdzono charakterystyczne pasma świadczące o zanieczyszczeniu oleju płynem chłodniczym. Zawartość wody podwyższona. W analizie chromatografii gazowej nie stwierdzono niepokojąco podwyższonej zawartości komponentów ON.  













Zalecenia i wnioski:

Wskazana jest kontrola stanu układu chłodzenia silnika. Olej nie kwalifikuje się do dalszej eksploatacji. Proszę wykonać kolejne badanie po przeprowadzeniu działań korygujących.","{""lepkość"": ""w_normie"", ""liczba_zasadowa"": ""w_zakresie_bezpiecznym"", ""temperatura_zapłonu"": ""w_zakresie_bezpiecznym"", ""metale_zużyciowe"": ""w_akceptowalnym_zakresie"", ""płyn_chłodniczy"": ""lekko_podniesiony"", ""sód"": ""lekko_podniesiony"", ""potas"": ""lekko_podniesiony"", ""sadza"": ""pogorszony"", ""woda"": ""podniesiony"", ""olej_napędowy"": ""brak_wykrycia""}",2,UWAGA
P2420424,"Oznaczona lepkość w zakresie typowym dla klasy SAE 40. Wskaźnik lepkości jest typowy dla olejów wielosezonowych. Liczba zasadowa na dopuszczalnym poziomie. Własności dyspergujące w normie, jednak indeks zanieczyszczeń jest znacznie podwyższony. Temperatura zapłonu na akceptowalnym poziomie. Zawartość cząstek zużyciowych (oznaczona w badaniu pierwiastków, cząstki o rozmiarach <5µm) na dopuszczalnym poziomie. Indeks PQ (informujący o zawartości cząstek ferromagnetycznych niezależnie od rozmiaru) w normie. Widmo w podczerwieni nieczytelne ze względu na zawartość sadzy. Zawartość boru, sodu i potasu w trendzie rosnącym, sugeruje zanieczyszczenie oleju płynem chłodniczym. Zawartość wody w normie. Zawartość stałych zanieczyszczeń (oznaczona metodą wagową na membranie filtracyjnej 0,8µm) lekko podwyższona. W badaniu chromatografii gazowej stwierdzono podwyższoną zawartość komponentów ON. 



Zalecenia i wnioski:

Zalecana jest kontrola stanu układu chłodzenia, wymiana oleju na świeży. Proszę wykonać kolejne badanie po przeprowadzeniu działań korygujących. ","{""lepkość"": ""w_normie"", ""liczba_zasadowa"": ""w_dopuszczalnym_zakresie"", ""temperatura_zapłonu"": ""w_akceptowalnym_zakresie"", ""metale_zużyciowe"": ""w_dopuszczalnym_zakresie"", ""pq_indeks"": ""w_normie"", ""płyn_chłodniczy"": ""podniesiony"", ""sód"": ""podniesiony"", ""potas"": ""podniesiony"", ""bor"": ""podniesiony"", ""woda"": ""w_normie"", ""zanieczyszczenia_stałe"": ""lekko_podniesiony"", ""własności_filtrujące"": ""lekko_podniesiony"", ""olej_napędowy"": ""podniesiony""}",1,UWAGA
P2420612,"Lepkość w normie dla oleju klasy SAE 40. Temperatura zapłonu w normie. Klasa czystości pogorszona, jednak jest to typowe dla oleju silnikowego pochodzącego z eksploatacji. Zawartość wody w normie. Indeks PQ w normie. Skłonność do pienienia w normie. Rezerwa alkaliczna na bezpiecznym poziomie.

Zalecenia i wnioski:

Wykonać kolejne badanie zgodnie z przyjętym harmonogramem. ","{""lepkość"": ""w_normie"", ""temperatura_zapłonu"": ""w_normie"", ""klasa_czystości"": ""pogorszony"", ""woda"": ""w_normie"", ""pq_indeks"": ""w_normie"", ""pienienie"": ""w_normie"", ""rezerwa_alkaliczna"": ""w_zakresie_bezpiecznym""}",0,W NORMIE
P2420619,"Lepkość w normie dla oleju klasy SAE 40. Temperatura zapłonu w normie. Klasa czystości pogorszona, jednak jest to typowe dla oleju silnikowego pochodzącego z eksploatacji. Zawartość wody w normie. Indeks PQ w normie. Skłonność do pienienia w normie. Rezerwa alkaliczna na bezpiecznym poziomie.

Zalecenia i wnioski:

Wykonać kolejne badanie zgodnie z przyjętym harmonogramem. ","{""lepkość"": ""w_normie"", ""temperatura_zapłonu"": ""w_normie"", ""klasa_czystości"": ""pogorszony"", ""woda"": ""w_normie"", ""pq_indeks"": ""w_normie"", ""pienienie"": ""w_normie"", ""rezerwa_alkaliczna"": ""w_zakresie_bezpiecznym""}",0,W NORMIE
P2420620,"Lepkość w normie dla oleju klasy SAE 40. Temperatura zapłonu w normie. Klasa czystości pogorszona, jednak jest to typowe dla oleju silnikowego pochodzącego z eksploatacji. Zawartość wody w normie. Indeks PQ w normie. Skłonność do pienienia w normie. Rezerwa alkaliczna na bezpiecznym poziomie.

Zalecenia i wnioski:

Wykonać kolejne badanie zgodnie z przyjętym harmonogramem. ","{""lepkość"": ""w_normie"", ""temperatura_zapłonu"": ""w_normie"", ""klasa_czystości"": ""pogorszony"", ""woda"": ""w_normie"", ""pq_indeks"": ""w_normie"", ""pienienie"": ""w_normie"", ""rezerwa_alkaliczna"": ""w_zakresie_bezpiecznym""}",0,W NORMIE
P2420893,"Oznaczona lepkość wskazuje na olej klasy SAE 20. Rezerwa alkaliczna (wzajemna korelacja liczby zasadowej i liczby kwasowej) uległa wyczerpaniu. Parametr i-pH obniżony. Zawartość krzemu podwyższona. Temperatura zapłonu w normie. Zawartość wody w normie. Zawartość manganu wyraźnie podwyższona. Zawartość żelaza podwyższona. Poziom pozostałych metalicznych produktów zużycia w normie. Indeks PQ w normie. Zawartość paliwa lekko podwyższona. Własności dyspergujące w normie.
Zalecenia i wnioski:
Olej należy wymienić na świeży jeżeli jeszcze to nie nastąpiło. Obserwować zmiany trendu w następnej analizie. Przeprowadzić kolejne badanie po przejechaniu 15000 km.","{""lepkość"": ""w_normie"", ""ph"": ""obniżony"", ""krzem"": ""podniesiony"", ""temperatura_zapłonu"": ""w_normie"", ""woda"": ""w_normie"", ""żelazo"": ""podniesiony"", ""metale_zużyciowe"": ""w_normie"", ""pq_indeks"": ""w_normie"", ""paliwo"": ""lekko_podniesiony""}",1,UWAGA
P2420921,"Lepkość mieści się w zakresie typowym dla klasy SAE 40. Wskaźnik lepkości na poziomie oczekiwanym dla oleju wielosezonowego. Liczba zasadowa na bezpiecznym poziomie. Własności dyspergujące w normie. Temperatura zapłonu na bezpiecznym poziomie. W porównaniu do poprzedniej analizy stwierdzono jedynie nieznaczny przyrost zawartości cząstek zużyciowych. Na widmie w podczerwieni nie stwierdzono charakterystycznych pasm świadczących o zanieczyszczeniu oleju płynem chłodniczym. Nie stwierdzono niepokojąco podwyższonej zawartości pierwiastków wskazujących  zanieczyszczenie oleju płynem chłodniczym. Zawartość ON lekko podwyższona. Zawartość wody w normie.



Zalecenia i wnioski:

Oznaczone parametry mieszczą się w akceptowalnych zakresach. Proszę obserwować zmiany w kolejnym badaniu zgodnie z przyjętym harmonogramem.","{""lepkość"": ""w_normie"", ""wskaźnik_lepkości"": ""w_normie"", ""liczba_zasadowa"": ""w_zakresie_bezpiecznym"", ""temperatura_zapłonu"": ""w_zakresie_bezpiecznym"", ""metale_zużyciowe"": ""podniesiony"", ""płyn_chłodniczy"": ""brak_wykrycia"", ""olej_napędowy"": ""lekko_podniesiony"", ""woda"": ""w_normie""}",2,W NORMIE
P2421090,"Lepkość lekko obniżona dla oleju klasy SAE 40. Temperatura zapłonu na bezpiecznym poziomie. Własności dyspergujące w normie. Zawartość cząstek zużyciowych (oznaczonych w badaniu pierwiastków, cząstki <5µm) w normie. Zawartość stałych zanieczyszczeń w normie. Lekko podwyższona zawartość krzemu, co może mieć związek z zanieczyszczeniem mineralnym spoza układu. Zawartość wody w normie. Na widmie w podczerwieni nie stwierdzono zmian świadczących o zanieczyszczeniu oleju płynem chłodniczym. Nie stwierdzono niepokojąco podwyższonej zawartości pierwiastków wskazujących na zanieczyszczenie oleju płynem chłodniczym. Zawartość paliwa oznaczona w badaniu chromatografii gazowej w normie.

Zalecenia i wnioski:

Ze względu na lekko obniżoną lepkość zaleca się przysłać kolejną próbkę do badania za około 500 mth. Proszę obserwować zmiany w następnej analizie. ","{""lepkość"": ""lekko_obniżony"", ""temperatura_zapłonu"": ""w_zakresie_bezpiecznym"", ""metale_zużyciowe"": ""w_normie"", ""zanieczyszczenia_stałe"": ""w_normie"", ""krzem"": ""lekko_podniesiony"", ""woda"": ""w_normie"", ""płyn_chłodniczy"": ""brak_wykrycia"", ""paliwo"": ""w_normie""}",0,W NORMIE
P2421724,"Lepkość w zakresie typowym dla klasy SAE 40. Wskaźnik lepkości na poziomie oczekiwanym dla oleju Total Disola MR4015. Temperatura zapłonu na wysokim, bezpiecznym poziomie. Liczba zasadowa na wysokim, bezpiecznym poziomie. Własności dyspergujące w normie, jednak indeks zanieczyszczeń jest podwyższony. Zawartość żelaza oraz ołowiu (oznaczona w badaniu pierwiastków, cząstki <5µm) podwyższona, skokowy wzrost zawartości w porównaniu do poprzednich analiz. Zawartość pozostałych oznaczonych pierwiastków zużyciowych oraz indeks PQ (informujący o zawartości cząstek ferromagnetycznych bez względu na rozmiar) w normie. Zawartość stałych zanieczyszczeń (oznaczona metodą wagową) na dopuszczalnym poziomie. Zawartość wody w normie. Widmo w podczerwieni nieczytelne ze względu na wysoką zawartość sadzy. Nie stwierdzono podwyższonej zawartości pierwiastków wskazujących na zanieczyszczenie oleju płynem chłodniczym. W badaniu chromatografii gazowej stwierdzono lekko podwyższoną zawartość komponentów ON.



Zalecenia i wnioski:

Zalecana jest wymiana oleju na świeży. Proszę obserwować zmiany w kolejnych analizach po przeprowadzeniu działań korygujących.","{""lepkość"": ""w_normie"", ""wskaźnik_lepkości"": ""w_normie"", ""temperatura_zapłonu"": ""w_zakresie_bezpiecznym"", ""liczba_zasadowa"": ""w_zakresie_bezpiecznym"", ""żelazo"": ""podniesiony"", ""ołów"": ""podniesiony"", ""pq_indeks"": ""w_normie"", ""metale_zużyciowe"": ""w_normie"", ""zanieczyszczenia_stałe"": ""w_dopuszczalnym_zakresie"", ""woda"": ""w_normie"", ""płyn_chłodniczy"": ""brak_wykrycia"", ""olej_napędowy"": ""lekko_podniesiony""}",1,UWAGA
P2422516,"Lepkość zgodna dla olejów klasy SAE 40. Widmo podczerwieni FTIR nieznacznie obniżone względem referencji, co jest typowe dla silników diesla przez występowanie sadzy. Liczba zasadowa na bezpiecznym, wysokim poziomie. Zawartość paliwa na dobrym, niskim poziomie. Własności dyspergujące prawidłowe. Zawartość wody w normie. Temperatura zapłonu na bezpiecznym poziomie. Zawartość zanieczyszczeń oznaczonych w badaniu pierwiastków (cząstki <5 mikronów) w normie. Poziom cząstek zużyciowych (<5 mikronów) oznaczonych w badaniu pierwiastków w normie. 

Wnioski i zalecenia:

Obserwować trend w kolejnych badaniach. Następną analizę przeprowadzić zgodnie z harmonogramem diagnostyki. ","{""sadza"": ""nieznacznie_obniżony"", ""woda"": ""w_normie"", ""temperatura_zapłonu"": ""w_zakresie_bezpiecznym"", ""metale_zużyciowe"": ""w_normie""}",0,W NORMIE
P2500014,"Lepkość w zakresie granicznym klasy SAE 40. Wskaźnik lepkości na poziomie typowym dla olejów wielosezonowych. Temperatura zapłonu obniżona. Liczba zasadowa na bezpiecznym poziomie. Własności dyspergujące w normie. Zawartość stałych zanieczyszczeń na akceptowalnym poziomie. Zawartość miedzi (oznaczona w badaniu pierwiastków, cząstki <5µm) podwyższona, trend rosnący.  Zawartość pozostałych oznaczonych pierwiastków zużyciowych na dopuszczalnym poziomie. Indeks PQ (informujący o zawartości cząstek ferromagnetycznych bez względu na rozmiar) w normie. Zawartość wody na dopuszczalnym poziomie. Podwyższona zawartość potasu oraz boru, lekko podwyższona zawartość sodu  - trend rosnący. Widmo w podczerwieni jest nieczytelne ze względu na zawartość sadzy. Zawartość ON lekko podwyższona.



Zalecenia i wnioski:

Wskazana jest wymiana oleju na świeży, kontrola stanu układu chłodzenia. Proszę wykonać kolejne badanie po przeprowadzeniu działań korygujących.  ","{""lepkość"": ""w_normie"", ""wskaźnik_lepkości"": ""w_normie"", ""temperatura_zapłonu"": ""obniżony"", ""liczba_zasadowa"": ""w_zakresie_bezpiecznym"", ""zanieczyszczenia_stałe"": ""w_akceptowalnym_zakresie"", ""miedź"": ""podniesiony"", ""metale_zużyciowe"": ""w_dopuszczalnym_zakresie"", ""pq_indeks"": ""w_normie"", ""woda"": ""w_dopuszczalnym_zakresie"", ""sód"": ""podniesiony"", ""potas"": ""podniesiony"", ""bor"": ""podniesiony"", ""olej_napędowy"": ""lekko_podniesiony""}",2,UWAGA
P2500310,"Lepkość odpowiada klasie SAE 40. Temperatura zapłonu w normie. Zawartość paliwa w normie. Własności dyspergujące prawidłowe. Zawartość wody w normie. Dodatki uszlachetniające wskazują na olej klasy CB. Liczba zasadowa w zakresie akceptowalnym dla olejów jednosezonowych klasy CB. Zawartość zanieczyszczeń oznaczonych w badaniu pierwiastków (cząstki <5 mikronów) w zakresie dopuszczalnym. Lekko podwyższona zawartość żelaza. Wysoka zawartość ołowiu. Poziom pozostałych cząstek zużyciowych (<5 mikronów) oznaczonych w badaniu pierwiastków w zakresie akceptowalnym. 

Wnioski i zalecenia:

W związku z wysoką zawartością cząstek zużyciowych zalecana jest inspekcja układu. Wymienić olej na świeży. Obserwować trend w kolejnym badaniu za 250 mth. ","{""temperatura_zapłonu"": ""w_normie"", ""paliwo"": ""w_normie"", ""woda"": ""w_normie"", ""liczba_zasadowa"": ""w_akceptowalnym_zakresie"", ""żelazo"": ""lekko_podniesiony"", ""ołów"": ""podniesiony"", ""metale_zużyciowe"": ""w_akceptowalnym_zakresie""}",1,UWAGA
P2500500,"Lepkość kinematyczna w 100°C oraz temperatura zapłonu niemożliwe do oznaczenia ze względu na stan próbki. Liczba zasadowa na bezpiecznym poziomie. Własności dyspergujące lekko pogorszone. Widmo w podczerwieni świadczy o obecności płynu chłodniczego w dostarczonej próbce. Zawartość stałych zanieczyszczeń na dopuszczalnym poziomie. Zawartość wody w podwyższona. Lekko podwyższona zawartość miedzi. Zawartość pozostałych oznaczonych pierwiastków zużyciowych na dopuszczalnym poziomie. Podwyższona zawartość sodu, potasu oraz boru wskazuje na zanieczyszczenie oleju płynem chłodniczym. W badaniu chromatografii gazowej stwierdzono lekko podwyższoną zawartość komponentów ON.





Zalecenia i wnioski:

Olej nie kwalifikuje się do dalszej eksploatacji. Wskazana jest kontrola stanu układu chłodzenia. Proszę wykonać kolejne badanie po przeprowadzeniu działań korygujących. ","{""liczba_zasadowa"": ""w_zakresie_bezpiecznym"", ""zanieczyszczenia_stałe"": ""w_dopuszczalnym_zakresie"", ""woda"": ""podniesiony"", ""miedź"": ""lekko_podniesiony"", ""metale_zużyciowe"": ""w_dopuszczalnym_zakresie"", ""płyn_chłodniczy"": ""podniesiony"", ""sód"": ""podniesiony"", ""potas"": ""podniesiony"", ""bor"": ""podniesiony"", ""olej_napędowy"": ""lekko_podniesiony""}",2,UWAGA
P2500692,"Lepkość w zakresie typowym dla klasy SAE 40. Wskaźnik lepkości zgodny z wartością deklarowaną przez producenta oleju. Własności dyspergujące w normie. Temperatura zapłonu na bezpiecznym poziomie. Liczba zasadowa na dopuszczalny, bezpiecznym poziomie. Oznaczony pakiet dodatków jest typowy dla oleju Shell Rimula R4L 15W-40. Nie stwierdzono niepokojąco podwyższonej zawartości metalicznych produktów zużycia (oznaczonej w badaniu pierwiastków, cząstki o rozmiarach <5µm). Nie stwierdzono niepokojąco podwyższonej zawartości pierwiastków wskazujących na zanieczyszczenie oleju płynem chłodniczym. Na widmie w podczerwieni nie stwierdzono charakterystycznych zmian świadczących o zanieczyszczeniu oleju płynem chłodniczym. Zawartość wody w normie. W badaniu chromatografii gazowej stwierdzono lekko podwyższoną zawartość komponentów ON. Własności dyspergujące w normie.



Zalecenia i wnioski:

Proszę wykonać kolejne badanie oraz przeprowadzić wymianę oleju na świeży zgodnie z przyjętym harmonogramem.   ","{""lepkość"": ""w_normie"", ""temperatura_zapłonu"": ""w_zakresie_bezpiecznym"", ""liczba_zasadowa"": ""w_zakresie_bezpiecznym"", ""płyn_chłodniczy"": ""brak_wykrycia"", ""woda"": ""w_normie"", ""olej_napędowy"": ""lekko_podniesiony""}",0,W NORMIE
P2500893,"Oznaczona lepkość wskazuje na olej klasy SAE 30. Rezerwa alkaliczna bliska wyczerpaniu. Parametr i-pH obniżony. Temperatura zapłonu metodą Clevelanda w normie. Zawartość wody w normie. Zawartość żelaza lekko podwyższona. Poziom pozostałych metalicznych produktów zużycia oznaczony w badaniu pierwiastków (cząstki o rozmiarach <5µm) w normie. Indeks PQ, informujący o magnetycznych ferrocząstkach (niezależnie od rozmiaru cząstek) w normie. Własności dyspergujące w normie. Zawartosc paliwa znacznie podwyższona.

Zalecenia i wnioski:

Olej nie kwalifikuje się do dalszej eksploatacji - proszę wymienić olej na świeży. Proszę wykonać inspekcję układu doprowadzania paliwa. Przeprowadzić kolejne badanie nie później niż za miesiąc.","{""lepkość"": ""w_normie"", ""ph"": ""obniżony"", ""temperatura_zapłonu"": ""w_normie"", ""woda"": ""w_normie"", ""żelazo"": ""lekko_podniesiony"", ""metale_zużyciowe"": ""w_normie"", ""pq_indeks"": ""w_normie""}",2,UWAGA
P2501082,"Oznaczona lepkość w normie dla oleju klasy SAE 40. Rezerwa alkaliczna w zakresie granicznym. Parametr i-pH na akceptowalnym poziomie. Temperatura zapłonu w normie. Zawartość wody w normie (0,01%). Zawartość krzemu podwyższona. Podwyższona zawartość żelaza oraz glinu oznaczona w badaniu pierwiastków (cząstki o rozmiarach <5um). Zawartość pozostałych oznaczonych pierwiastków zużyciowych oraz indeks PQ, informujący o zawartości cząstek ferromagnetycznych (niezależnie od rozmiaru cząstek), na akceptowalnym poziomie. Zawartość paliwa w normie. Własności dyspergujące w normie.

Zalecenia i wnioski:

Ze względu na przekroczenia parametrów dopuszczalnych, olej nie kwalifikuje się do dalszej eksploatacji. Należy niezwłocznie podjąć działania korygujące polegające na wymianie oleju na świeży (zgodny z instrukcją obsługi) oraz poinformowanie serwisu o przeprowadzonej wymianie lub przeprowadzenie wymiany oleju pod nadzorem przedstawiciela serwisu.","{""lepkość"": ""w_normie"", ""rezerwa_alkaliczna"": ""w_zakresie_granicznym"", ""ph"": ""w_akceptowalnym_zakresie"", ""temperatura_zapłonu"": ""w_normie"", ""woda"": ""w_normie"", ""krzem"": ""podniesiony"", ""żelazo"": ""podniesiony"", ""glin"": ""podniesiony"", ""pq_indeks"": ""w_akceptowalnym_zakresie"", ""metale_zużyciowe"": ""w_akceptowalnym_zakresie"", ""paliwo"": ""w_normie""}",2,UWAGA
P2501191,"Lepkość w zakresie typowym dla klasy SAE 40. Wskaźnik lepkości jest typowy dla oleju jednosezonowego. Oznaczony pakiet dodatków lekko odbiega od posiadanej przez nas referencji oleju świeżego Shell Caprinus HPD 40. Próbka zachowuje się w sposób nietypowy podczas oznaczenia temperatury zapłonu. Zawartość pierwiastków zużyciowych na akceptowalnym poziomie. Lekko podwyższona zawartość sodu, trend malejący. Czytelność widma w podczerwieni pogorszona, jednak na widmie stwierdzono charakterystyczne pasma wskazujące na podwyższoną zawartość wody, nie stwierdzono pasm sugerujących obecność glikolu. Zawartość wody podwyższona. Nie stwierdzono podwyższonej zawartości ON. Własności dyspergujące w normie. Liczba zasadowa na wysokim, bezpiecznym poziomie.







Zalecenia i wnioski:

Procedura poboru próbki mogła mieć wpływ na rezultaty badań. Zalecany jest pobór próbki kontrolnej w celu weryfikacji wyniku oznaczenia. Jeżeli dostarczone próbka jest reprezentatywna wskazana jest wymiana oleju na świeży. ","{""lepkość"": ""w_normie"", ""temperatura_zapłonu"": ""nietypowy"", ""metale_zużyciowe"": ""w_akceptowalnym_zakresie"", ""sód"": ""lekko_podniesiony"", ""glikol"": ""brak_wykrycia"", ""woda"": ""podniesiony"", ""olej_napędowy"": ""brak_wykrycia"", ""liczba_zasadowa"": ""w_zakresie_bezpiecznym""}",1,UWAGA
P2501194,"Lepkość w zakresie typowym dla klasy SAE 40. Wskaźnik lepkości w zakresie oczekiwanym dla olejów wielosezonowych. Temperatura zapłonu na bezpiecznym poziomie. Zawartość metalicznych produktów zużycia oznaczona w badaniu pierwiastków (cząstki o rozmiarach <5µm) w normie.  Na widmie w podczerwieni nie stwierdzono charakterystycznych zmian świadczących o zanieczyszczeniu oleju płynem chłodniczym. Zawartość wody w normie. W badaniu chromatografii gazowej  stwierdzono lekko podwyższoną zawartość ON. Własności dyspergujące w normie. Liczba zasadowa na wysokim bezpiecznym poziomie. 



Zalecenia i wnioski:

Olej kwalifikuje się do dalszej eksploatacji. Zalecana jest obserwacja zmian w kolejnych badaniach zgodnie z przyjętym harmonogramem diagnostyki.","{""lepkość"": ""w_normie"", ""temperatura_zapłonu"": ""w_zakresie_bezpiecznym"", ""metale_zużyciowe"": ""w_normie"", ""płyn_chłodniczy"": ""brak_wykrycia"", ""woda"": ""w_normie"", ""olej_napędowy"": ""lekko_podniesiony"", ""liczba_zasadowa"": ""w_zakresie_bezpiecznym""}",0,W NORMIE
P2501261,"Lepkość w zakresie typowym dla klasy SAE 40. Wskaźnik lepkości na poziomie oczekiwanym. Temperatura zapłonu na bezpiecznym poziomie. Własności dyspergujące w normie. Zawartość dodatków na oczekiwanym poziomie. Liczba zasadowa na wysokim, bezpiecznym poziomie. Zawartość cząstek zużyciowych w normie. Zawartość wody na dopuszczalnym poziomie. Nie stwierdzono niepokojącego zanieczyszczenia oleju. W analizie chromatografii gazowej stwierdzono lekko podwyższoną zawartość komponentów ON.



Zalecenia i wnioski:

Proszę obserwować zmiany w kolejnej analizie zgodnie z przyjętym harmonogramem diagnostyki.","{""lepkość"": ""w_normie"", ""wskaźnik_lepkości"": ""w_normie"", ""temperatura_zapłonu"": ""w_zakresie_bezpiecznym"", ""liczba_zasadowa"": ""w_zakresie_bezpiecznym"", ""metale_zużyciowe"": ""w_normie"", ""woda"": ""w_dopuszczalnym_zakresie"", ""olej_napędowy"": ""lekko_podniesiony""}",0,W NORMIE
P2501289,"Oznaczona lepkość w zakresie typowym dla klasy SAE 40. Wskaźnik lepkości jest typowy dla olejów wielosezonowych. Liczba zasadowa na bezpiecznym poziomie. Własności dyspergujące w normie, jednak stwierdzono podwyższony indeks zanieczyszczeń. Temperatura zapłonu na akceptowalnym poziomie. Zawartość cząstek zużyciowych (oznaczona w badaniu pierwiastków, cząstki o rozmiarach <5µm) oraz indeks PQ (informujący o zawartości cząstek ferromagnetycznych niezależnie od rozmiaru) w normie. Na widmie w podczerwieni nie stwierdzono charakterystycznych pasm świadczących o obecności płynu chłodniczego w dostarczonej próbce. Lekko podwyższona zawartość sodu i potasu, prawdopodobnie jest to pochodna zanieczyszczenia oleju płynem chłodniczym. Zawartość wody w normie. Zawartość stałych zanieczyszczeń na dopuszczalnym poziomie. W badaniu chromatografii gazowej stwierdzono lekko podwyższoną zawartość komponentów oleju napędowego. 



Zalecenia i wnioski:

Olej warunkowo kwalifikuje się do eksploatacji. Wskazana jest obserwacja zmian w kolejnym badaniu  po 250mth.","{""lepkość"": ""w_normie"", ""liczba_zasadowa"": ""w_zakresie_bezpiecznym"", ""temperatura_zapłonu"": ""w_akceptowalnym_zakresie"", ""pq_indeks"": ""w_normie"", ""metale_zużyciowe"": ""w_normie"", ""płyn_chłodniczy"": ""lekko_podniesiony"", ""sód"": ""lekko_podniesiony"", ""potas"": ""lekko_podniesiony"", ""woda"": ""w_normie"", ""zanieczyszczenia_stałe"": ""w_dopuszczalnym_zakresie"", ""olej_napędowy"": ""lekko_podniesiony""}",1,UWAGA
P2501387,"Lepkość w zakresie typowym dla klasy SAE 40. Wskaźnik lepkości na poziomie typowym dla oleju wielosezonowego. Liczba zasadowa na wysokim, bezpiecznym poziomie. Własności dyspergujące w normie. Temperatura zapłonu na bezpiecznym poziomie. Nie stwierdzono niepokojąco podwyższonej zawartości cząstek zużyciowych. Nie stwierdzono niepokojąco podwyższonej zawartości pierwiastków wskazujących na zanieczyszczenie oleju płynem chłodniczym. Na widmie w podczerwieni nie stwierdzono zmian świadczących o zanieczyszczeniu oleju płynem chłodniczym. Zawartość wody w normie. W badaniu chromatografii gazowej stwierdzono lekko podwyższoną zawartość komponentów ON, jednak bez korelacji ze znaczącym obniżeniem lepkości lub temp. zapłonu.



Zalecenia i wnioski:

Oznaczone parametry mieszczą się w dopuszczalnych zakresach. Olej kwalifikuje się do dalszej eksploatacji. Zalecana jest obserwacja zmian w kolejnych badaniach zgodnie z przyjętym harmonogramem.","{""lepkość"": ""lekko_podniesiony"", ""wskaźnik_lepkości"": ""w_normie"", ""liczba_zasadowa"": ""w_zakresie_bezpiecznym"", ""temperatura_zapłonu"": ""w_zakresie_bezpiecznym"", ""płyn_chłodniczy"": ""brak_wykrycia"", ""woda"": ""w_normie"", ""olej_napędowy"": ""lekko_podniesiony""}",0,W NORMIE
P2501749,"Lepkość w zakresie typowym dla klasy SAE 40. Wskaźnik lepkości jest typowy dla olejów wielosezonowych. Liczba zasadowa na bezpiecznym poziomie. Własności dyspergujące w normie. Temperatura zapłonu na bezpiecznym poziomie. Zawartość miedzi na dopuszczalnym poziomie, nie stwierdzono przyrostu w porównaniu do poprzednich analiz. Zawartość pozostałych metalicznych produktów zużycia (oznaczona w badaniu pierwiastków, cząstki o rozmiarach <5µm) oraz indeks PQ (informujący o zawartości cząstek ferromagnetycznych niezależnie od rozmiaru) w normie. Na widmie w podczerwieni nie stwierdzono charakterystycznych zmian świadczących o zanieczyszczeniu oleju płynem chłodniczym. Nie stwierdzono niepokojąco podwyższonej zawartości pierwiastków sugerujących zanieczyszczenie oleju płynem chłodniczym. Zawartość wody w normie. Zawartość stałych zanieczyszczeń w normie. W badaniu chromatografii gazowej stwierdzono lekko podwyższoną zawartość komponentów ON. 



Zalecenia i wnioski:

Oznaczone parametry mieszczą się w dopuszczalnych zakresach. Olej kwalifikuje się do dalszej eksploatacji. Zalecana jest obserwacja zmian w kolejnych badaniach zgodnie z przyjętym harmonogramem diagnostyki.  ","{""lepkość"": ""w_normie"", ""liczba_zasadowa"": ""w_zakresie_bezpiecznym"", ""temperatura_zapłonu"": ""w_zakresie_bezpiecznym"", ""pq_indeks"": ""w_normie"", ""metale_zużyciowe"": ""w_normie"", ""płyn_chłodniczy"": ""brak_wykrycia"", ""woda"": ""w_normie"", ""zanieczyszczenia_stałe"": ""w_normie"", ""olej_napędowy"": ""lekko_podniesiony""}",0,W NORMIE
P2501766,"Lepkość w normie dla oleju klasy SAE 40.  Widmo podczerwieni FTIR nieznacznie obniżone przez zawartość sadzy, co typowe dla silników diesla. Nie wykazuje pasm charakterystycznych dla zanieczyszczenia oleju płynem chłodniczym. Zawartość paliwa w oleju na niskim, prawidłowym poziomie. Liczba zasadowa w normie. Własności dyspergujące prawidłowe. Temperatura zapłonu na bezpiecznym poziomie. Zawartość wody w normie. Poziom cząstek zużyciowych (<5 mikronów) oznaczonych w badaniu pierwiastków w normie. 

Wnioski i zalecenia:

Obserwować trend w kolejnych badaniach. Następną analizę przeprowadzić zgodnie z harmonogramem diagnostyki olejowej. ","{""lepkość"": ""w_normie"", ""sadza"": ""nieznacznie_obniżony"", ""liczba_zasadowa"": ""w_normie"", ""temperatura_zapłonu"": ""w_zakresie_bezpiecznym"", ""woda"": ""w_normie"", ""metale_zużyciowe"": ""w_normie""}",0,W NORMIE
P2501783,"Lepkość mieści się w zakresie typowym dla klasy SAE 40. Wskaźnik lepkości jest typowy dla olejów wielosezonowych. Temperatura zapłonu na bezpiecznym poziomie.  Liczba zasadowa na wysokim, bezpiecznym poziomie. Własności dyspergujące w normie. Nie stwierdzono niepokojąco podwyższonej zawartości cząstek zużyciowych. Zawartość stałych ciał obcych na akceptowalnym poziomie. Zawartość wody w normie. Nie podaliście Państwo pełnej nazwy eksploatowanego oleju i z tego powodu niemożliwe jest przedstawienie precyzyjnego komentarza dotyczącego oznaczonej zawartości dodatków. Na widmie w podczerwieni nie stwierdzono charakterystycznych zmian świadczących o zanieczyszczeniu oleju płynem chłodniczym. W badaniu chromatografii gazowej stwierdzono jedynie lekko podwyższoną zawartość komponentów ON. 



Zalecenia i wnioski:

Proszę obserwować zmiany w kolejnym badaniu zgodnie z przyjętym harmonogramem diagnostyki.    ","{""lepkość"": ""w_normie"", ""temperatura_zapłonu"": ""w_zakresie_bezpiecznym"", ""liczba_zasadowa"": ""w_zakresie_bezpiecznym"", ""stałe_ciała_obce"": ""w_akceptowalnym_zakresie"", ""woda"": ""w_normie"", ""płyn_chłodniczy"": ""brak_wykrycia"", ""olej_napędowy"": ""lekko_podniesiony""}",0,W NORMIE
P2502083,"Oznaczona lepkość lekko obniżona dla oleju klasy SAE 40. Zawartość paliwa podwyższona, trend rosnący. Widmo podczerwieni FTIR odpowiada referencji. Temperatura zapłonu w zakresie akceptowalnym. Liczba zasadowa w normie, trend spadkowy. Własności dyspergujące w normie. Zawartość wody na dobrym, niskim jak dla olejów silnikowych poziomie. Poziom cząstek zużyciowych (<5 mikronów) oznaczonych w badaniu pierwiastków w normie. Indeks PQ, informujący o zawartości cząstek ferromagnetycznych (bez względu na rozmiar) w zakresie prawidłowym. 

Wnioski i zalecenia:

W związku z lekko obniżoną lepkością skorelowaną z podwyższoną zawartością paliwa zaleca się przeprowadzić inspekcję układu doprowadzania paliwa, oraz wymianę oleju na świeży. Obserwować trend w kolejnych badaniach. Następną analizę przeprowadzić po wykonaniu zabiegów korygujących.  ","{""lepkość"": ""lekko_obniżony"", ""paliwo"": ""podniesiony"", ""temperatura_zapłonu"": ""w_akceptowalnym_zakresie"", ""liczba_zasadowa"": ""w_normie"", ""metale_zużyciowe"": ""w_normie""}",1,UWAGA
